x,y,STATION_NAME,CLIMATE_IDENTIFIER,ID,PERIOD,CURRENT_FLAG,NORMAL_CODE,NORMAL_ID,PUBLICATION_CODE,DATE_CALCULATED,FIRST_OCCURRENCE_DATE,PROVINCE_CODE,PERIOD_BEGIN,PERIOD_END,FIRST_YEAR,FIRST_YEAR_NORMAL_PERIOD,LAST_YEAR,LAST_YEAR_NORMAL_PERIOD,YEAR_COUNT_NORMAL_PERIOD,TOTAL_OBS_COUNT,OCCURRENCE_COUNT,MAX_DURATION_MISSING_YEARS,PERCENT_OF_POSSIBLE_OBS,E_NORMAL_ELEMENT_NAME,F_NORMAL_ELEMENT_NAME,MONTH,VALUE,STN_ID
-80.38333333333334,43.45,WATERLOO WELLINGTON A,6149387,4832.1.1,NORM,Y,C,1,1,2012-10-19 20:14:22,,ON,1981,2010,,1981,,2002,22,682,,0,100,Mean daily temperature deg C,Température moyenne quotidienne en degree C,1,-6.47,4832
-80.38333333333334,43.45,WATERLOO WELLINGTON A,6149387,4832.1.2,NORM,Y,C,1,1,2012-10-19 20:14:22,,ON,1981,2010,,1981,,2002,22,621,,0,100,Mean daily temperature deg C,Température moyenne quotidienne en degree C,2,-5.46,4832
-80.38333333333334,43.45,WATERLOO WELLINGTON A,6149387,4832.1.3,NORM,Y,C,1,1,2012-10-19 20:14:22,,ON,1981,2010,,1981,,2002,22,681,,0,99.85,Mean daily temperature deg C,Température moyenne quotidienne en degree C,3,-1,4832
-80.38333333333334,43.45,WATERLOO WELLINGTON A,6149387,4832.1.4,NORM,Y,C,1,1,2012-10-19 20:14:22,,ON,1981,2010,,1981,,2002,22,660,,0,100,Mean daily temperature deg C,Température moyenne quotidienne en degree C,4,6.15,4832
-80.38333333333334,43.45,WATERLOO WELLINGTON A,6149387,4832.1.5,NORM,Y,C,1,1,2012-10-19 20:14:22,,ON,1981,2010,,1981,,2002,22,681,,0,99.85,Mean daily temperature deg C,Température moyenne quotidienne en degree C,5,12.47,4832
-80.38333333333334,43.45,WATERLOO WELLINGTON A,6149387,4832.1.6,NORM,Y,C,1,1,2012-10-19 20:14:22,,ON,1981,2010,,1981,,2002,22,660,,0,100,Mean daily temperature deg C,Température moyenne quotidienne en degree C,6,17.56,4832
-80.38333333333334,43.45,WATERLOO WELLINGTON A,6149387,4832.1.7,NORM,Y,C,1,1,2012-10-19 20:14:22,,ON,1981,2010,,1981,,2002,22,682,,0,100,Mean daily temperature deg C,Température moyenne quotidienne en degree C,7,20.03,4832
-80.38333333333334,43.45,WATERLOO WELLINGTON A,6149387,4832.1.8,NORM,Y,C,1,1,2012-10-19 20:14:22,,ON,1981,2010,,1981,,2002,22,682,,0,100,Mean daily temperature deg C,Température moyenne quotidienne en degree C,8,18.89,4832
-80.38333333333334,43.45,WATERLOO WELLINGTON A,6149387,4832.1.9,NORM,Y,C,1,1,2012-10-19 20:14:22,,ON,1981,2010,,1981,,2002,22,660,,0,100,Mean daily temperature deg C,Température moyenne quotidienne en degree C,9,14.54,4832
-80.38333333333334,43.45,WATERLOO WELLINGTON A,6149387,4832.1.10,NORM,Y,C,1,1,2012-10-19 20:14:22,,ON,1981,2010,,1981,,2002,22,682,,0,100,Mean daily temperature deg C,Température moyenne quotidienne en degree C,10,8.24,4832
-80.38333333333334,43.45,WATERLOO WELLINGTON A,6149387,4832.1.11,NORM,Y,C,1,1,2012-10-19 20:14:22,,ON,1981,2010,,1981,,2001,21,628,,0,99.68,Mean daily temperature deg C,Température moyenne quotidienne en degree C,11,2.48,4832
-80.38333333333334,43.45,WATERLOO WELLINGTON A,6149387,4832.1.12,NORM,Y,C,1,1,2012-10-19 20:14:22,,ON,1981,2010,,1981,,2001,21,651,,0,100,Mean daily temperature deg C,Température moyenne quotidienne en degree C,12,-3.33,4832
-80.38333333333334,43.45,WATERLOO WELLINGTON A,6149387,4832.1.13,NORM,Y,C,1,1,2012-10-19 20:14:22,,ON,1981,2010,,1981,,2002,22,7970,,0,99.95,Mean daily temperature deg C,Température moyenne quotidienne en degree C,13,7.01,4832
-80.38333333333334,43.45,WATERLOO WELLINGTON A,6149387,4832.100.1,NORM,Y,C,100,1,2012-10-19 20:14:22,,ON,1981,2010,,1981,,2002,21,15515,,1,94.79,Days with at least one hourly wind speed GT 40 kmh,Jours avec au moins une vitesse horaire du vent > 40 km/h,1,3.19,4832
-80.38333333333334,43.45,WATERLOO WELLINGTON A,6149387,4832.100.2,NORM,Y,C,100,1,2012-10-19 20:14:22,,ON,1981,2010,,1981,,2002,20,13447,,2,90.22,Days with at least one hourly wind speed GT 40 kmh,Jours avec au moins une vitesse horaire du vent > 40 km/h,2,2.4,4832
-80.38333333333334,43.45,WATERLOO WELLINGTON A,6149387,4832.100.3,NORM,Y,C,100,1,2012-10-19 20:14:22,,ON,1981,2010,,1981,,2002,21,15529,,1,94.87,Days with at least one hourly wind speed GT 40 kmh,Jours avec au moins une vitesse horaire du vent > 40 km/h,3,2.9,4832
-80.38333333333334,43.45,WATERLOO WELLINGTON A,6149387,4832.100.4,NORM,Y,C,100,1,2012-10-19 20:14:22,,ON,1981,2010,,1981,,2002,20,14318,,1,90.39,Days with at least one hourly wind speed GT 40 kmh,Jours avec au moins une vitesse horaire du vent > 40 km/h,4,2.85,4832
-80.38333333333334,43.45,WATERLOO WELLINGTON A,6149387,4832.100.5,NORM,Y,C,100,1,2012-10-19 20:14:22,,ON,1981,2010,,1981,,2002,20,14833,,1,90.62,Days with at least one hourly wind speed GT 40 kmh,Jours avec au moins une vitesse horaire du vent > 40 km/h,5,1.4,4832
-80.38333333333334,43.45,WATERLOO WELLINGTON A,6149387,4832.100.6,NORM,Y,C,100,1,2012-10-19 20:14:22,,ON,1981,2010,,1981,,2002,22,15734,,0,99.33,Days with at least one hourly wind speed GT 40 kmh,Jours avec au moins une vitesse horaire du vent > 40 km/h,6,0.73,4832
-80.38333333333334,43.45,WATERLOO WELLINGTON A,6149387,4832.100.7,NORM,Y,C,100,1,2012-10-19 20:14:22,,ON,1981,2010,,1981,,2002,22,16186,,0,98.89,Days with at least one hourly wind speed GT 40 kmh,Jours avec au moins une vitesse horaire du vent > 40 km/h,7,0.27,4832
-80.38333333333334,43.45,WATERLOO WELLINGTON A,6149387,4832.100.8,NORM,Y,C,100,1,2012-10-19 20:14:22,,ON,1981,2010,,1981,,2002,21,15505,,1,94.73,Days with at least one hourly wind speed GT 40 kmh,Jours avec au moins une vitesse horaire du vent > 40 km/h,8,0.1,4832
-80.38333333333334,43.45,WATERLOO WELLINGTON A,6149387,4832.100.9,NORM,Y,C,100,1,2012-10-19 20:14:22,,ON,1981,2010,,1981,,2001,20,14203,,1,89.67,Days with at least one hourly wind speed GT 40 kmh,Jours avec au moins une vitesse horaire du vent > 40 km/h,9,0.4,4832
-80.38333333333334,43.45,WATERLOO WELLINGTON A,6149387,4832.100.10,NORM,Y,C,100,1,2012-10-19 20:14:22,,ON,1981,2010,,1981,,2001,20,14850,,1,90.73,Days with at least one hourly wind speed GT 40 kmh,Jours avec au moins une vitesse horaire du vent > 40 km/h,10,1.15,4832
-80.38333333333334,43.45,WATERLOO WELLINGTON A,6149387,4832.100.11,NORM,Y,C,100,1,2012-10-19 20:14:22,,ON,1981,2010,,1981,,2001,21,15014,,0,99.3,Days with at least one hourly wind speed GT 40 kmh,Jours avec au moins une vitesse horaire du vent > 40 km/h,11,2.1,4832
-80.38333333333334,43.45,WATERLOO WELLINGTON A,6149387,4832.100.12,NORM,Y,C,100,1,2012-10-19 20:14:22,,ON,1981,2010,,1981,,2001,20,14756,,1,94.44,Days with at least one hourly wind speed GT 40 kmh,Jours avec au moins une vitesse horaire du vent > 40 km/h,12,2.45,4832
-80.38333333333334,43.45,WATERLOO WELLINGTON A,6149387,4832.100.13,NORM,Y,C,100,1,2012-10-19 20:14:22,,ON,1981,2010,,1981,,2002,22,179890,,2,94,Days with at least one hourly wind speed GT 40 kmh,Jours avec au moins une vitesse horaire du vent > 40 km/h,13,19.94,4832
-80.38333333333334,43.45,WATERLOO WELLINGTON A,6149387,4832.101.1,NORM,Y,C,101,1,2012-10-19 20:14:22,,ON,1981,2010,,1981,,2002,21,15515,,1,94.79,Days with at least one hourly wind speed GT 50 kmh,Jours avec au moins une vitesse horaire du vent > 50 km/h,1,0.67,4832
-80.38333333333334,43.45,WATERLOO WELLINGTON A,6149387,4832.101.2,NORM,Y,C,101,1,2012-10-19 20:14:22,,ON,1981,2010,,1981,,2002,20,13447,,2,90.22,Days with at least one hourly wind speed GT 50 kmh,Jours avec au moins une vitesse horaire du vent > 50 km/h,2,0.65,4832
-80.38333333333334,43.45,WATERLOO WELLINGTON A,6149387,4832.101.3,NORM,Y,C,101,1,2012-10-19 20:14:22,,ON,1981,2010,,1981,,2002,21,15529,,1,94.87,Days with at least one hourly wind speed GT 50 kmh,Jours avec au moins une vitesse horaire du vent > 50 km/h,3,0.57,4832
-80.38333333333334,43.45,WATERLOO WELLINGTON A,6149387,4832.101.4,NORM,Y,C,101,1,2012-10-19 20:14:22,,ON,1981,2010,,1981,,2002,20,14318,,1,90.39,Days with at least one hourly wind speed GT 50 kmh,Jours avec au moins une vitesse horaire du vent > 50 km/h,4,0.65,4832
-80.38333333333334,43.45,WATERLOO WELLINGTON A,6149387,4832.101.5,NORM,Y,C,101,1,2012-10-19 20:14:22,,ON,1981,2010,,1981,,2002,20,14833,,1,90.62,Days with at least one hourly wind speed GT 50 kmh,Jours avec au moins une vitesse horaire du vent > 50 km/h,5,0.15,4832
-80.38333333333334,43.45,WATERLOO WELLINGTON A,6149387,4832.101.6,NORM,Y,C,101,1,2012-10-19 20:14:22,,ON,1981,2010,,1981,,2002,22,15734,,0,99.33,Days with at least one hourly wind speed GT 50 kmh,Jours avec au moins une vitesse horaire du vent > 50 km/h,6,0.09,4832
-80.38333333333334,43.45,WATERLOO WELLINGTON A,6149387,4832.101.7,NORM,Y,C,101,1,2012-10-19 20:14:22,,ON,1981,2010,,1981,,2002,22,16186,,0,98.89,Days with at least one hourly wind speed GT 50 kmh,Jours avec au moins une vitesse horaire du vent > 50 km/h,7,0.05,4832
-80.38333333333334,43.45,WATERLOO WELLINGTON A,6149387,4832.101.8,NORM,Y,C,101,1,2012-10-19 20:14:22,,ON,1981,2010,,1981,,2002,21,15505,,1,94.73,Days with at least one hourly wind speed GT 50 kmh,Jours avec au moins une vitesse horaire du vent > 50 km/h,8,0,4832
-80.38333333333334,43.45,WATERLOO WELLINGTON A,6149387,4832.101.9,NORM,Y,C,101,1,2012-10-19 20:14:22,,ON,1981,2010,,1981,,2001,20,14203,,1,89.67,Days with at least one hourly wind speed GT 50 kmh,Jours avec au moins une vitesse horaire du vent > 50 km/h,9,0.05,4832
-80.38333333333334,43.45,WATERLOO WELLINGTON A,6149387,4832.101.10,NORM,Y,C,101,1,2012-10-19 20:14:22,,ON,1981,2010,,1981,,2001,20,14850,,1,90.73,Days with at least one hourly wind speed GT 50 kmh,Jours avec au moins une vitesse horaire du vent > 50 km/h,10,0.25,4832
-80.38333333333334,43.45,WATERLOO WELLINGTON A,6149387,4832.101.11,NORM,Y,C,101,1,2012-10-19 20:14:22,,ON,1981,2010,,1981,,2001,21,15014,,0,99.3,Days with at least one hourly wind speed GT 50 kmh,Jours avec au moins une vitesse horaire du vent > 50 km/h,11,0.33,4832
-80.38333333333334,43.45,WATERLOO WELLINGTON A,6149387,4832.101.12,NORM,Y,C,101,1,2012-10-19 20:14:22,,ON,1981,2010,,1981,,2001,20,14756,,1,94.44,Days with at least one hourly wind speed GT 50 kmh,Jours avec au moins une vitesse horaire du vent > 50 km/h,12,0.4,4832
-80.38333333333334,43.45,WATERLOO WELLINGTON A,6149387,4832.101.13,NORM,Y,C,101,1,2012-10-19 20:14:22,,ON,1981,2010,,1981,,2002,22,179890,,2,94,Days with at least one hourly wind speed GT 50 kmh,Jours avec au moins une vitesse horaire du vent > 50 km/h,13,3.86,4832
-80.38333333333334,43.45,WATERLOO WELLINGTON A,6149387,4832.116.1,NORM,Y,C,116,1,2012-10-19 20:14:22,,ON,1981,2010,,1983,,2002,20,619,,0,99.84,Mean of 0600 LST relative humidity %,Moyenne de l'humidité relative à 6 h (HNL) en %,1,86.36,4832
-80.38333333333334,43.45,WATERLOO WELLINGTON A,6149387,4832.116.2,NORM,Y,C,116,1,2012-10-19 20:14:22,,ON,1981,2010,,1983,,2002,20,564,,0,99.82,Mean of 0600 LST relative humidity %,Moyenne de l'humidité relative à 6 h (HNL) en %,2,83.41,4832
-80.38333333333334,43.45,WATERLOO WELLINGTON A,6149387,4832.116.3,NORM,Y,C,116,1,2012-10-19 20:14:22,,ON,1981,2010,,1982,,2002,21,648,,0,99.54,Mean of 0600 LST relative humidity %,Moyenne de l'humidité relative à 6 h (HNL) en %,3,84.8,4832
-80.38333333333334,43.45,WATERLOO WELLINGTON A,6149387,4832.116.4,NORM,Y,C,116,1,2012-10-19 20:14:22,,ON,1981,2010,,1982,,2002,21,627,,0,95,Mean of 0600 LST relative humidity %,Moyenne de l'humidité relative à 6 h (HNL) en %,4,84.38,4832
-80.38333333333334,43.45,WATERLOO WELLINGTON A,6149387,4832.116.5,NORM,Y,C,116,1,2012-10-19 20:14:22,,ON,1981,2010,,1981,,2002,22,679,,0,99.56,Mean of 0600 LST relative humidity %,Moyenne de l'humidité relative à 6 h (HNL) en %,5,84.66,4832
-80.38333333333334,43.45,WATERLOO WELLINGTON A,6149387,4832.116.6,NORM,Y,C,116,1,2012-10-19 20:14:22,,ON,1981,2010,,1981,,2002,22,659,,0,99.85,Mean of 0600 LST relative humidity %,Moyenne de l'humidité relative à 6 h (HNL) en %,6,87.04,4832
-80.38333333333334,43.45,WATERLOO WELLINGTON A,6149387,4832.116.7,NORM,Y,C,116,1,2012-10-19 20:14:22,,ON,1981,2010,,1981,,2002,21,650,,1,95.31,Mean of 0600 LST relative humidity %,Moyenne de l'humidité relative à 6 h (HNL) en %,7,90.07,4832
-80.38333333333334,43.45,WATERLOO WELLINGTON A,6149387,4832.116.8,NORM,Y,C,116,1,2012-10-19 20:14:22,,ON,1981,2010,,1981,,2002,22,681,,0,99.85,Mean of 0600 LST relative humidity %,Moyenne de l'humidité relative à 6 h (HNL) en %,8,93.62,4832
-80.38333333333334,43.45,WATERLOO WELLINGTON A,6149387,4832.116.9,NORM,Y,C,116,1,2012-10-19 20:14:22,,ON,1981,2010,,1981,,2002,21,629,,1,95.3,Mean of 0600 LST relative humidity %,Moyenne de l'humidité relative à 6 h (HNL) en %,9,94.27,4832
-80.38333333333334,43.45,WATERLOO WELLINGTON A,6149387,4832.116.10,NORM,Y,D,116,1,2012-10-19 20:14:22,,ON,1981,2010,,1983,,2001,19,585,,0,85.78,Mean of 0600 LST relative humidity %,Moyenne de l'humidité relative à 6 h (HNL) en %,10,90.56,4832
-80.38333333333334,43.45,WATERLOO WELLINGTON A,6149387,4832.116.11,NORM,Y,C,116,1,2012-10-19 20:14:22,,ON,1981,2010,,1982,,2001,20,598,,0,99.67,Mean of 0600 LST relative humidity %,Moyenne de l'humidité relative à 6 h (HNL) en %,11,87.59,4832
-80.38333333333334,43.45,WATERLOO WELLINGTON A,6149387,4832.116.12,NORM,Y,C,116,1,2012-10-19 20:14:22,,ON,1981,2010,,1982,,2001,20,618,,0,99.68,Mean of 0600 LST relative humidity %,Moyenne de l'humidité relative à 6 h (HNL) en %,12,87.11,4832
-80.38333333333334,43.45,WATERLOO WELLINGTON A,6149387,4832.116.13,NORM,Y,D,116,1,2012-10-19 20:14:22,,ON,1981,2010,,1981,,2002,22,7557,,1,97.43,Mean of 0600 LST relative humidity %,Moyenne de l'humidité relative à 6 h (HNL) en %,13,87.82,4832
-80.38333333333334,43.45,WATERLOO WELLINGTON A,6149387,4832.117.1,NORM,Y,G,117,1,2012-10-19 20:14:22,,ON,1981,2010,,1982,,1982,1,31,,,4.55,Mean of 1500 LST relative humidity %,Moyenne de l'humidité relative à 15 h (HNL) en %,1,78.23,4832
-80.38333333333334,43.45,WATERLOO WELLINGTON A,6149387,4832.117.2,NORM,Y,G,117,1,2012-10-19 20:14:22,,ON,1981,2010,,1982,,1982,1,28,,,4.51,Mean of 1500 LST relative humidity %,Moyenne de l'humidité relative à 15 h (HNL) en %,2,75.36,4832
-80.38333333333334,43.45,WATERLOO WELLINGTON A,6149387,4832.117.9,NORM,Y,G,117,1,2012-10-19 20:14:22,,ON,1981,2010,,1981,,1981,1,30,,,4.76,Mean of 1500 LST relative humidity %,Moyenne de l'humidité relative à 15 h (HNL) en %,9,66.5,4832
-80.38333333333334,43.45,WATERLOO WELLINGTON A,6149387,4832.117.10,NORM,Y,G,117,1,2012-10-19 20:14:22,,ON,1981,2010,,1981,,1981,1,31,,,4.55,Mean of 1500 LST relative humidity %,Moyenne de l'humidité relative à 15 h (HNL) en %,10,69.65,4832
-80.38333333333334,43.45,WATERLOO WELLINGTON A,6149387,4832.117.12,NORM,Y,G,117,1,2012-10-19 20:14:22,,ON,1981,2010,,1981,,1981,1,31,,,4.76,Mean of 1500 LST relative humidity %,Moyenne de l'humidité relative à 15 h (HNL) en %,12,81.65,4832
-80.38333333333334,43.45,WATERLOO WELLINGTON A,6149387,4832.117.13,NORM,Y,,117,1,2012-10-19 20:14:22,,ON,1981,2010,,1981,,1982,1,151,,,4.63,Mean of 1500 LST relative humidity %,Moyenne de l'humidité relative à 15 h (HNL) en %,13,74.28,4832
-80.38333333333334,43.45,WATERLOO WELLINGTON A,6149387,4832.13.13,NORM,Y,D,13,1,2012-10-19 20:14:22,1111-05-07 00:00:00,ON,1981,2010,,1981,,2001,19,19,,2,90.47619047619048,Mean date last frost in spring,Date moyenne de la dernière gelée au printemps,13,127,4832
-80.38333333333334,43.45,WATERLOO WELLINGTON A,6149387,4832.135.5,NORM,Y,F,135,1,2012-10-19 20:14:22,,ON,1981,2010,,1986,,1992,7,217,,0,100,Mean of daily pan evaporation mm,Moyenne quotidienne des bacs d'évaporation en mm,5,5.52,4832
-80.38333333333334,43.45,WATERLOO WELLINGTON A,6149387,4832.135.6,NORM,Y,E,135,1,2012-10-19 20:14:22,,ON,1981,2010,,1986,,1995,10,300,,0,100,Mean of daily pan evaporation mm,Moyenne quotidienne des bacs d'évaporation en mm,6,6.57,4832
-80.38333333333334,43.45,WATERLOO WELLINGTON A,6149387,4832.135.7,NORM,Y,E,135,1,2012-10-19 20:14:22,,ON,1981,2010,,1984,,1994,11,341,,0,100,Mean of daily pan evaporation mm,Moyenne quotidienne des bacs d'évaporation en mm,7,6.54,4832
-80.38333333333334,43.45,WATERLOO WELLINGTON A,6149387,4832.135.8,NORM,Y,E,135,1,2012-10-19 20:14:22,,ON,1981,2010,,1984,,1995,12,371,,0,99.73,Mean of daily pan evaporation mm,Moyenne quotidienne des bacs d'évaporation en mm,8,5.43,4832
-80.38333333333334,43.45,WATERLOO WELLINGTON A,6149387,4832.135.9,NORM,Y,E,135,1,2012-10-19 20:14:22,,ON,1981,2010,,1984,,1995,12,360,,0,100,Mean of daily pan evaporation mm,Moyenne quotidienne des bacs d'évaporation en mm,9,3.7,4832
-80.38333333333334,43.45,WATERLOO WELLINGTON A,6149387,4832.135.10,NORM,Y,E,135,1,2012-10-19 20:14:22,,ON,1981,2010,,1984,,1993,10,310,,0,100,Mean of daily pan evaporation mm,Moyenne quotidienne des bacs d'évaporation en mm,10,2.24,4832
-80.38333333333334,43.45,WATERLOO WELLINGTON A,6149387,4832.135.13,NORM,Y,,135,1,2012-10-19 20:14:22,,ON,1981,2010,,1984,,1995,12,1899,,0,99.96,Mean of daily pan evaporation mm,Moyenne quotidienne des bacs d'évaporation en mm,13,5,4832
-80.38333333333334,43.45,WATERLOO WELLINGTON A,6149387,4832.136.5,NORM,Y,F,136,1,2012-10-19 20:14:22,,ON,1981,2010,,1986,,1992,7,216,,0,99.54,Mean of daily lake evaporation mm,Moyenne de l'évaporation quotidienne de lac en mm,5,4.16,4832
-80.38333333333334,43.45,WATERLOO WELLINGTON A,6149387,4832.136.6,NORM,Y,E,136,1,2012-10-19 20:14:22,,ON,1981,2010,,1986,,1995,10,300,,0,100,Mean of daily lake evaporation mm,Moyenne de l'évaporation quotidienne de lac en mm,6,4.9,4832
-80.38333333333334,43.45,WATERLOO WELLINGTON A,6149387,4832.136.7,NORM,Y,E,136,1,2012-10-19 20:14:22,,ON,1981,2010,,1984,,1994,10,310,,1,90.91,Mean of daily lake evaporation mm,Moyenne de l'évaporation quotidienne de lac en mm,7,4.9,4832
-80.38333333333334,43.45,WATERLOO WELLINGTON A,6149387,4832.136.8,NORM,Y,E,136,1,2012-10-19 20:14:22,,ON,1981,2010,,1984,,1995,11,340,,1,91.4,Mean of daily lake evaporation mm,Moyenne de l'évaporation quotidienne de lac en mm,8,4.04,4832
-80.38333333333334,43.45,WATERLOO WELLINGTON A,6149387,4832.136.9,NORM,Y,E,136,1,2012-10-19 20:14:22,,ON,1981,2010,,1984,,1995,11,330,,1,91.67,Mean of daily lake evaporation mm,Moyenne de l'évaporation quotidienne de lac en mm,9,2.78,4832
-80.38333333333334,43.45,WATERLOO WELLINGTON A,6149387,4832.136.10,NORM,Y,E,136,1,2012-10-19 20:14:22,,ON,1981,2010,,1984,,1993,10,310,,0,100,Mean of daily lake evaporation mm,Moyenne de l'évaporation quotidienne de lac en mm,10,1.68,4832
-80.38333333333334,43.45,WATERLOO WELLINGTON A,6149387,4832.136.13,NORM,Y,,136,1,2012-10-19 20:14:22,,ON,1981,2010,,1984,,1995,11,1806,,1,95.59,Mean of daily lake evaporation mm,Moyenne de l'évaporation quotidienne de lac en mm,13,3.74,4832
-80.38333333333334,43.45,WATERLOO WELLINGTON A,6149387,4832.14.13,NORM,Y,D,14,1,2012-10-19 20:14:22,1111-10-02 00:00:00,ON,1981,2010,,1981,,2001,19,19,,2,90.47619047619048,Mean date first frost in fall,Date moyenne de la première gelée à l'automne,13,275,4832
-80.38333333333334,43.45,WATERLOO WELLINGTON A,6149387,4832.141.1,NORM,Y,D,141,1,2012-10-19 20:14:22,,ON,1981,2010,,1981,,2002,17,527,,2,77.27,Days With Wind >= 28 knots,Jours avec vent >= 28 nœuds,1,1.88,4832
-80.38333333333334,43.45,WATERLOO WELLINGTON A,6149387,4832.141.2,NORM,Y,E,141,1,2012-10-19 20:14:22,,ON,1981,2010,,1981,,2002,14,394,,5,63.45,Days With Wind >= 28 knots,Jours avec vent >= 28 nœuds,2,1.29,4832
-80.38333333333334,43.45,WATERLOO WELLINGTON A,6149387,4832.141.3,NORM,Y,D,141,1,2012-10-19 20:14:22,,ON,1981,2010,,1981,,2002,15,465,,2,71.43,Days With Wind >= 28 knots,Jours avec vent >= 28 nœuds,3,1.73,4832
-80.38333333333334,43.45,WATERLOO WELLINGTON A,6149387,4832.141.4,NORM,Y,D,141,1,2012-10-19 20:14:22,,ON,1981,2010,,1981,,2002,18,540,,2,81.82,Days With Wind >= 28 knots,Jours avec vent >= 28 nœuds,4,1.61,4832
-80.38333333333334,43.45,WATERLOO WELLINGTON A,6149387,4832.141.5,NORM,Y,C,141,1,2012-10-19 20:14:22,,ON,1981,2010,,1981,,2002,20,620,,1,90.91,Days With Wind >= 28 knots,Jours avec vent >= 28 nœuds,5,0.85,4832
-80.38333333333334,43.45,WATERLOO WELLINGTON A,6149387,4832.141.6,NORM,Y,D,141,1,2012-10-19 20:14:22,,ON,1981,2010,,1981,,2002,17,510,,2,77.27,Days With Wind >= 28 knots,Jours avec vent >= 28 nœuds,6,0.71,4832
-80.38333333333334,43.45,WATERLOO WELLINGTON A,6149387,4832.141.7,NORM,Y,D,141,1,2012-10-19 20:14:22,,ON,1981,2010,,1982,,2002,15,465,,3,68.18,Days With Wind >= 28 knots,Jours avec vent >= 28 nœuds,7,0.4,4832
-80.38333333333334,43.45,WATERLOO WELLINGTON A,6149387,4832.141.8,NORM,Y,D,141,1,2012-10-19 20:14:22,,ON,1981,2010,,1981,,2002,19,589,,2,86.36,Days With Wind >= 28 knots,Jours avec vent >= 28 nœuds,8,0.21,4832
-80.38333333333334,43.45,WATERLOO WELLINGTON A,6149387,4832.141.9,NORM,Y,D,141,1,2012-10-19 20:14:22,,ON,1981,2010,,1981,,2001,16,480,,2,72.73,Days With Wind >= 28 knots,Jours avec vent >= 28 nœuds,9,0.13,4832
-80.38333333333334,43.45,WATERLOO WELLINGTON A,6149387,4832.141.10,NORM,Y,D,141,1,2012-10-19 20:14:22,,ON,1981,2010,,1981,,2001,19,589,,2,90.48,Days With Wind >= 28 knots,Jours avec vent >= 28 nœuds,10,1.16,4832
-80.38333333333334,43.45,WATERLOO WELLINGTON A,6149387,4832.141.11,NORM,Y,D,141,1,2012-10-19 20:14:22,,ON,1981,2010,,1981,,2001,16,480,,1,76.19,Days With Wind >= 28 knots,Jours avec vent >= 28 nœuds,11,1.63,4832
-80.38333333333334,43.45,WATERLOO WELLINGTON A,6149387,4832.141.12,NORM,Y,D,141,1,2012-10-19 20:14:22,,ON,1981,2010,,1981,,2001,15,465,,2,71.43,Days With Wind >= 28 knots,Jours avec vent >= 28 nœuds,12,1.73,4832
-80.38333333333334,43.45,WATERLOO WELLINGTON A,6149387,4832.141.13,NORM,Y,E,141,1,2012-10-19 20:14:22,,ON,1981,2010,,1981,,2002,20,6124,,5,77.29,Days With Wind >= 28 knots,Jours avec vent >= 28 nœuds,13,13.33,4832
-80.38333333333334,43.45,WATERLOO WELLINGTON A,6149387,4832.142.1,NORM,Y,D,142,1,2012-10-19 20:14:22,,ON,1981,2010,,1981,,2002,17,527,,2,77.27,Days With Wind >= 34 knots,Jours avec vent >= 34 nœuds,1,0.71,4832
-80.38333333333334,43.45,WATERLOO WELLINGTON A,6149387,4832.142.2,NORM,Y,E,142,1,2012-10-19 20:14:22,,ON,1981,2010,,1981,,2002,14,394,,5,63.45,Days With Wind >= 34 knots,Jours avec vent >= 34 nœuds,2,0.36,4832
-80.38333333333334,43.45,WATERLOO WELLINGTON A,6149387,4832.142.3,NORM,Y,D,142,1,2012-10-19 20:14:22,,ON,1981,2010,,1981,,2002,15,465,,2,71.43,Days With Wind >= 34 knots,Jours avec vent >= 34 nœuds,3,0.67,4832
-80.38333333333334,43.45,WATERLOO WELLINGTON A,6149387,4832.142.4,NORM,Y,D,142,1,2012-10-19 20:14:22,,ON,1981,2010,,1981,,2002,18,540,,2,81.82,Days With Wind >= 34 knots,Jours avec vent >= 34 nœuds,4,0.67,4832
-80.38333333333334,43.45,WATERLOO WELLINGTON A,6149387,4832.142.5,NORM,Y,C,142,1,2012-10-19 20:14:22,,ON,1981,2010,,1981,,2002,20,620,,1,90.91,Days With Wind >= 34 knots,Jours avec vent >= 34 nœuds,5,0.15,4832
-80.38333333333334,43.45,WATERLOO WELLINGTON A,6149387,4832.142.6,NORM,Y,D,142,1,2012-10-19 20:14:22,,ON,1981,2010,,1981,,2002,17,510,,2,77.27,Days With Wind >= 34 knots,Jours avec vent >= 34 nœuds,6,0.24,4832
-80.38333333333334,43.45,WATERLOO WELLINGTON A,6149387,4832.142.7,NORM,Y,D,142,1,2012-10-19 20:14:22,,ON,1981,2010,,1982,,2002,15,465,,3,68.18,Days With Wind >= 34 knots,Jours avec vent >= 34 nœuds,7,0.13,4832
-80.38333333333334,43.45,WATERLOO WELLINGTON A,6149387,4832.142.8,NORM,Y,D,142,1,2012-10-19 20:14:22,,ON,1981,2010,,1981,,2002,19,589,,2,86.36,Days With Wind >= 34 knots,Jours avec vent >= 34 nœuds,8,0,4832
-80.38333333333334,43.45,WATERLOO WELLINGTON A,6149387,4832.142.9,NORM,Y,D,142,1,2012-10-19 20:14:22,,ON,1981,2010,,1981,,2001,16,480,,2,72.73,Days With Wind >= 34 knots,Jours avec vent >= 34 nœuds,9,0,4832
-80.38333333333334,43.45,WATERLOO WELLINGTON A,6149387,4832.142.10,NORM,Y,D,142,1,2012-10-19 20:14:22,,ON,1981,2010,,1981,,2001,19,589,,2,90.48,Days With Wind >= 34 knots,Jours avec vent >= 34 nœuds,10,0.37,4832
-80.38333333333334,43.45,WATERLOO WELLINGTON A,6149387,4832.142.11,NORM,Y,D,142,1,2012-10-19 20:14:22,,ON,1981,2010,,1981,,2001,16,480,,1,76.19,Days With Wind >= 34 knots,Jours avec vent >= 34 nœuds,11,0.81,4832
-80.38333333333334,43.45,WATERLOO WELLINGTON A,6149387,4832.142.12,NORM,Y,D,142,1,2012-10-19 20:14:22,,ON,1981,2010,,1981,,2001,15,465,,2,71.43,Days With Wind >= 34 knots,Jours avec vent >= 34 nœuds,12,0.73,4832
-80.38333333333334,43.45,WATERLOO WELLINGTON A,6149387,4832.142.13,NORM,Y,E,142,1,2012-10-19 20:14:22,,ON,1981,2010,,1981,,2002,20,6124,,5,77.29,Days With Wind >= 34 knots,Jours avec vent >= 34 nœuds,13,4.84,4832
-80.38333333333334,43.45,WATERLOO WELLINGTON A,6149387,4832.2.1,NORM,Y,C,2,1,2012-10-19 20:14:22,,ON,1981,2010,,1981,,2002,22,682,,0,100,StdDev mean monthly temperature deg C,Écart-type de la température moyenne mensuelle en degree C,1,2.94,4832
-80.38333333333334,43.45,WATERLOO WELLINGTON A,6149387,4832.2.2,NORM,Y,C,2,1,2012-10-19 20:14:22,,ON,1981,2010,,1981,,2002,22,621,,0,100,StdDev mean monthly temperature deg C,Écart-type de la température moyenne mensuelle en degree C,2,2.47,4832
-80.38333333333334,43.45,WATERLOO WELLINGTON A,6149387,4832.2.3,NORM,Y,C,2,1,2012-10-19 20:14:22,,ON,1981,2010,,1981,,2002,22,681,,0,99.85,StdDev mean monthly temperature deg C,Écart-type de la température moyenne mensuelle en degree C,3,2,4832
-80.38333333333334,43.45,WATERLOO WELLINGTON A,6149387,4832.2.4,NORM,Y,C,2,1,2012-10-19 20:14:22,,ON,1981,2010,,1981,,2002,22,660,,0,100,StdDev mean monthly temperature deg C,Écart-type de la température moyenne mensuelle en degree C,4,1.43,4832
-80.38333333333334,43.45,WATERLOO WELLINGTON A,6149387,4832.2.5,NORM,Y,C,2,1,2012-10-19 20:14:22,,ON,1981,2010,,1981,,2002,22,681,,0,99.85,StdDev mean monthly temperature deg C,Écart-type de la température moyenne mensuelle en degree C,5,2.07,4832
-80.38333333333334,43.45,WATERLOO WELLINGTON A,6149387,4832.2.6,NORM,Y,C,2,1,2012-10-19 20:14:22,,ON,1981,2010,,1981,,2002,22,660,,0,100,StdDev mean monthly temperature deg C,Écart-type de la température moyenne mensuelle en degree C,6,1.33,4832
-80.38333333333334,43.45,WATERLOO WELLINGTON A,6149387,4832.2.7,NORM,Y,C,2,1,2012-10-19 20:14:22,,ON,1981,2010,,1981,,2002,22,682,,0,100,StdDev mean monthly temperature deg C,Écart-type de la température moyenne mensuelle en degree C,7,1.28,4832
-80.38333333333334,43.45,WATERLOO WELLINGTON A,6149387,4832.2.8,NORM,Y,C,2,1,2012-10-19 20:14:22,,ON,1981,2010,,1981,,2002,22,682,,0,100,StdDev mean monthly temperature deg C,Écart-type de la température moyenne mensuelle en degree C,8,1.34,4832
-80.38333333333334,43.45,WATERLOO WELLINGTON A,6149387,4832.2.9,NORM,Y,C,2,1,2012-10-19 20:14:22,,ON,1981,2010,,1981,,2002,22,660,,0,100,StdDev mean monthly temperature deg C,Écart-type de la température moyenne mensuelle en degree C,9,1.24,4832
-80.38333333333334,43.45,WATERLOO WELLINGTON A,6149387,4832.2.10,NORM,Y,C,2,1,2012-10-19 20:14:22,,ON,1981,2010,,1981,,2002,22,682,,0,100,StdDev mean monthly temperature deg C,Écart-type de la température moyenne mensuelle en degree C,10,1.35,4832
-80.38333333333334,43.45,WATERLOO WELLINGTON A,6149387,4832.2.11,NORM,Y,C,2,1,2012-10-19 20:14:22,,ON,1981,2010,,1981,,2001,21,628,,0,99.68,StdDev mean monthly temperature deg C,Écart-type de la température moyenne mensuelle en degree C,11,1.53,4832
-80.38333333333334,43.45,WATERLOO WELLINGTON A,6149387,4832.2.12,NORM,Y,C,2,1,2012-10-19 20:14:22,,ON,1981,2010,,1981,,2001,21,651,,0,100,StdDev mean monthly temperature deg C,Écart-type de la température moyenne mensuelle en degree C,12,2.86,4832
-80.38333333333334,43.45,WATERLOO WELLINGTON A,6149387,4832.2.13,NORM,Y,C,2,1,2012-10-19 20:14:22,,ON,1981,2010,,1981,,2002,22,7970,,0,99.95,StdDev mean monthly temperature deg C,Écart-type de la température moyenne mensuelle en degree C,13,0.93,4832
-80.38333333333334,43.45,WATERLOO WELLINGTON A,6149387,4832.21.13,NORM,Y,D,21,1,2012-10-19 20:14:22,1111-05-27 00:00:00,ON,1981,2010,,1981,,2001,19,19,,2,90.47619047619048,Mean length frost-free period in days,"Durée moyenne de la période sans gel, en jours",13,147,4832
-80.38333333333334,43.45,WATERLOO WELLINGTON A,6149387,4832.22.1,NORM,Y,C,22,1,2012-10-19 20:14:22,,ON,1981,2010,,1981,,2002,22,682,,0,100,Total degree-days Above 24 deg C,Total des degrés-jours supérieurs à 24 degree C,1,0,4832
-80.38333333333334,43.45,WATERLOO WELLINGTON A,6149387,4832.22.2,NORM,Y,C,22,1,2012-10-19 20:14:22,,ON,1981,2010,,1981,,2002,22,621,,0,100,Total degree-days Above 24 deg C,Total des degrés-jours supérieurs à 24 degree C,2,0,4832
-80.38333333333334,43.45,WATERLOO WELLINGTON A,6149387,4832.22.3,NORM,Y,C,22,1,2012-10-19 20:14:22,,ON,1981,2010,,1981,,2002,21,651,,1,95.45,Total degree-days Above 24 deg C,Total des degrés-jours supérieurs à 24 degree C,3,0,4832
-80.38333333333334,43.45,WATERLOO WELLINGTON A,6149387,4832.22.4,NORM,Y,C,22,1,2012-10-19 20:14:22,,ON,1981,2010,,1981,,2002,22,660,,0,100,Total degree-days Above 24 deg C,Total des degrés-jours supérieurs à 24 degree C,4,0,4832
-80.38333333333334,43.45,WATERLOO WELLINGTON A,6149387,4832.22.5,NORM,Y,C,22,1,2012-10-19 20:14:22,,ON,1981,2010,,1981,,2002,21,651,,1,95.45,Total degree-days Above 24 deg C,Total des degrés-jours supérieurs à 24 degree C,5,0.14,4832
-80.38333333333334,43.45,WATERLOO WELLINGTON A,6149387,4832.22.6,NORM,Y,C,22,1,2012-10-19 20:14:22,,ON,1981,2010,,1981,,2002,22,660,,0,100,Total degree-days Above 24 deg C,Total des degrés-jours supérieurs à 24 degree C,6,1.63,4832
-80.38333333333334,43.45,WATERLOO WELLINGTON A,6149387,4832.22.7,NORM,Y,C,22,1,2012-10-19 20:14:22,,ON,1981,2010,,1981,,2002,22,682,,0,100,Total degree-days Above 24 deg C,Total des degrés-jours supérieurs à 24 degree C,7,5.21,4832
-80.38333333333334,43.45,WATERLOO WELLINGTON A,6149387,4832.22.8,NORM,Y,C,22,1,2012-10-19 20:14:22,,ON,1981,2010,,1981,,2002,22,682,,0,100,Total degree-days Above 24 deg C,Total des degrés-jours supérieurs à 24 degree C,8,2.52,4832
-80.38333333333334,43.45,WATERLOO WELLINGTON A,6149387,4832.22.9,NORM,Y,C,22,1,2012-10-19 20:14:22,,ON,1981,2010,,1981,,2002,22,660,,0,100,Total degree-days Above 24 deg C,Total des degrés-jours supérieurs à 24 degree C,9,0.3,4832
-80.38333333333334,43.45,WATERLOO WELLINGTON A,6149387,4832.22.10,NORM,Y,C,22,1,2012-10-19 20:14:22,,ON,1981,2010,,1981,,2002,22,682,,0,100,Total degree-days Above 24 deg C,Total des degrés-jours supérieurs à 24 degree C,10,0,4832
-80.38333333333334,43.45,WATERLOO WELLINGTON A,6149387,4832.22.11,NORM,Y,C,22,1,2012-10-19 20:14:22,,ON,1981,2010,,1981,,2001,20,600,,1,95.24,Total degree-days Above 24 deg C,Total des degrés-jours supérieurs à 24 degree C,11,0,4832
-80.38333333333334,43.45,WATERLOO WELLINGTON A,6149387,4832.22.12,NORM,Y,C,22,1,2012-10-19 20:14:22,,ON,1981,2010,,1981,,2001,21,651,,0,100,Total degree-days Above 24 deg C,Total des degrés-jours supérieurs à 24 degree C,12,0,4832
-80.38333333333334,43.45,WATERLOO WELLINGTON A,6149387,4832.22.13,NORM,Y,C,22,1,2012-10-19 20:14:22,,ON,1981,2010,,1981,,2002,22,7882,,1,98.85,Total degree-days Above 24 deg C,Total des degrés-jours supérieurs à 24 degree C,13,9.8,4832
-80.38333333333334,43.45,WATERLOO WELLINGTON A,6149387,4832.23.1,NORM,Y,C,23,1,2012-10-19 20:14:22,,ON,1981,2010,,1981,,2002,22,682,,0,100,Total degree-days Above 18 deg C,Total des degrés-jours supérieurs à 18 degree C,1,0,4832
-80.38333333333334,43.45,WATERLOO WELLINGTON A,6149387,4832.23.2,NORM,Y,C,23,1,2012-10-19 20:14:22,,ON,1981,2010,,1981,,2002,22,621,,0,100,Total degree-days Above 18 deg C,Total des degrés-jours supérieurs à 18 degree C,2,0,4832
-80.38333333333334,43.45,WATERLOO WELLINGTON A,6149387,4832.23.3,NORM,Y,C,23,1,2012-10-19 20:14:22,,ON,1981,2010,,1981,,2002,21,651,,1,95.45,Total degree-days Above 18 deg C,Total des degrés-jours supérieurs à 18 degree C,3,0,4832
-80.38333333333334,43.45,WATERLOO WELLINGTON A,6149387,4832.23.4,NORM,Y,C,23,1,2012-10-19 20:14:22,,ON,1981,2010,,1981,,2002,22,660,,0,100,Total degree-days Above 18 deg C,Total des degrés-jours supérieurs à 18 degree C,4,1.04,4832
-80.38333333333334,43.45,WATERLOO WELLINGTON A,6149387,4832.23.5,NORM,Y,C,23,1,2012-10-19 20:14:22,,ON,1981,2010,,1981,,2002,21,651,,1,95.45,Total degree-days Above 18 deg C,Total des degrés-jours supérieurs à 18 degree C,5,10.24,4832
-80.38333333333334,43.45,WATERLOO WELLINGTON A,6149387,4832.23.6,NORM,Y,C,23,1,2012-10-19 20:14:22,,ON,1981,2010,,1981,,2002,22,660,,0,100,Total degree-days Above 18 deg C,Total des degrés-jours supérieurs à 18 degree C,6,40.85,4832
-80.38333333333334,43.45,WATERLOO WELLINGTON A,6149387,4832.23.7,NORM,Y,C,23,1,2012-10-19 20:14:22,,ON,1981,2010,,1981,,2002,22,682,,0,100,Total degree-days Above 18 deg C,Total des degrés-jours supérieurs à 18 degree C,7,77.21,4832
-80.38333333333334,43.45,WATERLOO WELLINGTON A,6149387,4832.23.8,NORM,Y,C,23,1,2012-10-19 20:14:22,,ON,1981,2010,,1981,,2002,22,682,,0,100,Total degree-days Above 18 deg C,Total des degrés-jours supérieurs à 18 degree C,8,54.66,4832
-80.38333333333334,43.45,WATERLOO WELLINGTON A,6149387,4832.23.9,NORM,Y,C,23,1,2012-10-19 20:14:22,,ON,1981,2010,,1981,,2002,22,660,,0,100,Total degree-days Above 18 deg C,Total des degrés-jours supérieurs à 18 degree C,9,16.61,4832
-80.38333333333334,43.45,WATERLOO WELLINGTON A,6149387,4832.23.10,NORM,Y,C,23,1,2012-10-19 20:14:22,,ON,1981,2010,,1981,,2002,22,682,,0,100,Total degree-days Above 18 deg C,Total des degrés-jours supérieurs à 18 degree C,10,0.74,4832
-80.38333333333334,43.45,WATERLOO WELLINGTON A,6149387,4832.23.11,NORM,Y,C,23,1,2012-10-19 20:14:22,,ON,1981,2010,,1981,,2001,20,600,,1,95.24,Total degree-days Above 18 deg C,Total des degrés-jours supérieurs à 18 degree C,11,0,4832
-80.38333333333334,43.45,WATERLOO WELLINGTON A,6149387,4832.23.12,NORM,Y,C,23,1,2012-10-19 20:14:22,,ON,1981,2010,,1981,,2001,21,651,,0,100,Total degree-days Above 18 deg C,Total des degrés-jours supérieurs à 18 degree C,12,0,4832
-80.38333333333334,43.45,WATERLOO WELLINGTON A,6149387,4832.23.13,NORM,Y,C,23,1,2012-10-19 20:14:22,,ON,1981,2010,,1981,,2002,22,7882,,1,98.85,Total degree-days Above 18 deg C,Total des degrés-jours supérieurs à 18 degree C,13,201.35,4832
-80.38333333333334,43.45,WATERLOO WELLINGTON A,6149387,4832.24.1,NORM,Y,C,24,1,2012-10-19 20:14:22,,ON,1981,2010,,1981,,2002,22,682,,0,100,Total degree-days Above 15 deg C,Total des degrés-jours supérieurs à 15 degree C,1,0,4832
-80.38333333333334,43.45,WATERLOO WELLINGTON A,6149387,4832.24.2,NORM,Y,C,24,1,2012-10-19 20:14:22,,ON,1981,2010,,1981,,2002,22,621,,0,100,Total degree-days Above 15 deg C,Total des degrés-jours supérieurs à 15 degree C,2,0,4832
-80.38333333333334,43.45,WATERLOO WELLINGTON A,6149387,4832.24.3,NORM,Y,C,24,1,2012-10-19 20:14:22,,ON,1981,2010,,1981,,2002,21,651,,1,95.45,Total degree-days Above 15 deg C,Total des degrés-jours supérieurs à 15 degree C,3,0.08,4832
-80.38333333333334,43.45,WATERLOO WELLINGTON A,6149387,4832.24.4,NORM,Y,C,24,1,2012-10-19 20:14:22,,ON,1981,2010,,1981,,2002,22,660,,0,100,Total degree-days Above 15 deg C,Total des degrés-jours supérieurs à 15 degree C,4,3.74,4832
-80.38333333333334,43.45,WATERLOO WELLINGTON A,6149387,4832.24.5,NORM,Y,C,24,1,2012-10-19 20:14:22,,ON,1981,2010,,1981,,2002,21,651,,1,95.45,Total degree-days Above 15 deg C,Total des degrés-jours supérieurs à 15 degree C,5,30.22,4832
-80.38333333333334,43.45,WATERLOO WELLINGTON A,6149387,4832.24.6,NORM,Y,C,24,1,2012-10-19 20:14:22,,ON,1981,2010,,1981,,2002,22,660,,0,100,Total degree-days Above 15 deg C,Total des degrés-jours supérieurs à 15 degree C,6,94.05,4832
-80.38333333333334,43.45,WATERLOO WELLINGTON A,6149387,4832.24.7,NORM,Y,C,24,1,2012-10-19 20:14:22,,ON,1981,2010,,1981,,2002,22,682,,0,100,Total degree-days Above 15 deg C,Total des degrés-jours supérieurs à 15 degree C,7,157.25,4832
-80.38333333333334,43.45,WATERLOO WELLINGTON A,6149387,4832.24.8,NORM,Y,C,24,1,2012-10-19 20:14:22,,ON,1981,2010,,1981,,2002,22,682,,0,100,Total degree-days Above 15 deg C,Total des degrés-jours supérieurs à 15 degree C,8,125.02,4832
-80.38333333333334,43.45,WATERLOO WELLINGTON A,6149387,4832.24.9,NORM,Y,C,24,1,2012-10-19 20:14:22,,ON,1981,2010,,1981,,2002,22,660,,0,100,Total degree-days Above 15 deg C,Total des degrés-jours supérieurs à 15 degree C,9,46.33,4832
-80.38333333333334,43.45,WATERLOO WELLINGTON A,6149387,4832.24.10,NORM,Y,C,24,1,2012-10-19 20:14:22,,ON,1981,2010,,1981,,2002,22,682,,0,100,Total degree-days Above 15 deg C,Total des degrés-jours supérieurs à 15 degree C,10,4.51,4832
-80.38333333333334,43.45,WATERLOO WELLINGTON A,6149387,4832.24.11,NORM,Y,C,24,1,2012-10-19 20:14:22,,ON,1981,2010,,1981,,2001,20,600,,1,95.24,Total degree-days Above 15 deg C,Total des degrés-jours supérieurs à 15 degree C,11,0.03,4832
-80.38333333333334,43.45,WATERLOO WELLINGTON A,6149387,4832.24.12,NORM,Y,C,24,1,2012-10-19 20:14:22,,ON,1981,2010,,1981,,2001,21,651,,0,100,Total degree-days Above 15 deg C,Total des degrés-jours supérieurs à 15 degree C,12,0,4832
-80.38333333333334,43.45,WATERLOO WELLINGTON A,6149387,4832.24.13,NORM,Y,C,24,1,2012-10-19 20:14:22,,ON,1981,2010,,1981,,2002,22,7882,,1,98.85,Total degree-days Above 15 deg C,Total des degrés-jours supérieurs à 15 degree C,13,461.23,4832
-80.38333333333334,43.45,WATERLOO WELLINGTON A,6149387,4832.25.1,NORM,Y,C,25,1,2012-10-19 20:14:22,,ON,1981,2010,,1981,,2002,22,682,,0,100,Total degree-days Above 10 deg C,Total des degrés-jours supérieurs à 10 degree C,1,0,4832
-80.38333333333334,43.45,WATERLOO WELLINGTON A,6149387,4832.25.2,NORM,Y,C,25,1,2012-10-19 20:14:22,,ON,1981,2010,,1981,,2002,22,621,,0,100,Total degree-days Above 10 deg C,Total des degrés-jours supérieurs à 10 degree C,2,0,4832
-80.38333333333334,43.45,WATERLOO WELLINGTON A,6149387,4832.25.3,NORM,Y,C,25,1,2012-10-19 20:14:22,,ON,1981,2010,,1981,,2002,21,651,,1,95.45,Total degree-days Above 10 deg C,Total des degrés-jours supérieurs à 10 degree C,3,2.32,4832
-80.38333333333334,43.45,WATERLOO WELLINGTON A,6149387,4832.25.4,NORM,Y,C,25,1,2012-10-19 20:14:22,,ON,1981,2010,,1981,,2002,22,660,,0,100,Total degree-days Above 10 deg C,Total des degrés-jours supérieurs à 10 degree C,4,20.25,4832
-80.38333333333334,43.45,WATERLOO WELLINGTON A,6149387,4832.25.5,NORM,Y,C,25,1,2012-10-19 20:14:22,,ON,1981,2010,,1981,,2002,21,651,,1,95.45,Total degree-days Above 10 deg C,Total des degrés-jours supérieurs à 10 degree C,5,103.56,4832
-80.38333333333334,43.45,WATERLOO WELLINGTON A,6149387,4832.25.6,NORM,Y,C,25,1,2012-10-19 20:14:22,,ON,1981,2010,,1981,,2002,22,660,,0,100,Total degree-days Above 10 deg C,Total des degrés-jours supérieurs à 10 degree C,6,227.61,4832
-80.38333333333334,43.45,WATERLOO WELLINGTON A,6149387,4832.25.7,NORM,Y,C,25,1,2012-10-19 20:14:22,,ON,1981,2010,,1981,,2002,22,682,,0,100,Total degree-days Above 10 deg C,Total des degrés-jours supérieurs à 10 degree C,7,310.78,4832
-80.38333333333334,43.45,WATERLOO WELLINGTON A,6149387,4832.25.8,NORM,Y,C,25,1,2012-10-19 20:14:22,,ON,1981,2010,,1981,,2002,22,682,,0,100,Total degree-days Above 10 deg C,Total des degrés-jours supérieurs à 10 degree C,8,275.64,4832
-80.38333333333334,43.45,WATERLOO WELLINGTON A,6149387,4832.25.9,NORM,Y,C,25,1,2012-10-19 20:14:22,,ON,1981,2010,,1981,,2002,22,660,,0,100,Total degree-days Above 10 deg C,Total des degrés-jours supérieurs à 10 degree C,9,145.8,4832
-80.38333333333334,43.45,WATERLOO WELLINGTON A,6149387,4832.25.10,NORM,Y,C,25,1,2012-10-19 20:14:22,,ON,1981,2010,,1981,,2002,22,682,,0,100,Total degree-days Above 10 deg C,Total des degrés-jours supérieurs à 10 degree C,10,32.97,4832
-80.38333333333334,43.45,WATERLOO WELLINGTON A,6149387,4832.25.11,NORM,Y,C,25,1,2012-10-19 20:14:22,,ON,1981,2010,,1981,,2001,20,600,,1,95.24,Total degree-days Above 10 deg C,Total des degrés-jours supérieurs à 10 degree C,11,3.76,4832
-80.38333333333334,43.45,WATERLOO WELLINGTON A,6149387,4832.25.12,NORM,Y,C,25,1,2012-10-19 20:14:22,,ON,1981,2010,,1981,,2001,21,651,,0,100,Total degree-days Above 10 deg C,Total des degrés-jours supérieurs à 10 degree C,12,0.55,4832
-80.38333333333334,43.45,WATERLOO WELLINGTON A,6149387,4832.25.13,NORM,Y,C,25,1,2012-10-19 20:14:22,,ON,1981,2010,,1981,,2002,22,7882,,1,98.85,Total degree-days Above 10 deg C,Total des degrés-jours supérieurs à 10 degree C,13,1123.24,4832
-80.38333333333334,43.45,WATERLOO WELLINGTON A,6149387,4832.26.1,NORM,Y,C,26,1,2012-10-19 20:14:22,,ON,1981,2010,,1981,,2002,22,682,,0,100,Total degree-days Above 5 deg C,Total des degrés-jours supérieurs à 5 degree C,1,1.15,4832
-80.38333333333334,43.45,WATERLOO WELLINGTON A,6149387,4832.26.2,NORM,Y,C,26,1,2012-10-19 20:14:22,,ON,1981,2010,,1981,,2002,22,621,,0,100,Total degree-days Above 5 deg C,Total des degrés-jours supérieurs à 5 degree C,2,0.85,4832
-80.38333333333334,43.45,WATERLOO WELLINGTON A,6149387,4832.26.3,NORM,Y,C,26,1,2012-10-19 20:14:22,,ON,1981,2010,,1981,,2002,21,651,,1,95.45,Total degree-days Above 5 deg C,Total des degrés-jours supérieurs à 5 degree C,3,13.39,4832
-80.38333333333334,43.45,WATERLOO WELLINGTON A,6149387,4832.26.4,NORM,Y,C,26,1,2012-10-19 20:14:22,,ON,1981,2010,,1981,,2002,22,660,,0,100,Total degree-days Above 5 deg C,Total des degrés-jours supérieurs à 5 degree C,4,75.14,4832
-80.38333333333334,43.45,WATERLOO WELLINGTON A,6149387,4832.26.5,NORM,Y,C,26,1,2012-10-19 20:14:22,,ON,1981,2010,,1981,,2002,21,651,,1,95.45,Total degree-days Above 5 deg C,Total des degrés-jours supérieurs à 5 degree C,5,234.67,4832
-80.38333333333334,43.45,WATERLOO WELLINGTON A,6149387,4832.26.6,NORM,Y,C,26,1,2012-10-19 20:14:22,,ON,1981,2010,,1981,,2002,22,660,,0,100,Total degree-days Above 5 deg C,Total des degrés-jours supérieurs à 5 degree C,6,376.81,4832
-80.38333333333334,43.45,WATERLOO WELLINGTON A,6149387,4832.26.7,NORM,Y,C,26,1,2012-10-19 20:14:22,,ON,1981,2010,,1981,,2002,22,682,,0,100,Total degree-days Above 5 deg C,Total des degrés-jours supérieurs à 5 degree C,7,465.78,4832
-80.38333333333334,43.45,WATERLOO WELLINGTON A,6149387,4832.26.8,NORM,Y,C,26,1,2012-10-19 20:14:22,,ON,1981,2010,,1981,,2002,22,682,,0,100,Total degree-days Above 5 deg C,Total des degrés-jours supérieurs à 5 degree C,8,430.46,4832
-80.38333333333334,43.45,WATERLOO WELLINGTON A,6149387,4832.26.9,NORM,Y,C,26,1,2012-10-19 20:14:22,,ON,1981,2010,,1981,,2002,22,660,,0,100,Total degree-days Above 5 deg C,Total des degrés-jours supérieurs à 5 degree C,9,286.37,4832
-80.38333333333334,43.45,WATERLOO WELLINGTON A,6149387,4832.26.10,NORM,Y,C,26,1,2012-10-19 20:14:22,,ON,1981,2010,,1981,,2002,22,682,,0,100,Total degree-days Above 5 deg C,Total des degrés-jours supérieurs à 5 degree C,10,115.6,4832
-80.38333333333334,43.45,WATERLOO WELLINGTON A,6149387,4832.26.11,NORM,Y,C,26,1,2012-10-19 20:14:22,,ON,1981,2010,,1981,,2001,20,600,,1,95.24,Total degree-days Above 5 deg C,Total des degrés-jours supérieurs à 5 degree C,11,28.1,4832
-80.38333333333334,43.45,WATERLOO WELLINGTON A,6149387,4832.26.12,NORM,Y,C,26,1,2012-10-19 20:14:22,,ON,1981,2010,,1981,,2001,21,651,,0,100,Total degree-days Above 5 deg C,Total des degrés-jours supérieurs à 5 degree C,12,5.02,4832
-80.38333333333334,43.45,WATERLOO WELLINGTON A,6149387,4832.26.13,NORM,Y,C,26,1,2012-10-19 20:14:22,,ON,1981,2010,,1981,,2002,22,7882,,1,98.85,Total degree-days Above 5 deg C,Total des degrés-jours supérieurs à 5 degree C,13,2033.34,4832
-80.38333333333334,43.45,WATERLOO WELLINGTON A,6149387,4832.27.1,NORM,Y,C,27,1,2012-10-19 20:14:22,,ON,1981,2010,,1981,,2002,22,682,,0,100,Total degree-days Above 0 deg C,Total des degrés-jours supérieurs à 0 degree C,1,11.02,4832
-80.38333333333334,43.45,WATERLOO WELLINGTON A,6149387,4832.27.2,NORM,Y,C,27,1,2012-10-19 20:14:22,,ON,1981,2010,,1981,,2002,22,621,,0,100,Total degree-days Above 0 deg C,Total des degrés-jours supérieurs à 0 degree C,2,13.94,4832
-80.38333333333334,43.45,WATERLOO WELLINGTON A,6149387,4832.27.3,NORM,Y,C,27,1,2012-10-19 20:14:22,,ON,1981,2010,,1981,,2002,21,651,,1,95.45,Total degree-days Above 0 deg C,Total des degrés-jours supérieurs à 0 degree C,3,55.4,4832
-80.38333333333334,43.45,WATERLOO WELLINGTON A,6149387,4832.27.4,NORM,Y,C,27,1,2012-10-19 20:14:22,,ON,1981,2010,,1981,,2002,22,660,,0,100,Total degree-days Above 0 deg C,Total des degrés-jours supérieurs à 0 degree C,4,190.56,4832
-80.38333333333334,43.45,WATERLOO WELLINGTON A,6149387,4832.27.5,NORM,Y,C,27,1,2012-10-19 20:14:22,,ON,1981,2010,,1981,,2002,21,651,,1,95.45,Total degree-days Above 0 deg C,Total des degrés-jours supérieurs à 0 degree C,5,388.59,4832
-80.38333333333334,43.45,WATERLOO WELLINGTON A,6149387,4832.27.6,NORM,Y,C,27,1,2012-10-19 20:14:22,,ON,1981,2010,,1981,,2002,22,660,,0,100,Total degree-days Above 0 deg C,Total des degrés-jours supérieurs à 0 degree C,6,526.81,4832
-80.38333333333334,43.45,WATERLOO WELLINGTON A,6149387,4832.27.7,NORM,Y,C,27,1,2012-10-19 20:14:22,,ON,1981,2010,,1981,,2002,22,682,,0,100,Total degree-days Above 0 deg C,Total des degrés-jours supérieurs à 0 degree C,7,620.78,4832
-80.38333333333334,43.45,WATERLOO WELLINGTON A,6149387,4832.27.8,NORM,Y,C,27,1,2012-10-19 20:14:22,,ON,1981,2010,,1981,,2002,22,682,,0,100,Total degree-days Above 0 deg C,Total des degrés-jours supérieurs à 0 degree C,8,585.46,4832
-80.38333333333334,43.45,WATERLOO WELLINGTON A,6149387,4832.27.9,NORM,Y,C,27,1,2012-10-19 20:14:22,,ON,1981,2010,,1981,,2002,22,660,,0,100,Total degree-days Above 0 deg C,Total des degrés-jours supérieurs à 0 degree C,9,436.24,4832
-80.38333333333334,43.45,WATERLOO WELLINGTON A,6149387,4832.27.10,NORM,Y,C,27,1,2012-10-19 20:14:22,,ON,1981,2010,,1981,,2002,22,682,,0,100,Total degree-days Above 0 deg C,Total des degrés-jours supérieurs à 0 degree C,10,255.6,4832
-80.38333333333334,43.45,WATERLOO WELLINGTON A,6149387,4832.27.11,NORM,Y,C,27,1,2012-10-19 20:14:22,,ON,1981,2010,,1981,,2001,20,600,,1,95.24,Total degree-days Above 0 deg C,Total des degrés-jours supérieurs à 0 degree C,11,100.08,4832
-80.38333333333334,43.45,WATERLOO WELLINGTON A,6149387,4832.27.12,NORM,Y,C,27,1,2012-10-19 20:14:22,,ON,1981,2010,,1981,,2001,21,651,,0,100,Total degree-days Above 0 deg C,Total des degrés-jours supérieurs à 0 degree C,12,26.11,4832
-80.38333333333334,43.45,WATERLOO WELLINGTON A,6149387,4832.27.13,NORM,Y,C,27,1,2012-10-19 20:14:22,,ON,1981,2010,,1981,,2002,22,7882,,1,98.85,Total degree-days Above 0 deg C,Total des degrés-jours supérieurs à 0 degree C,13,3210.59,4832
-80.38333333333334,43.45,WATERLOO WELLINGTON A,6149387,4832.28.1,NORM,Y,C,28,1,2012-10-19 20:14:22,,ON,1981,2010,,1981,,2002,22,682,,0,100,Total degree-days below 0 deg C,Total des degrés-jours inférieurs à 0 degree C,1,211.68,4832
-80.38333333333334,43.45,WATERLOO WELLINGTON A,6149387,4832.28.2,NORM,Y,C,28,1,2012-10-19 20:14:22,,ON,1981,2010,,1981,,2002,22,621,,0,100,Total degree-days below 0 deg C,Total des degrés-jours inférieurs à 0 degree C,2,168.01,4832
-80.38333333333334,43.45,WATERLOO WELLINGTON A,6149387,4832.28.3,NORM,Y,C,28,1,2012-10-19 20:14:22,,ON,1981,2010,,1981,,2002,21,651,,1,95.45,Total degree-days below 0 deg C,Total des degrés-jours inférieurs à 0 degree C,3,89.74,4832
-80.38333333333334,43.45,WATERLOO WELLINGTON A,6149387,4832.28.4,NORM,Y,C,28,1,2012-10-19 20:14:22,,ON,1981,2010,,1981,,2002,22,660,,0,100,Total degree-days below 0 deg C,Total des degrés-jours inférieurs à 0 degree C,4,6.13,4832
-80.38333333333334,43.45,WATERLOO WELLINGTON A,6149387,4832.28.5,NORM,Y,C,28,1,2012-10-19 20:14:22,,ON,1981,2010,,1981,,2002,21,651,,1,95.45,Total degree-days below 0 deg C,Total des degrés-jours inférieurs à 0 degree C,5,0,4832
-80.38333333333334,43.45,WATERLOO WELLINGTON A,6149387,4832.28.6,NORM,Y,C,28,1,2012-10-19 20:14:22,,ON,1981,2010,,1981,,2002,22,660,,0,100,Total degree-days below 0 deg C,Total des degrés-jours inférieurs à 0 degree C,6,0,4832
-80.38333333333334,43.45,WATERLOO WELLINGTON A,6149387,4832.28.7,NORM,Y,C,28,1,2012-10-19 20:14:22,,ON,1981,2010,,1981,,2002,22,682,,0,100,Total degree-days below 0 deg C,Total des degrés-jours inférieurs à 0 degree C,7,0,4832
-80.38333333333334,43.45,WATERLOO WELLINGTON A,6149387,4832.28.8,NORM,Y,C,28,1,2012-10-19 20:14:22,,ON,1981,2010,,1981,,2002,22,682,,0,100,Total degree-days below 0 deg C,Total des degrés-jours inférieurs à 0 degree C,8,0,4832
-80.38333333333334,43.45,WATERLOO WELLINGTON A,6149387,4832.28.9,NORM,Y,C,28,1,2012-10-19 20:14:22,,ON,1981,2010,,1981,,2002,22,660,,0,100,Total degree-days below 0 deg C,Total des degrés-jours inférieurs à 0 degree C,9,0,4832
-80.38333333333334,43.45,WATERLOO WELLINGTON A,6149387,4832.28.10,NORM,Y,C,28,1,2012-10-19 20:14:22,,ON,1981,2010,,1981,,2002,22,682,,0,100,Total degree-days below 0 deg C,Total des degrés-jours inférieurs à 0 degree C,10,0.17,4832
-80.38333333333334,43.45,WATERLOO WELLINGTON A,6149387,4832.28.11,NORM,Y,C,28,1,2012-10-19 20:14:22,,ON,1981,2010,,1981,,2001,20,600,,1,95.24,Total degree-days below 0 deg C,Total des degrés-jours inférieurs à 0 degree C,11,23.63,4832
-80.38333333333334,43.45,WATERLOO WELLINGTON A,6149387,4832.28.12,NORM,Y,C,28,1,2012-10-19 20:14:22,,ON,1981,2010,,1981,,2001,21,651,,0,100,Total degree-days below 0 deg C,Total des degrés-jours inférieurs à 0 degree C,12,129.4,4832
-80.38333333333334,43.45,WATERLOO WELLINGTON A,6149387,4832.28.13,NORM,Y,C,28,1,2012-10-19 20:14:22,,ON,1981,2010,,1981,,2002,22,7882,,1,98.85,Total degree-days below 0 deg C,Total des degrés-jours inférieurs à 0 degree C,13,628.76,4832
-80.38333333333334,43.45,WATERLOO WELLINGTON A,6149387,4832.29.1,NORM,Y,C,29,1,2012-10-19 20:14:22,,ON,1981,2010,,1981,,2002,22,682,,0,100,Total degree-days below 5 deg C,Total des degrés-jours inférieurs à 5 degree C,1,356.81,4832
-80.38333333333334,43.45,WATERLOO WELLINGTON A,6149387,4832.29.2,NORM,Y,C,29,1,2012-10-19 20:14:22,,ON,1981,2010,,1981,,2002,22,621,,0,100,Total degree-days below 5 deg C,Total des degrés-jours inférieurs à 5 degree C,2,296.06,4832
-80.38333333333334,43.45,WATERLOO WELLINGTON A,6149387,4832.29.3,NORM,Y,C,29,1,2012-10-19 20:14:22,,ON,1981,2010,,1981,,2002,21,651,,1,95.45,Total degree-days below 5 deg C,Total des degrés-jours inférieurs à 5 degree C,3,202.73,4832
-80.38333333333334,43.45,WATERLOO WELLINGTON A,6149387,4832.29.4,NORM,Y,C,29,1,2012-10-19 20:14:22,,ON,1981,2010,,1981,,2002,22,660,,0,100,Total degree-days below 5 deg C,Total des degrés-jours inférieurs à 5 degree C,4,40.71,4832
-80.38333333333334,43.45,WATERLOO WELLINGTON A,6149387,4832.29.5,NORM,Y,C,29,1,2012-10-19 20:14:22,,ON,1981,2010,,1981,,2002,21,651,,1,95.45,Total degree-days below 5 deg C,Total des degrés-jours inférieurs à 5 degree C,5,1.08,4832
-80.38333333333334,43.45,WATERLOO WELLINGTON A,6149387,4832.29.6,NORM,Y,C,29,1,2012-10-19 20:14:22,,ON,1981,2010,,1981,,2002,22,660,,0,100,Total degree-days below 5 deg C,Total des degrés-jours inférieurs à 5 degree C,6,0,4832
-80.38333333333334,43.45,WATERLOO WELLINGTON A,6149387,4832.29.7,NORM,Y,C,29,1,2012-10-19 20:14:22,,ON,1981,2010,,1981,,2002,22,682,,0,100,Total degree-days below 5 deg C,Total des degrés-jours inférieurs à 5 degree C,7,0,4832
-80.38333333333334,43.45,WATERLOO WELLINGTON A,6149387,4832.29.8,NORM,Y,C,29,1,2012-10-19 20:14:22,,ON,1981,2010,,1981,,2002,22,682,,0,100,Total degree-days below 5 deg C,Total des degrés-jours inférieurs à 5 degree C,8,0,4832
-80.38333333333334,43.45,WATERLOO WELLINGTON A,6149387,4832.29.9,NORM,Y,C,29,1,2012-10-19 20:14:22,,ON,1981,2010,,1981,,2002,22,660,,0,100,Total degree-days below 5 deg C,Total des degrés-jours inférieurs à 5 degree C,9,0.13,4832
-80.38333333333334,43.45,WATERLOO WELLINGTON A,6149387,4832.29.10,NORM,Y,C,29,1,2012-10-19 20:14:22,,ON,1981,2010,,1981,,2002,22,682,,0,100,Total degree-days below 5 deg C,Total des degrés-jours inférieurs à 5 degree C,10,15.16,4832
-80.38333333333334,43.45,WATERLOO WELLINGTON A,6149387,4832.29.11,NORM,Y,C,29,1,2012-10-19 20:14:22,,ON,1981,2010,,1981,,2001,20,600,,1,95.24,Total degree-days below 5 deg C,Total des degrés-jours inférieurs à 5 degree C,11,101.65,4832
-80.38333333333334,43.45,WATERLOO WELLINGTON A,6149387,4832.29.12,NORM,Y,C,29,1,2012-10-19 20:14:22,,ON,1981,2010,,1981,,2001,21,651,,0,100,Total degree-days below 5 deg C,Total des degrés-jours inférieurs à 5 degree C,12,263.31,4832
-80.38333333333334,43.45,WATERLOO WELLINGTON A,6149387,4832.29.13,NORM,Y,C,29,1,2012-10-19 20:14:22,,ON,1981,2010,,1981,,2002,22,7882,,1,98.85,Total degree-days below 5 deg C,Total des degrés-jours inférieurs à 5 degree C,13,1277.64,4832
-80.38333333333334,43.45,WATERLOO WELLINGTON A,6149387,4832.30.1,NORM,Y,C,30,1,2012-10-19 20:14:22,,ON,1981,2010,,1981,,2002,22,682,,0,100,Total degree-days below 10 deg C,Total des degrés-jours inférieurs à 10 degree C,1,510.65,4832
-80.38333333333334,43.45,WATERLOO WELLINGTON A,6149387,4832.30.2,NORM,Y,C,30,1,2012-10-19 20:14:22,,ON,1981,2010,,1981,,2002,22,621,,0,100,Total degree-days below 10 deg C,Total des degrés-jours inférieurs à 10 degree C,2,436.35,4832
-80.38333333333334,43.45,WATERLOO WELLINGTON A,6149387,4832.30.3,NORM,Y,C,30,1,2012-10-19 20:14:22,,ON,1981,2010,,1981,,2002,21,651,,1,95.45,Total degree-days below 10 deg C,Total des degrés-jours inférieurs à 10 degree C,3,346.67,4832
-80.38333333333334,43.45,WATERLOO WELLINGTON A,6149387,4832.30.4,NORM,Y,C,30,1,2012-10-19 20:14:22,,ON,1981,2010,,1981,,2002,22,660,,0,100,Total degree-days below 10 deg C,Total des degrés-jours inférieurs à 10 degree C,4,135.82,4832
-80.38333333333334,43.45,WATERLOO WELLINGTON A,6149387,4832.30.5,NORM,Y,C,30,1,2012-10-19 20:14:22,,ON,1981,2010,,1981,,2002,21,651,,1,95.45,Total degree-days below 10 deg C,Total des degrés-jours inférieurs à 10 degree C,5,24.97,4832
-80.38333333333334,43.45,WATERLOO WELLINGTON A,6149387,4832.30.6,NORM,Y,C,30,1,2012-10-19 20:14:22,,ON,1981,2010,,1981,,2002,22,660,,0,100,Total degree-days below 10 deg C,Total des degrés-jours inférieurs à 10 degree C,6,0.8,4832
-80.38333333333334,43.45,WATERLOO WELLINGTON A,6149387,4832.30.7,NORM,Y,C,30,1,2012-10-19 20:14:22,,ON,1981,2010,,1981,,2002,22,682,,0,100,Total degree-days below 10 deg C,Total des degrés-jours inférieurs à 10 degree C,7,0,4832
-80.38333333333334,43.45,WATERLOO WELLINGTON A,6149387,4832.30.8,NORM,Y,C,30,1,2012-10-19 20:14:22,,ON,1981,2010,,1981,,2002,22,682,,0,100,Total degree-days below 10 deg C,Total des degrés-jours inférieurs à 10 degree C,8,0.17,4832
-80.38333333333334,43.45,WATERLOO WELLINGTON A,6149387,4832.30.9,NORM,Y,C,30,1,2012-10-19 20:14:22,,ON,1981,2010,,1981,,2002,22,660,,0,100,Total degree-days below 10 deg C,Total des degrés-jours inférieurs à 10 degree C,9,9.56,4832
-80.38333333333334,43.45,WATERLOO WELLINGTON A,6149387,4832.30.10,NORM,Y,C,30,1,2012-10-19 20:14:22,,ON,1981,2010,,1981,,2002,22,682,,0,100,Total degree-days below 10 deg C,Total des degrés-jours inférieurs à 10 degree C,10,87.54,4832
-80.38333333333334,43.45,WATERLOO WELLINGTON A,6149387,4832.30.11,NORM,Y,C,30,1,2012-10-19 20:14:22,,ON,1981,2010,,1981,,2001,20,600,,1,95.24,Total degree-days below 10 deg C,Total des degrés-jours inférieurs à 10 degree C,11,227.32,4832
-80.38333333333334,43.45,WATERLOO WELLINGTON A,6149387,4832.30.12,NORM,Y,C,30,1,2012-10-19 20:14:22,,ON,1981,2010,,1981,,2001,21,651,,0,100,Total degree-days below 10 deg C,Total des degrés-jours inférieurs à 10 degree C,12,413.83,4832
-80.38333333333334,43.45,WATERLOO WELLINGTON A,6149387,4832.30.13,NORM,Y,C,30,1,2012-10-19 20:14:22,,ON,1981,2010,,1981,,2002,22,7882,,1,98.85,Total degree-days below 10 deg C,Total des degrés-jours inférieurs à 10 degree C,13,2193.68,4832
-80.38333333333334,43.45,WATERLOO WELLINGTON A,6149387,4832.31.1,NORM,Y,C,31,1,2012-10-19 20:14:22,,ON,1981,2010,,1981,,2002,22,682,,0,100,Total degree-days below 15 deg C,Total des degrés-jours inférieurs à 15 degree C,1,665.65,4832
-80.38333333333334,43.45,WATERLOO WELLINGTON A,6149387,4832.31.2,NORM,Y,C,31,1,2012-10-19 20:14:22,,ON,1981,2010,,1981,,2002,22,621,,0,100,Total degree-days below 15 deg C,Total des degrés-jours inférieurs à 15 degree C,2,577.48,4832
-80.38333333333334,43.45,WATERLOO WELLINGTON A,6149387,4832.31.3,NORM,Y,C,31,1,2012-10-19 20:14:22,,ON,1981,2010,,1981,,2002,21,651,,1,95.45,Total degree-days below 15 deg C,Total des degrés-jours inférieurs à 15 degree C,3,499.42,4832
-80.38333333333334,43.45,WATERLOO WELLINGTON A,6149387,4832.31.4,NORM,Y,C,31,1,2012-10-19 20:14:22,,ON,1981,2010,,1981,,2002,22,660,,0,100,Total degree-days below 15 deg C,Total des degrés-jours inférieurs à 15 degree C,4,269.31,4832
-80.38333333333334,43.45,WATERLOO WELLINGTON A,6149387,4832.31.5,NORM,Y,C,31,1,2012-10-19 20:14:22,,ON,1981,2010,,1981,,2002,21,651,,1,95.45,Total degree-days below 15 deg C,Total des degrés-jours inférieurs à 15 degree C,5,106.63,4832
-80.38333333333334,43.45,WATERLOO WELLINGTON A,6149387,4832.31.6,NORM,Y,C,31,1,2012-10-19 20:14:22,,ON,1981,2010,,1981,,2002,22,660,,0,100,Total degree-days below 15 deg C,Total des degrés-jours inférieurs à 15 degree C,6,17.24,4832
-80.38333333333334,43.45,WATERLOO WELLINGTON A,6149387,4832.31.7,NORM,Y,C,31,1,2012-10-19 20:14:22,,ON,1981,2010,,1981,,2002,22,682,,0,100,Total degree-days below 15 deg C,Total des degrés-jours inférieurs à 15 degree C,7,1.47,4832
-80.38333333333334,43.45,WATERLOO WELLINGTON A,6149387,4832.31.8,NORM,Y,C,31,1,2012-10-19 20:14:22,,ON,1981,2010,,1981,,2002,22,682,,0,100,Total degree-days below 15 deg C,Total des degrés-jours inférieurs à 15 degree C,8,4.56,4832
-80.38333333333334,43.45,WATERLOO WELLINGTON A,6149387,4832.31.9,NORM,Y,C,31,1,2012-10-19 20:14:22,,ON,1981,2010,,1981,,2002,22,660,,0,100,Total degree-days below 15 deg C,Total des degrés-jours inférieurs à 15 degree C,9,60.09,4832
-80.38333333333334,43.45,WATERLOO WELLINGTON A,6149387,4832.31.10,NORM,Y,C,31,1,2012-10-19 20:14:22,,ON,1981,2010,,1981,,2002,22,682,,0,100,Total degree-days below 15 deg C,Total des degrés-jours inférieurs à 15 degree C,10,214.08,4832
-80.38333333333334,43.45,WATERLOO WELLINGTON A,6149387,4832.31.11,NORM,Y,C,31,1,2012-10-19 20:14:22,,ON,1981,2010,,1981,,2001,20,600,,1,95.24,Total degree-days below 15 deg C,Total des degrés-jours inférieurs à 15 degree C,11,373.59,4832
-80.38333333333334,43.45,WATERLOO WELLINGTON A,6149387,4832.31.12,NORM,Y,C,31,1,2012-10-19 20:14:22,,ON,1981,2010,,1981,,2001,21,651,,0,100,Total degree-days below 15 deg C,Total des degrés-jours inférieurs à 15 degree C,12,568.29,4832
-80.38333333333334,43.45,WATERLOO WELLINGTON A,6149387,4832.31.13,NORM,Y,C,31,1,2012-10-19 20:14:22,,ON,1981,2010,,1981,,2002,22,7882,,1,98.85,Total degree-days below 15 deg C,Total des degrés-jours inférieurs à 15 degree C,13,3357.81,4832
-80.38333333333334,43.45,WATERLOO WELLINGTON A,6149387,4832.32.1,NORM,Y,C,32,1,2012-10-19 20:14:22,,ON,1981,2010,,1981,,2002,22,682,,0,100,Total degree-days below 18 deg C,Total des degrés-jours inférieurs à 18 degree C,1,758.65,4832
-80.38333333333334,43.45,WATERLOO WELLINGTON A,6149387,4832.32.2,NORM,Y,C,32,1,2012-10-19 20:14:22,,ON,1981,2010,,1981,,2002,22,621,,0,100,Total degree-days below 18 deg C,Total des degrés-jours inférieurs à 18 degree C,2,662.16,4832
-80.38333333333334,43.45,WATERLOO WELLINGTON A,6149387,4832.32.3,NORM,Y,C,32,1,2012-10-19 20:14:22,,ON,1981,2010,,1981,,2002,21,651,,1,95.45,Total degree-days below 18 deg C,Total des degrés-jours inférieurs à 18 degree C,3,592.35,4832
-80.38333333333334,43.45,WATERLOO WELLINGTON A,6149387,4832.32.4,NORM,Y,C,32,1,2012-10-19 20:14:22,,ON,1981,2010,,1981,,2002,22,660,,0,100,Total degree-days below 18 deg C,Total des degrés-jours inférieurs à 18 degree C,4,356.6,4832
-80.38333333333334,43.45,WATERLOO WELLINGTON A,6149387,4832.32.5,NORM,Y,C,32,1,2012-10-19 20:14:22,,ON,1981,2010,,1981,,2002,21,651,,1,95.45,Total degree-days below 18 deg C,Total des degrés-jours inférieurs à 18 degree C,5,179.65,4832
-80.38333333333334,43.45,WATERLOO WELLINGTON A,6149387,4832.32.6,NORM,Y,C,32,1,2012-10-19 20:14:22,,ON,1981,2010,,1981,,2002,22,660,,0,100,Total degree-days below 18 deg C,Total des degrés-jours inférieurs à 18 degree C,6,54.04,4832
-80.38333333333334,43.45,WATERLOO WELLINGTON A,6149387,4832.32.7,NORM,Y,C,32,1,2012-10-19 20:14:22,,ON,1981,2010,,1981,,2002,22,682,,0,100,Total degree-days below 18 deg C,Total des degrés-jours inférieurs à 18 degree C,7,14.43,4832
-80.38333333333334,43.45,WATERLOO WELLINGTON A,6149387,4832.32.8,NORM,Y,C,32,1,2012-10-19 20:14:22,,ON,1981,2010,,1981,,2002,22,682,,0,100,Total degree-days below 18 deg C,Total des degrés-jours inférieurs à 18 degree C,8,27.2,4832
-80.38333333333334,43.45,WATERLOO WELLINGTON A,6149387,4832.32.9,NORM,Y,C,32,1,2012-10-19 20:14:22,,ON,1981,2010,,1981,,2002,22,660,,0,100,Total degree-days below 18 deg C,Total des degrés-jours inférieurs à 18 degree C,9,120.37,4832
-80.38333333333334,43.45,WATERLOO WELLINGTON A,6149387,4832.32.10,NORM,Y,C,32,1,2012-10-19 20:14:22,,ON,1981,2010,,1981,,2002,22,682,,0,100,Total degree-days below 18 deg C,Total des degrés-jours inférieurs à 18 degree C,10,303.3,4832
-80.38333333333334,43.45,WATERLOO WELLINGTON A,6149387,4832.32.11,NORM,Y,C,32,1,2012-10-19 20:14:22,,ON,1981,2010,,1981,,2001,20,600,,1,95.24,Total degree-days below 18 deg C,Total des degrés-jours inférieurs à 18 degree C,11,463.56,4832
-80.38333333333334,43.45,WATERLOO WELLINGTON A,6149387,4832.32.12,NORM,Y,C,32,1,2012-10-19 20:14:22,,ON,1981,2010,,1981,,2001,21,651,,0,100,Total degree-days below 18 deg C,Total des degrés-jours inférieurs à 18 degree C,12,661.29,4832
-80.38333333333334,43.45,WATERLOO WELLINGTON A,6149387,4832.32.13,NORM,Y,C,32,1,2012-10-19 20:14:22,,ON,1981,2010,,1981,,2002,22,7882,,1,98.85,Total degree-days below 18 deg C,Total des degrés-jours inférieurs à 18 degree C,13,4193.6,4832
-80.38333333333334,43.45,WATERLOO WELLINGTON A,6149387,4832.33.1,NORM,Y,C,33,1,2012-10-19 20:14:22,,ON,1981,2010,,1981,,2002,22,682,,0,100,Days with daily max temperature LE 0 deg C,Jours avec température maximale quotidienne <= 0 degree C,1,20.73,4832
-80.38333333333334,43.45,WATERLOO WELLINGTON A,6149387,4832.33.2,NORM,Y,C,33,1,2012-10-19 20:14:22,,ON,1981,2010,,1981,,2002,22,621,,0,100,Days with daily max temperature LE 0 deg C,Jours avec température maximale quotidienne <= 0 degree C,2,15.73,4832
-80.38333333333334,43.45,WATERLOO WELLINGTON A,6149387,4832.33.3,NORM,Y,C,33,1,2012-10-19 20:14:22,,ON,1981,2010,,1981,,2002,21,651,,1,95.45,Days with daily max temperature LE 0 deg C,Jours avec température maximale quotidienne <= 0 degree C,3,9.24,4832
-80.38333333333334,43.45,WATERLOO WELLINGTON A,6149387,4832.33.4,NORM,Y,C,33,1,2012-10-19 20:14:22,,ON,1981,2010,,1981,,2002,22,660,,0,100,Days with daily max temperature LE 0 deg C,Jours avec température maximale quotidienne <= 0 degree C,4,0.64,4832
-80.38333333333334,43.45,WATERLOO WELLINGTON A,6149387,4832.33.5,NORM,Y,C,33,1,2012-10-19 20:14:22,,ON,1981,2010,,1981,,2002,22,682,,0,100,Days with daily max temperature LE 0 deg C,Jours avec température maximale quotidienne <= 0 degree C,5,0,4832
-80.38333333333334,43.45,WATERLOO WELLINGTON A,6149387,4832.33.6,NORM,Y,C,33,1,2012-10-19 20:14:22,,ON,1981,2010,,1981,,2002,22,660,,0,100,Days with daily max temperature LE 0 deg C,Jours avec température maximale quotidienne <= 0 degree C,6,0,4832
-80.38333333333334,43.45,WATERLOO WELLINGTON A,6149387,4832.33.7,NORM,Y,C,33,1,2012-10-19 20:14:22,,ON,1981,2010,,1981,,2002,22,682,,0,100,Days with daily max temperature LE 0 deg C,Jours avec température maximale quotidienne <= 0 degree C,7,0,4832
-80.38333333333334,43.45,WATERLOO WELLINGTON A,6149387,4832.33.8,NORM,Y,C,33,1,2012-10-19 20:14:22,,ON,1981,2010,,1981,,2002,22,682,,0,100,Days with daily max temperature LE 0 deg C,Jours avec température maximale quotidienne <= 0 degree C,8,0,4832
-80.38333333333334,43.45,WATERLOO WELLINGTON A,6149387,4832.33.9,NORM,Y,C,33,1,2012-10-19 20:14:22,,ON,1981,2010,,1981,,2002,22,660,,0,100,Days with daily max temperature LE 0 deg C,Jours avec température maximale quotidienne <= 0 degree C,9,0,4832
-80.38333333333334,43.45,WATERLOO WELLINGTON A,6149387,4832.33.10,NORM,Y,C,33,1,2012-10-19 20:14:22,,ON,1981,2010,,1981,,2002,22,682,,0,100,Days with daily max temperature LE 0 deg C,Jours avec température maximale quotidienne <= 0 degree C,10,0,4832
-80.38333333333334,43.45,WATERLOO WELLINGTON A,6149387,4832.33.11,NORM,Y,C,33,1,2012-10-19 20:14:22,,ON,1981,2010,,1981,,2001,20,600,,1,95.24,Days with daily max temperature LE 0 deg C,Jours avec température maximale quotidienne <= 0 degree C,11,3.2,4832
-80.38333333333334,43.45,WATERLOO WELLINGTON A,6149387,4832.33.12,NORM,Y,C,33,1,2012-10-19 20:14:22,,ON,1981,2010,,1981,,2001,21,651,,0,100,Days with daily max temperature LE 0 deg C,Jours avec température maximale quotidienne <= 0 degree C,12,14,4832
-80.38333333333334,43.45,WATERLOO WELLINGTON A,6149387,4832.33.13,NORM,Y,C,33,1,2012-10-19 20:14:22,,ON,1981,2010,,1981,,2002,22,7913,,1,99.22,Days with daily max temperature LE 0 deg C,Jours avec température maximale quotidienne <= 0 degree C,13,63.54,4832
-80.38333333333334,43.45,WATERLOO WELLINGTON A,6149387,4832.34.1,NORM,Y,C,34,1,2012-10-19 20:14:22,,ON,1981,2010,,1981,,2002,22,682,,0,100,Days with daily max temperature GT 0 deg C,Jours avec température maximale quotidienne > 0 ºC,1,10.27,4832
-80.38333333333334,43.45,WATERLOO WELLINGTON A,6149387,4832.34.2,NORM,Y,C,34,1,2012-10-19 20:14:22,,ON,1981,2010,,1981,,2002,22,621,,0,100,Days with daily max temperature GT 0 deg C,Jours avec température maximale quotidienne > 0 ºC,2,12.5,4832
-80.38333333333334,43.45,WATERLOO WELLINGTON A,6149387,4832.34.3,NORM,Y,C,34,1,2012-10-19 20:14:22,,ON,1981,2010,,1981,,2002,21,651,,1,95.45,Days with daily max temperature GT 0 deg C,Jours avec température maximale quotidienne > 0 ºC,3,21.76,4832
-80.38333333333334,43.45,WATERLOO WELLINGTON A,6149387,4832.34.4,NORM,Y,C,34,1,2012-10-19 20:14:22,,ON,1981,2010,,1981,,2002,22,660,,0,100,Days with daily max temperature GT 0 deg C,Jours avec température maximale quotidienne > 0 ºC,4,29.36,4832
-80.38333333333334,43.45,WATERLOO WELLINGTON A,6149387,4832.34.5,NORM,Y,C,34,1,2012-10-19 20:14:22,,ON,1981,2010,,1981,,2002,22,682,,0,100,Days with daily max temperature GT 0 deg C,Jours avec température maximale quotidienne > 0 ºC,5,31,4832
-80.38333333333334,43.45,WATERLOO WELLINGTON A,6149387,4832.34.6,NORM,Y,C,34,1,2012-10-19 20:14:22,,ON,1981,2010,,1981,,2002,22,660,,0,100,Days with daily max temperature GT 0 deg C,Jours avec température maximale quotidienne > 0 ºC,6,30,4832
-80.38333333333334,43.45,WATERLOO WELLINGTON A,6149387,4832.34.7,NORM,Y,C,34,1,2012-10-19 20:14:22,,ON,1981,2010,,1981,,2002,22,682,,0,100,Days with daily max temperature GT 0 deg C,Jours avec température maximale quotidienne > 0 ºC,7,31,4832
-80.38333333333334,43.45,WATERLOO WELLINGTON A,6149387,4832.34.8,NORM,Y,C,34,1,2012-10-19 20:14:22,,ON,1981,2010,,1981,,2002,22,682,,0,100,Days with daily max temperature GT 0 deg C,Jours avec température maximale quotidienne > 0 ºC,8,31,4832
-80.38333333333334,43.45,WATERLOO WELLINGTON A,6149387,4832.34.9,NORM,Y,C,34,1,2012-10-19 20:14:22,,ON,1981,2010,,1981,,2002,22,660,,0,100,Days with daily max temperature GT 0 deg C,Jours avec température maximale quotidienne > 0 ºC,9,30,4832
-80.38333333333334,43.45,WATERLOO WELLINGTON A,6149387,4832.34.10,NORM,Y,C,34,1,2012-10-19 20:14:22,,ON,1981,2010,,1981,,2002,22,682,,0,100,Days with daily max temperature GT 0 deg C,Jours avec température maximale quotidienne > 0 ºC,10,31,4832
-80.38333333333334,43.45,WATERLOO WELLINGTON A,6149387,4832.34.11,NORM,Y,C,34,1,2012-10-19 20:14:22,,ON,1981,2010,,1981,,2001,20,600,,1,95.24,Days with daily max temperature GT 0 deg C,Jours avec température maximale quotidienne > 0 ºC,11,26.8,4832
-80.38333333333334,43.45,WATERLOO WELLINGTON A,6149387,4832.34.12,NORM,Y,C,34,1,2012-10-19 20:14:22,,ON,1981,2010,,1981,,2001,21,651,,0,100,Days with daily max temperature GT 0 deg C,Jours avec température maximale quotidienne > 0 ºC,12,17,4832
-80.38333333333334,43.45,WATERLOO WELLINGTON A,6149387,4832.34.13,NORM,Y,C,34,1,2012-10-19 20:14:22,,ON,1981,2010,,1981,,2002,22,7913,,1,99.22,Days with daily max temperature GT 0 deg C,Jours avec température maximale quotidienne > 0 ºC,13,301.69,4832
-80.38333333333334,43.45,WATERLOO WELLINGTON A,6149387,4832.35.1,NORM,Y,C,35,1,2012-10-19 20:14:22,,ON,1981,2010,,1981,,2002,22,682,,0,100,Days with daily max temperature GT 10 deg C,Jours avec température maximale quotidienne > 10 degree C,1,0.45,4832
-80.38333333333334,43.45,WATERLOO WELLINGTON A,6149387,4832.35.2,NORM,Y,C,35,1,2012-10-19 20:14:22,,ON,1981,2010,,1981,,2002,22,621,,0,100,Days with daily max temperature GT 10 deg C,Jours avec température maximale quotidienne > 10 degree C,2,0.5,4832
-80.38333333333334,43.45,WATERLOO WELLINGTON A,6149387,4832.35.3,NORM,Y,C,35,1,2012-10-19 20:14:22,,ON,1981,2010,,1981,,2002,21,651,,1,95.45,Days with daily max temperature GT 10 deg C,Jours avec température maximale quotidienne > 10 degree C,3,4.86,4832
-80.38333333333334,43.45,WATERLOO WELLINGTON A,6149387,4832.35.4,NORM,Y,C,35,1,2012-10-19 20:14:22,,ON,1981,2010,,1981,,2002,22,660,,0,100,Days with daily max temperature GT 10 deg C,Jours avec température maximale quotidienne > 10 degree C,4,17.27,4832
-80.38333333333334,43.45,WATERLOO WELLINGTON A,6149387,4832.35.5,NORM,Y,C,35,1,2012-10-19 20:14:22,,ON,1981,2010,,1981,,2002,22,682,,0,100,Days with daily max temperature GT 10 deg C,Jours avec température maximale quotidienne > 10 degree C,5,29.32,4832
-80.38333333333334,43.45,WATERLOO WELLINGTON A,6149387,4832.35.6,NORM,Y,C,35,1,2012-10-19 20:14:22,,ON,1981,2010,,1981,,2002,22,660,,0,100,Days with daily max temperature GT 10 deg C,Jours avec température maximale quotidienne > 10 degree C,6,29.91,4832
-80.38333333333334,43.45,WATERLOO WELLINGTON A,6149387,4832.35.7,NORM,Y,C,35,1,2012-10-19 20:14:22,,ON,1981,2010,,1981,,2002,22,682,,0,100,Days with daily max temperature GT 10 deg C,Jours avec température maximale quotidienne > 10 degree C,7,31,4832
-80.38333333333334,43.45,WATERLOO WELLINGTON A,6149387,4832.35.8,NORM,Y,C,35,1,2012-10-19 20:14:22,,ON,1981,2010,,1981,,2002,22,682,,0,100,Days with daily max temperature GT 10 deg C,Jours avec température maximale quotidienne > 10 degree C,8,31,4832
-80.38333333333334,43.45,WATERLOO WELLINGTON A,6149387,4832.35.9,NORM,Y,C,35,1,2012-10-19 20:14:22,,ON,1981,2010,,1981,,2002,22,660,,0,100,Days with daily max temperature GT 10 deg C,Jours avec température maximale quotidienne > 10 degree C,9,29.64,4832
-80.38333333333334,43.45,WATERLOO WELLINGTON A,6149387,4832.35.10,NORM,Y,C,35,1,2012-10-19 20:14:22,,ON,1981,2010,,1981,,2002,22,682,,0,100,Days with daily max temperature GT 10 deg C,Jours avec température maximale quotidienne > 10 degree C,10,22.5,4832
-80.38333333333334,43.45,WATERLOO WELLINGTON A,6149387,4832.35.11,NORM,Y,C,35,1,2012-10-19 20:14:22,,ON,1981,2010,,1981,,2001,20,600,,1,95.24,Days with daily max temperature GT 10 deg C,Jours avec température maximale quotidienne > 10 degree C,11,7.4,4832
-80.38333333333334,43.45,WATERLOO WELLINGTON A,6149387,4832.35.12,NORM,Y,C,35,1,2012-10-19 20:14:22,,ON,1981,2010,,1981,,2001,21,651,,0,100,Days with daily max temperature GT 10 deg C,Jours avec température maximale quotidienne > 10 degree C,12,1.57,4832
-80.38333333333334,43.45,WATERLOO WELLINGTON A,6149387,4832.35.13,NORM,Y,C,35,1,2012-10-19 20:14:22,,ON,1981,2010,,1981,,2002,22,7913,,1,99.22,Days with daily max temperature GT 10 deg C,Jours avec température maximale quotidienne > 10 degree C,13,205.42,4832
-80.38333333333334,43.45,WATERLOO WELLINGTON A,6149387,4832.36.1,NORM,Y,C,36,1,2012-10-19 20:14:22,,ON,1981,2010,,1981,,2002,22,682,,0,100,Days with daily max temperature GT 20 deg C,Jours avec température maximale quotidienne > 20 degree C,1,0,4832
-80.38333333333334,43.45,WATERLOO WELLINGTON A,6149387,4832.36.2,NORM,Y,C,36,1,2012-10-19 20:14:22,,ON,1981,2010,,1981,,2002,22,621,,0,100,Days with daily max temperature GT 20 deg C,Jours avec température maximale quotidienne > 20 degree C,2,0,4832
-80.38333333333334,43.45,WATERLOO WELLINGTON A,6149387,4832.36.3,NORM,Y,C,36,1,2012-10-19 20:14:22,,ON,1981,2010,,1981,,2002,21,651,,1,95.45,Days with daily max temperature GT 20 deg C,Jours avec température maximale quotidienne > 20 degree C,3,0.29,4832
-80.38333333333334,43.45,WATERLOO WELLINGTON A,6149387,4832.36.4,NORM,Y,C,36,1,2012-10-19 20:14:22,,ON,1981,2010,,1981,,2002,22,660,,0,100,Days with daily max temperature GT 20 deg C,Jours avec température maximale quotidienne > 20 degree C,4,2.91,4832
-80.38333333333334,43.45,WATERLOO WELLINGTON A,6149387,4832.36.5,NORM,Y,C,36,1,2012-10-19 20:14:22,,ON,1981,2010,,1981,,2002,22,682,,0,100,Days with daily max temperature GT 20 deg C,Jours avec température maximale quotidienne > 20 degree C,5,11.64,4832
-80.38333333333334,43.45,WATERLOO WELLINGTON A,6149387,4832.36.6,NORM,Y,C,36,1,2012-10-19 20:14:22,,ON,1981,2010,,1981,,2002,22,660,,0,100,Days with daily max temperature GT 20 deg C,Jours avec température maximale quotidienne > 20 degree C,6,23.45,4832
-80.38333333333334,43.45,WATERLOO WELLINGTON A,6149387,4832.36.7,NORM,Y,C,36,1,2012-10-19 20:14:22,,ON,1981,2010,,1981,,2002,22,682,,0,100,Days with daily max temperature GT 20 deg C,Jours avec température maximale quotidienne > 20 degree C,7,29.68,4832
-80.38333333333334,43.45,WATERLOO WELLINGTON A,6149387,4832.36.8,NORM,Y,C,36,1,2012-10-19 20:14:22,,ON,1981,2010,,1981,,2002,22,682,,0,100,Days with daily max temperature GT 20 deg C,Jours avec température maximale quotidienne > 20 degree C,8,28.05,4832
-80.38333333333334,43.45,WATERLOO WELLINGTON A,6149387,4832.36.9,NORM,Y,C,36,1,2012-10-19 20:14:22,,ON,1981,2010,,1981,,2002,22,660,,0,100,Days with daily max temperature GT 20 deg C,Jours avec température maximale quotidienne > 20 degree C,9,15.86,4832
-80.38333333333334,43.45,WATERLOO WELLINGTON A,6149387,4832.36.10,NORM,Y,C,36,1,2012-10-19 20:14:22,,ON,1981,2010,,1981,,2002,22,682,,0,100,Days with daily max temperature GT 20 deg C,Jours avec température maximale quotidienne > 20 degree C,10,3.64,4832
-80.38333333333334,43.45,WATERLOO WELLINGTON A,6149387,4832.36.11,NORM,Y,C,36,1,2012-10-19 20:14:22,,ON,1981,2010,,1981,,2001,20,600,,1,95.24,Days with daily max temperature GT 20 deg C,Jours avec température maximale quotidienne > 20 degree C,11,0.15,4832
-80.38333333333334,43.45,WATERLOO WELLINGTON A,6149387,4832.36.12,NORM,Y,C,36,1,2012-10-19 20:14:22,,ON,1981,2010,,1981,,2001,21,651,,0,100,Days with daily max temperature GT 20 deg C,Jours avec température maximale quotidienne > 20 degree C,12,0,4832
-80.38333333333334,43.45,WATERLOO WELLINGTON A,6149387,4832.36.13,NORM,Y,C,36,1,2012-10-19 20:14:22,,ON,1981,2010,,1981,,2002,22,7913,,1,99.22,Days with daily max temperature GT 20 deg C,Jours avec température maximale quotidienne > 20 degree C,13,115.67,4832
-80.38333333333334,43.45,WATERLOO WELLINGTON A,6149387,4832.37.1,NORM,Y,C,37,1,2012-10-19 20:14:22,,ON,1981,2010,,1981,,2002,22,682,,0,100,Days with daily max temperature GT 30 deg C,Jours avec température maximale quotidienne > 30 degree C,1,0,4832
-80.38333333333334,43.45,WATERLOO WELLINGTON A,6149387,4832.37.2,NORM,Y,C,37,1,2012-10-19 20:14:22,,ON,1981,2010,,1981,,2002,22,621,,0,100,Days with daily max temperature GT 30 deg C,Jours avec température maximale quotidienne > 30 degree C,2,0,4832
-80.38333333333334,43.45,WATERLOO WELLINGTON A,6149387,4832.37.3,NORM,Y,C,37,1,2012-10-19 20:14:22,,ON,1981,2010,,1981,,2002,21,651,,1,95.45,Days with daily max temperature GT 30 deg C,Jours avec température maximale quotidienne > 30 degree C,3,0,4832
-80.38333333333334,43.45,WATERLOO WELLINGTON A,6149387,4832.37.4,NORM,Y,C,37,1,2012-10-19 20:14:22,,ON,1981,2010,,1981,,2002,22,660,,0,100,Days with daily max temperature GT 30 deg C,Jours avec température maximale quotidienne > 30 degree C,4,0,4832
-80.38333333333334,43.45,WATERLOO WELLINGTON A,6149387,4832.37.5,NORM,Y,C,37,1,2012-10-19 20:14:22,,ON,1981,2010,,1981,,2002,22,682,,0,100,Days with daily max temperature GT 30 deg C,Jours avec température maximale quotidienne > 30 degree C,5,0.32,4832
-80.38333333333334,43.45,WATERLOO WELLINGTON A,6149387,4832.37.6,NORM,Y,C,37,1,2012-10-19 20:14:22,,ON,1981,2010,,1981,,2002,22,660,,0,100,Days with daily max temperature GT 30 deg C,Jours avec température maximale quotidienne > 30 degree C,6,2.14,4832
-80.38333333333334,43.45,WATERLOO WELLINGTON A,6149387,4832.37.7,NORM,Y,C,37,1,2012-10-19 20:14:22,,ON,1981,2010,,1981,,2002,22,682,,0,100,Days with daily max temperature GT 30 deg C,Jours avec température maximale quotidienne > 30 degree C,7,3.55,4832
-80.38333333333334,43.45,WATERLOO WELLINGTON A,6149387,4832.37.8,NORM,Y,C,37,1,2012-10-19 20:14:22,,ON,1981,2010,,1981,,2002,22,682,,0,100,Days with daily max temperature GT 30 deg C,Jours avec température maximale quotidienne > 30 degree C,8,1.91,4832
-80.38333333333334,43.45,WATERLOO WELLINGTON A,6149387,4832.37.9,NORM,Y,C,37,1,2012-10-19 20:14:22,,ON,1981,2010,,1981,,2002,22,660,,0,100,Days with daily max temperature GT 30 deg C,Jours avec température maximale quotidienne > 30 degree C,9,0.45,4832
-80.38333333333334,43.45,WATERLOO WELLINGTON A,6149387,4832.37.10,NORM,Y,C,37,1,2012-10-19 20:14:22,,ON,1981,2010,,1981,,2002,22,682,,0,100,Days with daily max temperature GT 30 deg C,Jours avec température maximale quotidienne > 30 degree C,10,0,4832
-80.38333333333334,43.45,WATERLOO WELLINGTON A,6149387,4832.37.11,NORM,Y,C,37,1,2012-10-19 20:14:22,,ON,1981,2010,,1981,,2001,20,600,,1,95.24,Days with daily max temperature GT 30 deg C,Jours avec température maximale quotidienne > 30 degree C,11,0,4832
-80.38333333333334,43.45,WATERLOO WELLINGTON A,6149387,4832.37.12,NORM,Y,C,37,1,2012-10-19 20:14:22,,ON,1981,2010,,1981,,2001,21,651,,0,100,Days with daily max temperature GT 30 deg C,Jours avec température maximale quotidienne > 30 degree C,12,0,4832
-80.38333333333334,43.45,WATERLOO WELLINGTON A,6149387,4832.37.13,NORM,Y,C,37,1,2012-10-19 20:14:22,,ON,1981,2010,,1981,,2002,22,7913,,1,99.22,Days with daily max temperature GT 30 deg C,Jours avec température maximale quotidienne > 30 degree C,13,8.37,4832
-80.38333333333334,43.45,WATERLOO WELLINGTON A,6149387,4832.38.1,NORM,Y,C,38,1,2012-10-19 20:14:22,,ON,1981,2010,,1981,,2002,22,682,,0,100,Days with daily max temperature GT 35 deg C,Jours avec température maximale quotidienne > 35 degree C,1,0,4832
-80.38333333333334,43.45,WATERLOO WELLINGTON A,6149387,4832.38.2,NORM,Y,C,38,1,2012-10-19 20:14:22,,ON,1981,2010,,1981,,2002,22,621,,0,100,Days with daily max temperature GT 35 deg C,Jours avec température maximale quotidienne > 35 degree C,2,0,4832
-80.38333333333334,43.45,WATERLOO WELLINGTON A,6149387,4832.38.3,NORM,Y,C,38,1,2012-10-19 20:14:22,,ON,1981,2010,,1981,,2002,21,651,,1,95.45,Days with daily max temperature GT 35 deg C,Jours avec température maximale quotidienne > 35 degree C,3,0,4832
-80.38333333333334,43.45,WATERLOO WELLINGTON A,6149387,4832.38.4,NORM,Y,C,38,1,2012-10-19 20:14:22,,ON,1981,2010,,1981,,2002,22,660,,0,100,Days with daily max temperature GT 35 deg C,Jours avec température maximale quotidienne > 35 degree C,4,0,4832
-80.38333333333334,43.45,WATERLOO WELLINGTON A,6149387,4832.38.5,NORM,Y,C,38,1,2012-10-19 20:14:22,,ON,1981,2010,,1981,,2002,22,682,,0,100,Days with daily max temperature GT 35 deg C,Jours avec température maximale quotidienne > 35 degree C,5,0,4832
-80.38333333333334,43.45,WATERLOO WELLINGTON A,6149387,4832.38.6,NORM,Y,C,38,1,2012-10-19 20:14:22,,ON,1981,2010,,1981,,2002,22,660,,0,100,Days with daily max temperature GT 35 deg C,Jours avec température maximale quotidienne > 35 degree C,6,0.05,4832
-80.38333333333334,43.45,WATERLOO WELLINGTON A,6149387,4832.38.7,NORM,Y,C,38,1,2012-10-19 20:14:22,,ON,1981,2010,,1981,,2002,22,682,,0,100,Days with daily max temperature GT 35 deg C,Jours avec température maximale quotidienne > 35 degree C,7,0.23,4832
-80.38333333333334,43.45,WATERLOO WELLINGTON A,6149387,4832.38.8,NORM,Y,C,38,1,2012-10-19 20:14:22,,ON,1981,2010,,1981,,2002,22,682,,0,100,Days with daily max temperature GT 35 deg C,Jours avec température maximale quotidienne > 35 degree C,8,0.05,4832
-80.38333333333334,43.45,WATERLOO WELLINGTON A,6149387,4832.38.9,NORM,Y,C,38,1,2012-10-19 20:14:22,,ON,1981,2010,,1981,,2002,22,660,,0,100,Days with daily max temperature GT 35 deg C,Jours avec température maximale quotidienne > 35 degree C,9,0,4832
-80.38333333333334,43.45,WATERLOO WELLINGTON A,6149387,4832.38.10,NORM,Y,C,38,1,2012-10-19 20:14:22,,ON,1981,2010,,1981,,2002,22,682,,0,100,Days with daily max temperature GT 35 deg C,Jours avec température maximale quotidienne > 35 degree C,10,0,4832
-80.38333333333334,43.45,WATERLOO WELLINGTON A,6149387,4832.38.11,NORM,Y,C,38,1,2012-10-19 20:14:22,,ON,1981,2010,,1981,,2001,20,600,,1,95.24,Days with daily max temperature GT 35 deg C,Jours avec température maximale quotidienne > 35 degree C,11,0,4832
-80.38333333333334,43.45,WATERLOO WELLINGTON A,6149387,4832.38.12,NORM,Y,C,38,1,2012-10-19 20:14:22,,ON,1981,2010,,1981,,2001,21,651,,0,100,Days with daily max temperature GT 35 deg C,Jours avec température maximale quotidienne > 35 degree C,12,0,4832
-80.38333333333334,43.45,WATERLOO WELLINGTON A,6149387,4832.38.13,NORM,Y,C,38,1,2012-10-19 20:14:22,,ON,1981,2010,,1981,,2002,22,7913,,1,99.22,Days with daily max temperature GT 35 deg C,Jours avec température maximale quotidienne > 35 degree C,13,0.33,4832
-80.38333333333334,43.45,WATERLOO WELLINGTON A,6149387,4832.39.1,NORM,Y,C,39,1,2012-10-19 20:14:22,,ON,1981,2010,,1981,,2002,22,682,,0,100,Days with daily min temperature GT 0 deg C,Jours avec température minimale quotidienne > 0 degree C,1,1.5,4832
-80.38333333333334,43.45,WATERLOO WELLINGTON A,6149387,4832.39.2,NORM,Y,C,39,1,2012-10-19 20:14:22,,ON,1981,2010,,1981,,2002,22,621,,0,100,Days with daily min temperature GT 0 deg C,Jours avec température minimale quotidienne > 0 degree C,2,1.86,4832
-80.38333333333334,43.45,WATERLOO WELLINGTON A,6149387,4832.39.3,NORM,Y,C,39,1,2012-10-19 20:14:22,,ON,1981,2010,,1981,,2002,22,682,,0,100,Days with daily min temperature GT 0 deg C,Jours avec température minimale quotidienne > 0 degree C,3,4,4832
-80.38333333333334,43.45,WATERLOO WELLINGTON A,6149387,4832.39.4,NORM,Y,C,39,1,2012-10-19 20:14:22,,ON,1981,2010,,1981,,2002,22,660,,0,100,Days with daily min temperature GT 0 deg C,Jours avec température minimale quotidienne > 0 degree C,4,15.5,4832
-80.38333333333334,43.45,WATERLOO WELLINGTON A,6149387,4832.39.5,NORM,Y,C,39,1,2012-10-19 20:14:22,,ON,1981,2010,,1981,,2002,22,682,,0,100,Days with daily min temperature GT 0 deg C,Jours avec température minimale quotidienne > 0 degree C,5,28.91,4832
-80.38333333333334,43.45,WATERLOO WELLINGTON A,6149387,4832.39.6,NORM,Y,C,39,1,2012-10-19 20:14:22,,ON,1981,2010,,1981,,2002,22,660,,0,100,Days with daily min temperature GT 0 deg C,Jours avec température minimale quotidienne > 0 degree C,6,30,4832
-80.38333333333334,43.45,WATERLOO WELLINGTON A,6149387,4832.39.7,NORM,Y,C,39,1,2012-10-19 20:14:22,,ON,1981,2010,,1981,,2002,22,682,,0,100,Days with daily min temperature GT 0 deg C,Jours avec température minimale quotidienne > 0 degree C,7,31,4832
-80.38333333333334,43.45,WATERLOO WELLINGTON A,6149387,4832.39.8,NORM,Y,C,39,1,2012-10-19 20:14:22,,ON,1981,2010,,1981,,2002,22,682,,0,100,Days with daily min temperature GT 0 deg C,Jours avec température minimale quotidienne > 0 degree C,8,31,4832
-80.38333333333334,43.45,WATERLOO WELLINGTON A,6149387,4832.39.9,NORM,Y,C,39,1,2012-10-19 20:14:22,,ON,1981,2010,,1981,,2002,22,660,,0,100,Days with daily min temperature GT 0 deg C,Jours avec température minimale quotidienne > 0 degree C,9,29.23,4832
-80.38333333333334,43.45,WATERLOO WELLINGTON A,6149387,4832.39.10,NORM,Y,C,39,1,2012-10-19 20:14:22,,ON,1981,2010,,1981,,2002,22,682,,0,100,Days with daily min temperature GT 0 deg C,Jours avec température minimale quotidienne > 0 degree C,10,21.73,4832
-80.38333333333334,43.45,WATERLOO WELLINGTON A,6149387,4832.39.11,NORM,Y,C,39,1,2012-10-19 20:14:22,,ON,1981,2010,,1981,,2001,20,600,,1,95.24,Days with daily min temperature GT 0 deg C,Jours avec température minimale quotidienne > 0 degree C,11,10.35,4832
-80.38333333333334,43.45,WATERLOO WELLINGTON A,6149387,4832.39.12,NORM,Y,C,39,1,2012-10-19 20:14:22,,ON,1981,2010,,1981,,2001,21,651,,0,100,Days with daily min temperature GT 0 deg C,Jours avec température minimale quotidienne > 0 degree C,12,2.52,4832
-80.38333333333334,43.45,WATERLOO WELLINGTON A,6149387,4832.39.13,NORM,Y,C,39,1,2012-10-19 20:14:22,,ON,1981,2010,,1981,,2002,22,7944,,1,99.6,Days with daily min temperature GT 0 deg C,Jours avec température minimale quotidienne > 0 degree C,13,207.6,4832
-80.38333333333334,43.45,WATERLOO WELLINGTON A,6149387,4832.40.1,NORM,Y,C,40,1,2012-10-19 20:14:22,,ON,1981,2010,,1981,,2002,22,682,,0,100,Days with daily min temperature LE 2 deg C,Jours avec température minimale quotidienne <= 2 degree C,1,30.5,4832
-80.38333333333334,43.45,WATERLOO WELLINGTON A,6149387,4832.40.2,NORM,Y,C,40,1,2012-10-19 20:14:22,,ON,1981,2010,,1981,,2002,22,621,,0,100,Days with daily min temperature LE 2 deg C,Jours avec température minimale quotidienne <= 2 degree C,2,27.86,4832
-80.38333333333334,43.45,WATERLOO WELLINGTON A,6149387,4832.40.3,NORM,Y,C,40,1,2012-10-19 20:14:22,,ON,1981,2010,,1981,,2002,22,682,,0,100,Days with daily min temperature LE 2 deg C,Jours avec température minimale quotidienne <= 2 degree C,3,29.18,4832
-80.38333333333334,43.45,WATERLOO WELLINGTON A,6149387,4832.40.4,NORM,Y,C,40,1,2012-10-19 20:14:22,,ON,1981,2010,,1981,,2002,22,660,,0,100,Days with daily min temperature LE 2 deg C,Jours avec température minimale quotidienne <= 2 degree C,4,19.64,4832
-80.38333333333334,43.45,WATERLOO WELLINGTON A,6149387,4832.40.5,NORM,Y,C,40,1,2012-10-19 20:14:22,,ON,1981,2010,,1981,,2002,22,682,,0,100,Days with daily min temperature LE 2 deg C,Jours avec température minimale quotidienne <= 2 degree C,5,6.14,4832
-80.38333333333334,43.45,WATERLOO WELLINGTON A,6149387,4832.40.6,NORM,Y,C,40,1,2012-10-19 20:14:22,,ON,1981,2010,,1981,,2002,22,660,,0,100,Days with daily min temperature LE 2 deg C,Jours avec température minimale quotidienne <= 2 degree C,6,0.23,4832
-80.38333333333334,43.45,WATERLOO WELLINGTON A,6149387,4832.40.7,NORM,Y,C,40,1,2012-10-19 20:14:22,,ON,1981,2010,,1981,,2002,22,682,,0,100,Days with daily min temperature LE 2 deg C,Jours avec température minimale quotidienne <= 2 degree C,7,0,4832
-80.38333333333334,43.45,WATERLOO WELLINGTON A,6149387,4832.40.8,NORM,Y,C,40,1,2012-10-19 20:14:22,,ON,1981,2010,,1981,,2002,22,682,,0,100,Days with daily min temperature LE 2 deg C,Jours avec température minimale quotidienne <= 2 degree C,8,0.09,4832
-80.38333333333334,43.45,WATERLOO WELLINGTON A,6149387,4832.40.9,NORM,Y,C,40,1,2012-10-19 20:14:22,,ON,1981,2010,,1981,,2002,22,660,,0,100,Days with daily min temperature LE 2 deg C,Jours avec température minimale quotidienne <= 2 degree C,9,2.59,4832
-80.38333333333334,43.45,WATERLOO WELLINGTON A,6149387,4832.40.10,NORM,Y,C,40,1,2012-10-19 20:14:22,,ON,1981,2010,,1981,,2002,22,682,,0,100,Days with daily min temperature LE 2 deg C,Jours avec température minimale quotidienne <= 2 degree C,10,14.55,4832
-80.38333333333334,43.45,WATERLOO WELLINGTON A,6149387,4832.40.11,NORM,Y,C,40,1,2012-10-19 20:14:22,,ON,1981,2010,,1981,,2001,20,600,,1,95.24,Days with daily min temperature LE 2 deg C,Jours avec température minimale quotidienne <= 2 degree C,11,24.15,4832
-80.38333333333334,43.45,WATERLOO WELLINGTON A,6149387,4832.40.12,NORM,Y,C,40,1,2012-10-19 20:14:22,,ON,1981,2010,,1981,,2001,21,651,,0,100,Days with daily min temperature LE 2 deg C,Jours avec température minimale quotidienne <= 2 degree C,12,29.81,4832
-80.38333333333334,43.45,WATERLOO WELLINGTON A,6149387,4832.40.13,NORM,Y,C,40,1,2012-10-19 20:14:22,,ON,1981,2010,,1981,,2002,22,7944,,1,99.6,Days with daily min temperature LE 2 deg C,Jours avec température minimale quotidienne <= 2 degree C,13,184.74,4832
-80.38333333333334,43.45,WATERLOO WELLINGTON A,6149387,4832.41.1,NORM,Y,C,41,1,2012-10-19 20:14:22,,ON,1981,2010,,1981,,2002,22,682,,0,100,Days with daily min temperature LE 0 deg C,Jours avec température minimale quotidienne <= 0 degree C,1,29.5,4832
-80.38333333333334,43.45,WATERLOO WELLINGTON A,6149387,4832.41.2,NORM,Y,C,41,1,2012-10-19 20:14:22,,ON,1981,2010,,1981,,2002,22,621,,0,100,Days with daily min temperature LE 0 deg C,Jours avec température minimale quotidienne <= 0 degree C,2,26.36,4832
-80.38333333333334,43.45,WATERLOO WELLINGTON A,6149387,4832.41.3,NORM,Y,C,41,1,2012-10-19 20:14:22,,ON,1981,2010,,1981,,2002,22,682,,0,100,Days with daily min temperature LE 0 deg C,Jours avec température minimale quotidienne <= 0 degree C,3,27,4832
-80.38333333333334,43.45,WATERLOO WELLINGTON A,6149387,4832.41.4,NORM,Y,C,41,1,2012-10-19 20:14:22,,ON,1981,2010,,1981,,2002,22,660,,0,100,Days with daily min temperature LE 0 deg C,Jours avec température minimale quotidienne <= 0 degree C,4,14.5,4832
-80.38333333333334,43.45,WATERLOO WELLINGTON A,6149387,4832.41.5,NORM,Y,C,41,1,2012-10-19 20:14:22,,ON,1981,2010,,1981,,2002,22,682,,0,100,Days with daily min temperature LE 0 deg C,Jours avec température minimale quotidienne <= 0 degree C,5,2.05,4832
-80.38333333333334,43.45,WATERLOO WELLINGTON A,6149387,4832.41.6,NORM,Y,C,41,1,2012-10-19 20:14:22,,ON,1981,2010,,1981,,2002,22,660,,0,100,Days with daily min temperature LE 0 deg C,Jours avec température minimale quotidienne <= 0 degree C,6,0,4832
-80.38333333333334,43.45,WATERLOO WELLINGTON A,6149387,4832.41.7,NORM,Y,C,41,1,2012-10-19 20:14:22,,ON,1981,2010,,1981,,2002,22,682,,0,100,Days with daily min temperature LE 0 deg C,Jours avec température minimale quotidienne <= 0 degree C,7,0,4832
-80.38333333333334,43.45,WATERLOO WELLINGTON A,6149387,4832.41.8,NORM,Y,C,41,1,2012-10-19 20:14:22,,ON,1981,2010,,1981,,2002,22,682,,0,100,Days with daily min temperature LE 0 deg C,Jours avec température minimale quotidienne <= 0 degree C,8,0,4832
-80.38333333333334,43.45,WATERLOO WELLINGTON A,6149387,4832.41.9,NORM,Y,C,41,1,2012-10-19 20:14:22,,ON,1981,2010,,1981,,2002,22,660,,0,100,Days with daily min temperature LE 0 deg C,Jours avec température minimale quotidienne <= 0 degree C,9,0.77,4832
-80.38333333333334,43.45,WATERLOO WELLINGTON A,6149387,4832.41.10,NORM,Y,C,41,1,2012-10-19 20:14:22,,ON,1981,2010,,1981,,2002,22,682,,0,100,Days with daily min temperature LE 0 deg C,Jours avec température minimale quotidienne <= 0 degree C,10,9.27,4832
-80.38333333333334,43.45,WATERLOO WELLINGTON A,6149387,4832.41.11,NORM,Y,C,41,1,2012-10-19 20:14:22,,ON,1981,2010,,1981,,2001,20,600,,1,95.24,Days with daily min temperature LE 0 deg C,Jours avec température minimale quotidienne <= 0 degree C,11,19.65,4832
-80.38333333333334,43.45,WATERLOO WELLINGTON A,6149387,4832.41.12,NORM,Y,C,41,1,2012-10-19 20:14:22,,ON,1981,2010,,1981,,2001,21,651,,0,100,Days with daily min temperature LE 0 deg C,Jours avec température minimale quotidienne <= 0 degree C,12,28.48,4832
-80.38333333333334,43.45,WATERLOO WELLINGTON A,6149387,4832.41.13,NORM,Y,C,41,1,2012-10-19 20:14:22,,ON,1981,2010,,1981,,2002,22,7944,,1,99.6,Days with daily min temperature LE 0 deg C,Jours avec température minimale quotidienne <= 0 degree C,13,157.58,4832
-80.38333333333334,43.45,WATERLOO WELLINGTON A,6149387,4832.42.1,NORM,Y,C,42,1,2012-10-19 20:14:22,,ON,1981,2010,,1981,,2002,22,682,,0,100,Days with daily min temperature LT -2 deg C,Jours avec température minimale quotidienne < -2 degree C,1,27.23,4832
-80.38333333333334,43.45,WATERLOO WELLINGTON A,6149387,4832.42.2,NORM,Y,C,42,1,2012-10-19 20:14:22,,ON,1981,2010,,1981,,2002,22,621,,0,100,Days with daily min temperature LT -2 deg C,Jours avec température minimale quotidienne < -2 degree C,2,23.59,4832
-80.38333333333334,43.45,WATERLOO WELLINGTON A,6149387,4832.42.3,NORM,Y,C,42,1,2012-10-19 20:14:22,,ON,1981,2010,,1981,,2002,22,682,,0,100,Days with daily min temperature LT -2 deg C,Jours avec température minimale quotidienne < -2 degree C,3,21.91,4832
-80.38333333333334,43.45,WATERLOO WELLINGTON A,6149387,4832.42.4,NORM,Y,C,42,1,2012-10-19 20:14:22,,ON,1981,2010,,1981,,2002,22,660,,0,100,Days with daily min temperature LT -2 deg C,Jours avec température minimale quotidienne < -2 degree C,4,8.27,4832
-80.38333333333334,43.45,WATERLOO WELLINGTON A,6149387,4832.42.5,NORM,Y,C,42,1,2012-10-19 20:14:22,,ON,1981,2010,,1981,,2002,22,682,,0,100,Days with daily min temperature LT -2 deg C,Jours avec température minimale quotidienne < -2 degree C,5,0.18,4832
-80.38333333333334,43.45,WATERLOO WELLINGTON A,6149387,4832.42.6,NORM,Y,C,42,1,2012-10-19 20:14:22,,ON,1981,2010,,1981,,2002,22,660,,0,100,Days with daily min temperature LT -2 deg C,Jours avec température minimale quotidienne < -2 degree C,6,0,4832
-80.38333333333334,43.45,WATERLOO WELLINGTON A,6149387,4832.42.7,NORM,Y,C,42,1,2012-10-19 20:14:22,,ON,1981,2010,,1981,,2002,22,682,,0,100,Days with daily min temperature LT -2 deg C,Jours avec température minimale quotidienne < -2 degree C,7,0,4832
-80.38333333333334,43.45,WATERLOO WELLINGTON A,6149387,4832.42.8,NORM,Y,C,42,1,2012-10-19 20:14:22,,ON,1981,2010,,1981,,2002,22,682,,0,100,Days with daily min temperature LT -2 deg C,Jours avec température minimale quotidienne < -2 degree C,8,0,4832
-80.38333333333334,43.45,WATERLOO WELLINGTON A,6149387,4832.42.9,NORM,Y,C,42,1,2012-10-19 20:14:22,,ON,1981,2010,,1981,,2002,22,660,,0,100,Days with daily min temperature LT -2 deg C,Jours avec température minimale quotidienne < -2 degree C,9,0.18,4832
-80.38333333333334,43.45,WATERLOO WELLINGTON A,6149387,4832.42.10,NORM,Y,C,42,1,2012-10-19 20:14:22,,ON,1981,2010,,1981,,2002,22,682,,0,100,Days with daily min temperature LT -2 deg C,Jours avec température minimale quotidienne < -2 degree C,10,3.77,4832
-80.38333333333334,43.45,WATERLOO WELLINGTON A,6149387,4832.42.11,NORM,Y,C,42,1,2012-10-19 20:14:22,,ON,1981,2010,,1981,,2001,20,600,,1,95.24,Days with daily min temperature LT -2 deg C,Jours avec température minimale quotidienne < -2 degree C,11,13.1,4832
-80.38333333333334,43.45,WATERLOO WELLINGTON A,6149387,4832.42.12,NORM,Y,C,42,1,2012-10-19 20:14:22,,ON,1981,2010,,1981,,2001,21,651,,0,100,Days with daily min temperature LT -2 deg C,Jours avec température minimale quotidienne < -2 degree C,12,23.05,4832
-80.38333333333334,43.45,WATERLOO WELLINGTON A,6149387,4832.42.13,NORM,Y,C,42,1,2012-10-19 20:14:22,,ON,1981,2010,,1981,,2002,22,7944,,1,99.6,Days with daily min temperature LT -2 deg C,Jours avec température minimale quotidienne < -2 degree C,13,121.28,4832
-80.38333333333334,43.45,WATERLOO WELLINGTON A,6149387,4832.43.1,NORM,Y,C,43,1,2012-10-19 20:14:22,,ON,1981,2010,,1981,,2002,22,682,,0,100,Days with daily min temperature LT -10 deg C,Jours avec température minimale quotidienne < -10 degree C,1,15.09,4832
-80.38333333333334,43.45,WATERLOO WELLINGTON A,6149387,4832.43.2,NORM,Y,C,43,1,2012-10-19 20:14:22,,ON,1981,2010,,1981,,2002,22,621,,0,100,Days with daily min temperature LT -10 deg C,Jours avec température minimale quotidienne < -10 degree C,2,13.41,4832
-80.38333333333334,43.45,WATERLOO WELLINGTON A,6149387,4832.43.3,NORM,Y,C,43,1,2012-10-19 20:14:22,,ON,1981,2010,,1981,,2002,22,682,,0,100,Days with daily min temperature LT -10 deg C,Jours avec température minimale quotidienne < -10 degree C,3,6.73,4832
-80.38333333333334,43.45,WATERLOO WELLINGTON A,6149387,4832.43.4,NORM,Y,C,43,1,2012-10-19 20:14:22,,ON,1981,2010,,1981,,2002,22,660,,0,100,Days with daily min temperature LT -10 deg C,Jours avec température minimale quotidienne < -10 degree C,4,0.18,4832
-80.38333333333334,43.45,WATERLOO WELLINGTON A,6149387,4832.43.5,NORM,Y,C,43,1,2012-10-19 20:14:22,,ON,1981,2010,,1981,,2002,22,682,,0,100,Days with daily min temperature LT -10 deg C,Jours avec température minimale quotidienne < -10 degree C,5,0,4832
-80.38333333333334,43.45,WATERLOO WELLINGTON A,6149387,4832.43.6,NORM,Y,C,43,1,2012-10-19 20:14:22,,ON,1981,2010,,1981,,2002,22,660,,0,100,Days with daily min temperature LT -10 deg C,Jours avec température minimale quotidienne < -10 degree C,6,0,4832
-80.38333333333334,43.45,WATERLOO WELLINGTON A,6149387,4832.43.7,NORM,Y,C,43,1,2012-10-19 20:14:22,,ON,1981,2010,,1981,,2002,22,682,,0,100,Days with daily min temperature LT -10 deg C,Jours avec température minimale quotidienne < -10 degree C,7,0,4832
-80.38333333333334,43.45,WATERLOO WELLINGTON A,6149387,4832.43.8,NORM,Y,C,43,1,2012-10-19 20:14:22,,ON,1981,2010,,1981,,2002,22,682,,0,100,Days with daily min temperature LT -10 deg C,Jours avec température minimale quotidienne < -10 degree C,8,0,4832
-80.38333333333334,43.45,WATERLOO WELLINGTON A,6149387,4832.43.9,NORM,Y,C,43,1,2012-10-19 20:14:22,,ON,1981,2010,,1981,,2002,22,660,,0,100,Days with daily min temperature LT -10 deg C,Jours avec température minimale quotidienne < -10 degree C,9,0,4832
-80.38333333333334,43.45,WATERLOO WELLINGTON A,6149387,4832.43.10,NORM,Y,C,43,1,2012-10-19 20:14:22,,ON,1981,2010,,1981,,2002,22,682,,0,100,Days with daily min temperature LT -10 deg C,Jours avec température minimale quotidienne < -10 degree C,10,0,4832
-80.38333333333334,43.45,WATERLOO WELLINGTON A,6149387,4832.43.11,NORM,Y,C,43,1,2012-10-19 20:14:22,,ON,1981,2010,,1981,,2001,20,600,,1,95.24,Days with daily min temperature LT -10 deg C,Jours avec température minimale quotidienne < -10 degree C,11,0.85,4832
-80.38333333333334,43.45,WATERLOO WELLINGTON A,6149387,4832.43.12,NORM,Y,C,43,1,2012-10-19 20:14:22,,ON,1981,2010,,1981,,2001,21,651,,0,100,Days with daily min temperature LT -10 deg C,Jours avec température minimale quotidienne < -10 degree C,12,9.14,4832
-80.38333333333334,43.45,WATERLOO WELLINGTON A,6149387,4832.43.13,NORM,Y,C,43,1,2012-10-19 20:14:22,,ON,1981,2010,,1981,,2002,22,7944,,1,99.6,Days with daily min temperature LT -10 deg C,Jours avec température minimale quotidienne < -10 degree C,13,45.4,4832
-80.38333333333334,43.45,WATERLOO WELLINGTON A,6149387,4832.44.1,NORM,Y,C,44,1,2012-10-19 20:14:22,,ON,1981,2010,,1981,,2002,22,682,,0,100,Days with daily min temperature LT -20 deg C,Jours avec température minimale quotidienne < -20 degree C,1,2.91,4832
-80.38333333333334,43.45,WATERLOO WELLINGTON A,6149387,4832.44.2,NORM,Y,C,44,1,2012-10-19 20:14:22,,ON,1981,2010,,1981,,2002,22,621,,0,100,Days with daily min temperature LT -20 deg C,Jours avec température minimale quotidienne < -20 degree C,2,2,4832
-80.38333333333334,43.45,WATERLOO WELLINGTON A,6149387,4832.44.3,NORM,Y,C,44,1,2012-10-19 20:14:22,,ON,1981,2010,,1981,,2002,22,682,,0,100,Days with daily min temperature LT -20 deg C,Jours avec température minimale quotidienne < -20 degree C,3,0.41,4832
-80.38333333333334,43.45,WATERLOO WELLINGTON A,6149387,4832.44.4,NORM,Y,C,44,1,2012-10-19 20:14:22,,ON,1981,2010,,1981,,2002,22,660,,0,100,Days with daily min temperature LT -20 deg C,Jours avec température minimale quotidienne < -20 degree C,4,0,4832
-80.38333333333334,43.45,WATERLOO WELLINGTON A,6149387,4832.44.5,NORM,Y,C,44,1,2012-10-19 20:14:22,,ON,1981,2010,,1981,,2002,22,682,,0,100,Days with daily min temperature LT -20 deg C,Jours avec température minimale quotidienne < -20 degree C,5,0,4832
-80.38333333333334,43.45,WATERLOO WELLINGTON A,6149387,4832.44.6,NORM,Y,C,44,1,2012-10-19 20:14:22,,ON,1981,2010,,1981,,2002,22,660,,0,100,Days with daily min temperature LT -20 deg C,Jours avec température minimale quotidienne < -20 degree C,6,0,4832
-80.38333333333334,43.45,WATERLOO WELLINGTON A,6149387,4832.44.7,NORM,Y,C,44,1,2012-10-19 20:14:22,,ON,1981,2010,,1981,,2002,22,682,,0,100,Days with daily min temperature LT -20 deg C,Jours avec température minimale quotidienne < -20 degree C,7,0,4832
-80.38333333333334,43.45,WATERLOO WELLINGTON A,6149387,4832.44.8,NORM,Y,C,44,1,2012-10-19 20:14:22,,ON,1981,2010,,1981,,2002,22,682,,0,100,Days with daily min temperature LT -20 deg C,Jours avec température minimale quotidienne < -20 degree C,8,0,4832
-80.38333333333334,43.45,WATERLOO WELLINGTON A,6149387,4832.44.9,NORM,Y,C,44,1,2012-10-19 20:14:22,,ON,1981,2010,,1981,,2002,22,660,,0,100,Days with daily min temperature LT -20 deg C,Jours avec température minimale quotidienne < -20 degree C,9,0,4832
-80.38333333333334,43.45,WATERLOO WELLINGTON A,6149387,4832.44.10,NORM,Y,C,44,1,2012-10-19 20:14:22,,ON,1981,2010,,1981,,2002,22,682,,0,100,Days with daily min temperature LT -20 deg C,Jours avec température minimale quotidienne < -20 degree C,10,0,4832
-80.38333333333334,43.45,WATERLOO WELLINGTON A,6149387,4832.44.11,NORM,Y,C,44,1,2012-10-19 20:14:22,,ON,1981,2010,,1981,,2001,20,600,,1,95.24,Days with daily min temperature LT -20 deg C,Jours avec température minimale quotidienne < -20 degree C,11,0,4832
-80.38333333333334,43.45,WATERLOO WELLINGTON A,6149387,4832.44.12,NORM,Y,C,44,1,2012-10-19 20:14:22,,ON,1981,2010,,1981,,2001,21,651,,0,100,Days with daily min temperature LT -20 deg C,Jours avec température minimale quotidienne < -20 degree C,12,0.67,4832
-80.38333333333334,43.45,WATERLOO WELLINGTON A,6149387,4832.44.13,NORM,Y,C,44,1,2012-10-19 20:14:22,,ON,1981,2010,,1981,,2002,22,7944,,1,99.6,Days with daily min temperature LT -20 deg C,Jours avec température minimale quotidienne < -20 degree C,13,5.99,4832
-80.38333333333334,43.45,WATERLOO WELLINGTON A,6149387,4832.45.1,NORM,Y,C,45,1,2012-10-19 20:14:22,,ON,1981,2010,,1981,,2002,22,682,,0,100,Days with daily min temperature LT -30 deg C,Jours avec température minimale quotidienne < -30 degree C,1,0.05,4832
-80.38333333333334,43.45,WATERLOO WELLINGTON A,6149387,4832.45.2,NORM,Y,C,45,1,2012-10-19 20:14:22,,ON,1981,2010,,1981,,2002,22,621,,0,100,Days with daily min temperature LT -30 deg C,Jours avec température minimale quotidienne < -30 degree C,2,0,4832
-80.38333333333334,43.45,WATERLOO WELLINGTON A,6149387,4832.45.3,NORM,Y,C,45,1,2012-10-19 20:14:22,,ON,1981,2010,,1981,,2002,22,682,,0,100,Days with daily min temperature LT -30 deg C,Jours avec température minimale quotidienne < -30 degree C,3,0,4832
-80.38333333333334,43.45,WATERLOO WELLINGTON A,6149387,4832.45.4,NORM,Y,C,45,1,2012-10-19 20:14:22,,ON,1981,2010,,1981,,2002,22,660,,0,100,Days with daily min temperature LT -30 deg C,Jours avec température minimale quotidienne < -30 degree C,4,0,4832
-80.38333333333334,43.45,WATERLOO WELLINGTON A,6149387,4832.45.5,NORM,Y,C,45,1,2012-10-19 20:14:22,,ON,1981,2010,,1981,,2002,22,682,,0,100,Days with daily min temperature LT -30 deg C,Jours avec température minimale quotidienne < -30 degree C,5,0,4832
-80.38333333333334,43.45,WATERLOO WELLINGTON A,6149387,4832.45.6,NORM,Y,C,45,1,2012-10-19 20:14:22,,ON,1981,2010,,1981,,2002,22,660,,0,100,Days with daily min temperature LT -30 deg C,Jours avec température minimale quotidienne < -30 degree C,6,0,4832
-80.38333333333334,43.45,WATERLOO WELLINGTON A,6149387,4832.45.7,NORM,Y,C,45,1,2012-10-19 20:14:22,,ON,1981,2010,,1981,,2002,22,682,,0,100,Days with daily min temperature LT -30 deg C,Jours avec température minimale quotidienne < -30 degree C,7,0,4832
-80.38333333333334,43.45,WATERLOO WELLINGTON A,6149387,4832.45.8,NORM,Y,C,45,1,2012-10-19 20:14:22,,ON,1981,2010,,1981,,2002,22,682,,0,100,Days with daily min temperature LT -30 deg C,Jours avec température minimale quotidienne < -30 degree C,8,0,4832
-80.38333333333334,43.45,WATERLOO WELLINGTON A,6149387,4832.45.9,NORM,Y,C,45,1,2012-10-19 20:14:22,,ON,1981,2010,,1981,,2002,22,660,,0,100,Days with daily min temperature LT -30 deg C,Jours avec température minimale quotidienne < -30 degree C,9,0,4832
-80.38333333333334,43.45,WATERLOO WELLINGTON A,6149387,4832.45.10,NORM,Y,C,45,1,2012-10-19 20:14:22,,ON,1981,2010,,1981,,2002,22,682,,0,100,Days with daily min temperature LT -30 deg C,Jours avec température minimale quotidienne < -30 degree C,10,0,4832
-80.38333333333334,43.45,WATERLOO WELLINGTON A,6149387,4832.45.11,NORM,Y,C,45,1,2012-10-19 20:14:22,,ON,1981,2010,,1981,,2001,20,600,,1,95.24,Days with daily min temperature LT -30 deg C,Jours avec température minimale quotidienne < -30 degree C,11,0,4832
-80.38333333333334,43.45,WATERLOO WELLINGTON A,6149387,4832.45.12,NORM,Y,C,45,1,2012-10-19 20:14:22,,ON,1981,2010,,1981,,2001,21,651,,0,100,Days with daily min temperature LT -30 deg C,Jours avec température minimale quotidienne < -30 degree C,12,0,4832
-80.38333333333334,43.45,WATERLOO WELLINGTON A,6149387,4832.45.13,NORM,Y,C,45,1,2012-10-19 20:14:22,,ON,1981,2010,,1981,,2002,22,7944,,1,99.6,Days with daily min temperature LT -30 deg C,Jours avec température minimale quotidienne < -30 degree C,13,0.05,4832
-80.38333333333334,43.45,WATERLOO WELLINGTON A,6149387,4832.5.1,NORM,Y,C,5,1,2012-10-19 20:14:22,,ON,1981,2010,,1981,,2002,22,682,,0,100,Mean daily max temperature deg C,Température maximale moyenne quotidienne en degree C,1,-2.59,4832
-80.38333333333334,43.45,WATERLOO WELLINGTON A,6149387,4832.5.2,NORM,Y,C,5,1,2012-10-19 20:14:22,,ON,1981,2010,,1981,,2002,22,621,,0,100,Mean daily max temperature deg C,Température maximale moyenne quotidienne en degree C,2,-1.21,4832
-80.38333333333334,43.45,WATERLOO WELLINGTON A,6149387,4832.5.3,NORM,Y,C,5,1,2012-10-19 20:14:22,,ON,1981,2010,,1981,,2002,22,681,,0,99.85,Mean daily max temperature deg C,Température maximale moyenne quotidienne en degree C,3,3.59,4832
-80.38333333333334,43.45,WATERLOO WELLINGTON A,6149387,4832.5.4,NORM,Y,C,5,1,2012-10-19 20:14:22,,ON,1981,2010,,1981,,2002,22,660,,0,100,Mean daily max temperature deg C,Température maximale moyenne quotidienne en degree C,4,11.45,4832
-80.38333333333334,43.45,WATERLOO WELLINGTON A,6149387,4832.5.5,NORM,Y,C,5,1,2012-10-19 20:14:22,,ON,1981,2010,,1981,,2002,22,682,,0,100,Mean daily max temperature deg C,Température maximale moyenne quotidienne en degree C,5,18.49,4832
-80.38333333333334,43.45,WATERLOO WELLINGTON A,6149387,4832.5.6,NORM,Y,C,5,1,2012-10-19 20:14:22,,ON,1981,2010,,1981,,2002,22,660,,0,100,Mean daily max temperature deg C,Température maximale moyenne quotidienne en degree C,6,23.58,4832
-80.38333333333334,43.45,WATERLOO WELLINGTON A,6149387,4832.5.7,NORM,Y,C,5,1,2012-10-19 20:14:22,,ON,1981,2010,,1981,,2002,22,682,,0,100,Mean daily max temperature deg C,Température maximale moyenne quotidienne en degree C,7,25.98,4832
-80.38333333333334,43.45,WATERLOO WELLINGTON A,6149387,4832.5.8,NORM,Y,C,5,1,2012-10-19 20:14:22,,ON,1981,2010,,1981,,2002,22,682,,0,100,Mean daily max temperature deg C,Température maximale moyenne quotidienne en degree C,8,24.83,4832
-80.38333333333334,43.45,WATERLOO WELLINGTON A,6149387,4832.5.9,NORM,Y,C,5,1,2012-10-19 20:14:22,,ON,1981,2010,,1981,,2002,22,660,,0,100,Mean daily max temperature deg C,Température maximale moyenne quotidienne en degree C,9,20.42,4832
-80.38333333333334,43.45,WATERLOO WELLINGTON A,6149387,4832.5.10,NORM,Y,C,5,1,2012-10-19 20:14:22,,ON,1981,2010,,1981,,2002,22,682,,0,100,Mean daily max temperature deg C,Température maximale moyenne quotidienne en degree C,10,13.5,4832
-80.38333333333334,43.45,WATERLOO WELLINGTON A,6149387,4832.5.11,NORM,Y,C,5,1,2012-10-19 20:14:22,,ON,1981,2010,,1981,,2001,21,628,,0,99.68,Mean daily max temperature deg C,Température maximale moyenne quotidienne en degree C,11,6.29,4832
-80.38333333333334,43.45,WATERLOO WELLINGTON A,6149387,4832.5.12,NORM,Y,C,5,1,2012-10-19 20:14:22,,ON,1981,2010,,1981,,2001,21,651,,0,100,Mean daily max temperature deg C,Température maximale moyenne quotidienne en degree C,12,0.15,4832
-80.38333333333334,43.45,WATERLOO WELLINGTON A,6149387,4832.5.13,NORM,Y,C,5,1,2012-10-19 20:14:22,,ON,1981,2010,,1981,,2002,22,7971,,0,99.96,Mean daily max temperature deg C,Température maximale moyenne quotidienne en degree C,13,12.04,4832
-80.38333333333334,43.45,WATERLOO WELLINGTON A,6149387,4832.52.1,NORM,Y,C,52,1,2012-10-19 20:14:22,,ON,1981,2010,,1981,,2002,22,682,,0,100,Total rainfall mm,Quantité totale de pluie en mm,1,28.66,4832
-80.38333333333334,43.45,WATERLOO WELLINGTON A,6149387,4832.52.2,NORM,Y,C,52,1,2012-10-19 20:14:22,,ON,1981,2010,,1981,,2002,22,621,,0,100,Total rainfall mm,Quantité totale de pluie en mm,2,29.74,4832
-80.38333333333334,43.45,WATERLOO WELLINGTON A,6149387,4832.52.3,NORM,Y,C,52,1,2012-10-19 20:14:22,,ON,1981,2010,,1981,,2002,22,682,,0,100,Total rainfall mm,Quantité totale de pluie en mm,3,36.81,4832
-80.38333333333334,43.45,WATERLOO WELLINGTON A,6149387,4832.52.4,NORM,Y,C,52,1,2012-10-19 20:14:22,,ON,1981,2010,,1981,,2002,22,660,,0,100,Total rainfall mm,Quantité totale de pluie en mm,4,67.98,4832
-80.38333333333334,43.45,WATERLOO WELLINGTON A,6149387,4832.52.5,NORM,Y,C,52,1,2012-10-19 20:14:22,,ON,1981,2010,,1981,,2002,22,682,,0,100,Total rainfall mm,Quantité totale de pluie en mm,5,81.8,4832
-80.38333333333334,43.45,WATERLOO WELLINGTON A,6149387,4832.52.6,NORM,Y,C,52,1,2012-10-19 20:14:22,,ON,1981,2010,,1981,,2002,22,660,,0,100,Total rainfall mm,Quantité totale de pluie en mm,6,82.39,4832
-80.38333333333334,43.45,WATERLOO WELLINGTON A,6149387,4832.52.7,NORM,Y,C,52,1,2012-10-19 20:14:22,,ON,1981,2010,,1981,,2002,22,682,,0,100,Total rainfall mm,Quantité totale de pluie en mm,7,98.55,4832
-80.38333333333334,43.45,WATERLOO WELLINGTON A,6149387,4832.52.8,NORM,Y,C,52,1,2012-10-19 20:14:22,,ON,1981,2010,,1981,,2002,22,682,,0,100,Total rainfall mm,Quantité totale de pluie en mm,8,83.92,4832
-80.38333333333334,43.45,WATERLOO WELLINGTON A,6149387,4832.52.9,NORM,Y,C,52,1,2012-10-19 20:14:22,,ON,1981,2010,,1981,,2002,22,660,,0,100,Total rainfall mm,Quantité totale de pluie en mm,9,87.79,4832
-80.38333333333334,43.45,WATERLOO WELLINGTON A,6149387,4832.52.10,NORM,Y,C,52,1,2012-10-19 20:14:22,,ON,1981,2010,,1981,,2002,22,682,,0,100,Total rainfall mm,Quantité totale de pluie en mm,10,66.09,4832
-80.38333333333334,43.45,WATERLOO WELLINGTON A,6149387,4832.52.11,NORM,Y,C,52,1,2012-10-19 20:14:22,,ON,1981,2010,,1981,,2001,21,630,,0,100,Total rainfall mm,Quantité totale de pluie en mm,11,75.02,4832
-80.38333333333334,43.45,WATERLOO WELLINGTON A,6149387,4832.52.12,NORM,Y,C,52,1,2012-10-19 20:14:22,,ON,1981,2010,,1981,,2001,21,651,,0,100,Total rainfall mm,Quantité totale de pluie en mm,12,38.02,4832
-80.38333333333334,43.45,WATERLOO WELLINGTON A,6149387,4832.52.13,NORM,Y,C,52,1,2012-10-19 20:14:22,,ON,1981,2010,,1981,,2002,22,7974,,0,100,Total rainfall mm,Quantité totale de pluie en mm,13,776.77,4832
-80.38333333333334,43.45,WATERLOO WELLINGTON A,6149387,4832.53.1,NORM,Y,C,53,1,2012-10-19 20:14:22,,ON,1981,2010,,1981,,2002,22,682,,0,100,StdDev total rainfall mm,Écart-type de la quantité totale de pluie en mm,1,22.45,4832
-80.38333333333334,43.45,WATERLOO WELLINGTON A,6149387,4832.53.2,NORM,Y,C,53,1,2012-10-19 20:14:22,,ON,1981,2010,,1981,,2002,22,621,,0,100,StdDev total rainfall mm,Écart-type de la quantité totale de pluie en mm,2,23.99,4832
-80.38333333333334,43.45,WATERLOO WELLINGTON A,6149387,4832.53.3,NORM,Y,C,53,1,2012-10-19 20:14:22,,ON,1981,2010,,1981,,2002,22,682,,0,100,StdDev total rainfall mm,Écart-type de la quantité totale de pluie en mm,3,25.04,4832
-80.38333333333334,43.45,WATERLOO WELLINGTON A,6149387,4832.53.4,NORM,Y,C,53,1,2012-10-19 20:14:22,,ON,1981,2010,,1981,,2002,22,660,,0,100,StdDev total rainfall mm,Écart-type de la quantité totale de pluie en mm,4,30.8,4832
-80.38333333333334,43.45,WATERLOO WELLINGTON A,6149387,4832.53.5,NORM,Y,C,53,1,2012-10-19 20:14:22,,ON,1981,2010,,1981,,2002,22,682,,0,100,StdDev total rainfall mm,Écart-type de la quantité totale de pluie en mm,5,31.64,4832
-80.38333333333334,43.45,WATERLOO WELLINGTON A,6149387,4832.53.6,NORM,Y,C,53,1,2012-10-19 20:14:22,,ON,1981,2010,,1981,,2002,22,660,,0,100,StdDev total rainfall mm,Écart-type de la quantité totale de pluie en mm,6,33.34,4832
-80.38333333333334,43.45,WATERLOO WELLINGTON A,6149387,4832.53.7,NORM,Y,C,53,1,2012-10-19 20:14:22,,ON,1981,2010,,1981,,2002,22,682,,0,100,StdDev total rainfall mm,Écart-type de la quantité totale de pluie en mm,7,54.01,4832
-80.38333333333334,43.45,WATERLOO WELLINGTON A,6149387,4832.53.8,NORM,Y,C,53,1,2012-10-19 20:14:22,,ON,1981,2010,,1981,,2002,22,682,,0,100,StdDev total rainfall mm,Écart-type de la quantité totale de pluie en mm,8,42.59,4832
-80.38333333333334,43.45,WATERLOO WELLINGTON A,6149387,4832.53.9,NORM,Y,C,53,1,2012-10-19 20:14:22,,ON,1981,2010,,1981,,2002,22,660,,0,100,StdDev total rainfall mm,Écart-type de la quantité totale de pluie en mm,9,42.48,4832
-80.38333333333334,43.45,WATERLOO WELLINGTON A,6149387,4832.53.10,NORM,Y,C,53,1,2012-10-19 20:14:22,,ON,1981,2010,,1981,,2002,22,682,,0,100,StdDev total rainfall mm,Écart-type de la quantité totale de pluie en mm,10,31.01,4832
-80.38333333333334,43.45,WATERLOO WELLINGTON A,6149387,4832.53.11,NORM,Y,C,53,1,2012-10-19 20:14:22,,ON,1981,2010,,1981,,2001,21,630,,0,100,StdDev total rainfall mm,Écart-type de la quantité totale de pluie en mm,11,33.47,4832
-80.38333333333334,43.45,WATERLOO WELLINGTON A,6149387,4832.53.12,NORM,Y,C,53,1,2012-10-19 20:14:22,,ON,1981,2010,,1981,,2001,21,651,,0,100,StdDev total rainfall mm,Écart-type de la quantité totale de pluie en mm,12,25.74,4832
-80.38333333333334,43.45,WATERLOO WELLINGTON A,6149387,4832.53.13,NORM,Y,C,53,1,2012-10-19 20:14:22,,ON,1981,2010,,1981,,2002,22,7974,,0,100,StdDev total rainfall mm,Écart-type de la quantité totale de pluie en mm,13,33.05,4832
-80.38333333333334,43.45,WATERLOO WELLINGTON A,6149387,4832.54.1,NORM,Y,C,54,1,2012-10-19 20:14:22,,ON,1981,2010,,1981,,2002,22,682,,0,100,Total snowfall cm,Quantité totale de neige en cm,1,43.66,4832
-80.38333333333334,43.45,WATERLOO WELLINGTON A,6149387,4832.54.2,NORM,Y,C,54,1,2012-10-19 20:14:22,,ON,1981,2010,,1981,,2002,22,621,,0,100,Total snowfall cm,Quantité totale de neige en cm,2,30.25,4832
-80.38333333333334,43.45,WATERLOO WELLINGTON A,6149387,4832.54.3,NORM,Y,C,54,1,2012-10-19 20:14:22,,ON,1981,2010,,1981,,2002,22,682,,0,100,Total snowfall cm,Quantité totale de neige en cm,3,26.5,4832
-80.38333333333334,43.45,WATERLOO WELLINGTON A,6149387,4832.54.4,NORM,Y,C,54,1,2012-10-19 20:14:22,,ON,1981,2010,,1981,,2002,22,660,,0,100,Total snowfall cm,Quantité totale de neige en cm,4,7.33,4832
-80.38333333333334,43.45,WATERLOO WELLINGTON A,6149387,4832.54.5,NORM,Y,C,54,1,2012-10-19 20:14:22,,ON,1981,2010,,1981,,2002,22,682,,0,100,Total snowfall cm,Quantité totale de neige en cm,5,0.38,4832
-80.38333333333334,43.45,WATERLOO WELLINGTON A,6149387,4832.54.6,NORM,Y,C,54,1,2012-10-19 20:14:22,,ON,1981,2010,,1981,,2002,22,660,,0,100,Total snowfall cm,Quantité totale de neige en cm,6,0,4832
-80.38333333333334,43.45,WATERLOO WELLINGTON A,6149387,4832.54.7,NORM,Y,C,54,1,2012-10-19 20:14:22,,ON,1981,2010,,1981,,2002,22,682,,0,100,Total snowfall cm,Quantité totale de neige en cm,7,0,4832
-80.38333333333334,43.45,WATERLOO WELLINGTON A,6149387,4832.54.8,NORM,Y,C,54,1,2012-10-19 20:14:22,,ON,1981,2010,,1981,,2002,22,682,,0,100,Total snowfall cm,Quantité totale de neige en cm,8,0,4832
-80.38333333333334,43.45,WATERLOO WELLINGTON A,6149387,4832.54.9,NORM,Y,C,54,1,2012-10-19 20:14:22,,ON,1981,2010,,1981,,2002,22,660,,0,100,Total snowfall cm,Quantité totale de neige en cm,9,0,4832
-80.38333333333334,43.45,WATERLOO WELLINGTON A,6149387,4832.54.10,NORM,Y,C,54,1,2012-10-19 20:14:22,,ON,1981,2010,,1981,,2002,22,682,,0,100,Total snowfall cm,Quantité totale de neige en cm,10,1.37,4832
-80.38333333333334,43.45,WATERLOO WELLINGTON A,6149387,4832.54.11,NORM,Y,C,54,1,2012-10-19 20:14:22,,ON,1981,2010,,1981,,2001,21,630,,0,100,Total snowfall cm,Quantité totale de neige en cm,11,13,4832
-80.38333333333334,43.45,WATERLOO WELLINGTON A,6149387,4832.54.12,NORM,Y,C,54,1,2012-10-19 20:14:22,,ON,1981,2010,,1981,,2001,21,651,,0,100,Total snowfall cm,Quantité totale de neige en cm,12,37.22,4832
-80.38333333333334,43.45,WATERLOO WELLINGTON A,6149387,4832.54.13,NORM,Y,C,54,1,2012-10-19 20:14:22,,ON,1981,2010,,1981,,2002,22,7974,,0,100,Total snowfall cm,Quantité totale de neige en cm,13,159.71,4832
-80.38333333333334,43.45,WATERLOO WELLINGTON A,6149387,4832.55.1,NORM,Y,C,55,1,2012-10-19 20:14:22,,ON,1981,2010,,1981,,2002,22,682,,0,100,StdDev total snowfall cm,Écart-type de la quantité totale de neige en cm,1,20.26,4832
-80.38333333333334,43.45,WATERLOO WELLINGTON A,6149387,4832.55.2,NORM,Y,C,55,1,2012-10-19 20:14:22,,ON,1981,2010,,1981,,2002,22,621,,0,100,StdDev total snowfall cm,Écart-type de la quantité totale de neige en cm,2,16.65,4832
-80.38333333333334,43.45,WATERLOO WELLINGTON A,6149387,4832.55.3,NORM,Y,C,55,1,2012-10-19 20:14:22,,ON,1981,2010,,1981,,2002,22,682,,0,100,StdDev total snowfall cm,Écart-type de la quantité totale de neige en cm,3,13.36,4832
-80.38333333333334,43.45,WATERLOO WELLINGTON A,6149387,4832.55.4,NORM,Y,C,55,1,2012-10-19 20:14:22,,ON,1981,2010,,1981,,2002,22,660,,0,100,StdDev total snowfall cm,Écart-type de la quantité totale de neige en cm,4,7.02,4832
-80.38333333333334,43.45,WATERLOO WELLINGTON A,6149387,4832.55.5,NORM,Y,C,55,1,2012-10-19 20:14:22,,ON,1981,2010,,1981,,2002,22,682,,0,100,StdDev total snowfall cm,Écart-type de la quantité totale de neige en cm,5,1.42,4832
-80.38333333333334,43.45,WATERLOO WELLINGTON A,6149387,4832.55.6,NORM,Y,C,55,1,2012-10-19 20:14:22,,ON,1981,2010,,1981,,2002,22,660,,0,100,StdDev total snowfall cm,Écart-type de la quantité totale de neige en cm,6,0,4832
-80.38333333333334,43.45,WATERLOO WELLINGTON A,6149387,4832.55.7,NORM,Y,C,55,1,2012-10-19 20:14:22,,ON,1981,2010,,1981,,2002,22,682,,0,100,StdDev total snowfall cm,Écart-type de la quantité totale de neige en cm,7,0,4832
-80.38333333333334,43.45,WATERLOO WELLINGTON A,6149387,4832.55.8,NORM,Y,C,55,1,2012-10-19 20:14:22,,ON,1981,2010,,1981,,2002,22,682,,0,100,StdDev total snowfall cm,Écart-type de la quantité totale de neige en cm,8,0,4832
-80.38333333333334,43.45,WATERLOO WELLINGTON A,6149387,4832.55.9,NORM,Y,C,55,1,2012-10-19 20:14:22,,ON,1981,2010,,1981,,2002,22,660,,0,100,StdDev total snowfall cm,Écart-type de la quantité totale de neige en cm,9,0,4832
-80.38333333333334,43.45,WATERLOO WELLINGTON A,6149387,4832.55.10,NORM,Y,C,55,1,2012-10-19 20:14:22,,ON,1981,2010,,1981,,2002,22,682,,0,100,StdDev total snowfall cm,Écart-type de la quantité totale de neige en cm,10,2.93,4832
-80.38333333333334,43.45,WATERLOO WELLINGTON A,6149387,4832.55.11,NORM,Y,C,55,1,2012-10-19 20:14:22,,ON,1981,2010,,1981,,2001,21,630,,0,100,StdDev total snowfall cm,Écart-type de la quantité totale de neige en cm,11,9.94,4832
-80.38333333333334,43.45,WATERLOO WELLINGTON A,6149387,4832.55.12,NORM,Y,C,55,1,2012-10-19 20:14:22,,ON,1981,2010,,1981,,2001,21,651,,0,100,StdDev total snowfall cm,Écart-type de la quantité totale de neige en cm,12,19.54,4832
-80.38333333333334,43.45,WATERLOO WELLINGTON A,6149387,4832.55.13,NORM,Y,C,55,1,2012-10-19 20:14:22,,ON,1981,2010,,1981,,2002,22,7974,,0,100,StdDev total snowfall cm,Écart-type de la quantité totale de neige en cm,13,7.59,4832
-80.38333333333334,43.45,WATERLOO WELLINGTON A,6149387,4832.56.1,NORM,Y,C,56,1,2012-10-19 20:14:22,,ON,1981,2010,,1981,,2002,22,682,,0,100,Total precipitation mm,Précipitations totales en mm,1,65.24,4832
-80.38333333333334,43.45,WATERLOO WELLINGTON A,6149387,4832.56.2,NORM,Y,C,56,1,2012-10-19 20:14:22,,ON,1981,2010,,1981,,2002,22,621,,0,100,Total precipitation mm,Précipitations totales en mm,2,54.92,4832
-80.38333333333334,43.45,WATERLOO WELLINGTON A,6149387,4832.56.3,NORM,Y,C,56,1,2012-10-19 20:14:22,,ON,1981,2010,,1981,,2002,22,682,,0,100,Total precipitation mm,Précipitations totales en mm,3,61.04,4832
-80.38333333333334,43.45,WATERLOO WELLINGTON A,6149387,4832.56.4,NORM,Y,C,56,1,2012-10-19 20:14:22,,ON,1981,2010,,1981,,2002,22,660,,0,100,Total precipitation mm,Précipitations totales en mm,4,74.54,4832
-80.38333333333334,43.45,WATERLOO WELLINGTON A,6149387,4832.56.5,NORM,Y,C,56,1,2012-10-19 20:14:22,,ON,1981,2010,,1981,,2002,22,682,,0,100,Total precipitation mm,Précipitations totales en mm,5,82.31,4832
-80.38333333333334,43.45,WATERLOO WELLINGTON A,6149387,4832.56.6,NORM,Y,C,56,1,2012-10-19 20:14:22,,ON,1981,2010,,1981,,2002,22,660,,0,100,Total precipitation mm,Précipitations totales en mm,6,82.39,4832
-80.38333333333334,43.45,WATERLOO WELLINGTON A,6149387,4832.56.7,NORM,Y,C,56,1,2012-10-19 20:14:22,,ON,1981,2010,,1981,,2002,22,682,,0,100,Total precipitation mm,Précipitations totales en mm,7,98.55,4832
-80.38333333333334,43.45,WATERLOO WELLINGTON A,6149387,4832.56.8,NORM,Y,C,56,1,2012-10-19 20:14:22,,ON,1981,2010,,1981,,2002,22,682,,0,100,Total precipitation mm,Précipitations totales en mm,8,83.92,4832
-80.38333333333334,43.45,WATERLOO WELLINGTON A,6149387,4832.56.9,NORM,Y,C,56,1,2012-10-19 20:14:22,,ON,1981,2010,,1981,,2002,22,660,,0,100,Total precipitation mm,Précipitations totales en mm,9,87.79,4832
-80.38333333333334,43.45,WATERLOO WELLINGTON A,6149387,4832.56.10,NORM,Y,C,56,1,2012-10-19 20:14:22,,ON,1981,2010,,1981,,2002,22,682,,0,100,Total precipitation mm,Précipitations totales en mm,10,67.44,4832
-80.38333333333334,43.45,WATERLOO WELLINGTON A,6149387,4832.56.11,NORM,Y,C,56,1,2012-10-19 20:14:22,,ON,1981,2010,,1981,,2001,21,630,,0,100,Total precipitation mm,Précipitations totales en mm,11,87.1,4832
-80.38333333333334,43.45,WATERLOO WELLINGTON A,6149387,4832.56.12,NORM,Y,C,56,1,2012-10-19 20:14:22,,ON,1981,2010,,1981,,2001,21,651,,0,100,Total precipitation mm,Précipitations totales en mm,12,71.24,4832
-80.38333333333334,43.45,WATERLOO WELLINGTON A,6149387,4832.56.13,NORM,Y,C,56,1,2012-10-19 20:14:22,,ON,1981,2010,,1981,,2002,22,7974,,0,100,Total precipitation mm,Précipitations totales en mm,13,916.48,4832
-80.38333333333334,43.45,WATERLOO WELLINGTON A,6149387,4832.57.1,NORM,Y,C,57,1,2012-10-19 20:14:22,,ON,1981,2010,,1981,,2002,22,682,,0,100,StdDev total precipitation mm,Écart-type des précipitations totales en mm,1,29.21,4832
-80.38333333333334,43.45,WATERLOO WELLINGTON A,6149387,4832.57.2,NORM,Y,C,57,1,2012-10-19 20:14:22,,ON,1981,2010,,1981,,2002,22,621,,0,100,StdDev total precipitation mm,Écart-type des précipitations totales en mm,2,27.86,4832
-80.38333333333334,43.45,WATERLOO WELLINGTON A,6149387,4832.57.3,NORM,Y,C,57,1,2012-10-19 20:14:22,,ON,1981,2010,,1981,,2002,22,682,,0,100,StdDev total precipitation mm,Écart-type des précipitations totales en mm,3,26.26,4832
-80.38333333333334,43.45,WATERLOO WELLINGTON A,6149387,4832.57.4,NORM,Y,C,57,1,2012-10-19 20:14:22,,ON,1981,2010,,1981,,2002,22,660,,0,100,StdDev total precipitation mm,Écart-type des précipitations totales en mm,4,31.88,4832
-80.38333333333334,43.45,WATERLOO WELLINGTON A,6149387,4832.57.5,NORM,Y,C,57,1,2012-10-19 20:14:22,,ON,1981,2010,,1981,,2002,22,682,,0,100,StdDev total precipitation mm,Écart-type des précipitations totales en mm,5,31.95,4832
-80.38333333333334,43.45,WATERLOO WELLINGTON A,6149387,4832.57.6,NORM,Y,C,57,1,2012-10-19 20:14:22,,ON,1981,2010,,1981,,2002,22,660,,0,100,StdDev total precipitation mm,Écart-type des précipitations totales en mm,6,33.34,4832
-80.38333333333334,43.45,WATERLOO WELLINGTON A,6149387,4832.57.7,NORM,Y,C,57,1,2012-10-19 20:14:22,,ON,1981,2010,,1981,,2002,22,682,,0,100,StdDev total precipitation mm,Écart-type des précipitations totales en mm,7,54.01,4832
-80.38333333333334,43.45,WATERLOO WELLINGTON A,6149387,4832.57.8,NORM,Y,C,57,1,2012-10-19 20:14:22,,ON,1981,2010,,1981,,2002,22,682,,0,100,StdDev total precipitation mm,Écart-type des précipitations totales en mm,8,42.59,4832
-80.38333333333334,43.45,WATERLOO WELLINGTON A,6149387,4832.57.9,NORM,Y,C,57,1,2012-10-19 20:14:22,,ON,1981,2010,,1981,,2002,22,660,,0,100,StdDev total precipitation mm,Écart-type des précipitations totales en mm,9,42.48,4832
-80.38333333333334,43.45,WATERLOO WELLINGTON A,6149387,4832.57.10,NORM,Y,C,57,1,2012-10-19 20:14:22,,ON,1981,2010,,1981,,2002,22,682,,0,100,StdDev total precipitation mm,Écart-type des précipitations totales en mm,10,30.85,4832
-80.38333333333334,43.45,WATERLOO WELLINGTON A,6149387,4832.57.11,NORM,Y,C,57,1,2012-10-19 20:14:22,,ON,1981,2010,,1981,,2001,21,630,,0,100,StdDev total precipitation mm,Écart-type des précipitations totales en mm,11,35.87,4832
-80.38333333333334,43.45,WATERLOO WELLINGTON A,6149387,4832.57.12,NORM,Y,C,57,1,2012-10-19 20:14:22,,ON,1981,2010,,1981,,2001,21,651,,0,100,StdDev total precipitation mm,Écart-type des précipitations totales en mm,12,27.19,4832
-80.38333333333334,43.45,WATERLOO WELLINGTON A,6149387,4832.57.13,NORM,Y,C,57,1,2012-10-19 20:14:22,,ON,1981,2010,,1981,,2002,22,7974,,0,100,StdDev total precipitation mm,Écart-type des précipitations totales en mm,13,34.46,4832
-80.38333333333334,43.45,WATERLOO WELLINGTON A,6149387,4832.61.1,NORM,Y,C,61,1,2012-10-19 20:14:22,,ON,1981,2010,,1981,,2002,22,682,,0,100,Days with rainfall GE 0.2 mm,"Jours avec chutes de pluie >= 0,2 mm",1,5.59,4832
-80.38333333333334,43.45,WATERLOO WELLINGTON A,6149387,4832.61.2,NORM,Y,C,61,1,2012-10-19 20:14:22,,ON,1981,2010,,1981,,2002,22,621,,0,100,Days with rainfall GE 0.2 mm,"Jours avec chutes de pluie >= 0,2 mm",2,5,4832
-80.38333333333334,43.45,WATERLOO WELLINGTON A,6149387,4832.61.3,NORM,Y,C,61,1,2012-10-19 20:14:22,,ON,1981,2010,,1981,,2002,22,682,,0,100,Days with rainfall GE 0.2 mm,"Jours avec chutes de pluie >= 0,2 mm",3,6.86,4832
-80.38333333333334,43.45,WATERLOO WELLINGTON A,6149387,4832.61.4,NORM,Y,C,61,1,2012-10-19 20:14:22,,ON,1981,2010,,1981,,2002,22,660,,0,100,Days with rainfall GE 0.2 mm,"Jours avec chutes de pluie >= 0,2 mm",4,11.45,4832
-80.38333333333334,43.45,WATERLOO WELLINGTON A,6149387,4832.61.5,NORM,Y,C,61,1,2012-10-19 20:14:22,,ON,1981,2010,,1981,,2002,22,682,,0,100,Days with rainfall GE 0.2 mm,"Jours avec chutes de pluie >= 0,2 mm",5,12.36,4832
-80.38333333333334,43.45,WATERLOO WELLINGTON A,6149387,4832.61.6,NORM,Y,C,61,1,2012-10-19 20:14:22,,ON,1981,2010,,1981,,2002,22,660,,0,100,Days with rainfall GE 0.2 mm,"Jours avec chutes de pluie >= 0,2 mm",6,11.95,4832
-80.38333333333334,43.45,WATERLOO WELLINGTON A,6149387,4832.61.7,NORM,Y,C,61,1,2012-10-19 20:14:22,,ON,1981,2010,,1981,,2002,22,682,,0,100,Days with rainfall GE 0.2 mm,"Jours avec chutes de pluie >= 0,2 mm",7,10.55,4832
-80.38333333333334,43.45,WATERLOO WELLINGTON A,6149387,4832.61.8,NORM,Y,C,61,1,2012-10-19 20:14:22,,ON,1981,2010,,1981,,2002,22,682,,0,100,Days with rainfall GE 0.2 mm,"Jours avec chutes de pluie >= 0,2 mm",8,10.68,4832
-80.38333333333334,43.45,WATERLOO WELLINGTON A,6149387,4832.61.9,NORM,Y,C,61,1,2012-10-19 20:14:22,,ON,1981,2010,,1981,,2002,22,660,,0,100,Days with rainfall GE 0.2 mm,"Jours avec chutes de pluie >= 0,2 mm",9,12.18,4832
-80.38333333333334,43.45,WATERLOO WELLINGTON A,6149387,4832.61.10,NORM,Y,C,61,1,2012-10-19 20:14:22,,ON,1981,2010,,1981,,2002,22,682,,0,100,Days with rainfall GE 0.2 mm,"Jours avec chutes de pluie >= 0,2 mm",10,13.68,4832
-80.38333333333334,43.45,WATERLOO WELLINGTON A,6149387,4832.61.11,NORM,Y,C,61,1,2012-10-19 20:14:22,,ON,1981,2010,,1981,,2001,21,630,,0,100,Days with rainfall GE 0.2 mm,"Jours avec chutes de pluie >= 0,2 mm",11,11.57,4832
-80.38333333333334,43.45,WATERLOO WELLINGTON A,6149387,4832.61.12,NORM,Y,C,61,1,2012-10-19 20:14:22,,ON,1981,2010,,1981,,2001,21,651,,0,100,Days with rainfall GE 0.2 mm,"Jours avec chutes de pluie >= 0,2 mm",12,6.86,4832
-80.38333333333334,43.45,WATERLOO WELLINGTON A,6149387,4832.61.13,NORM,Y,C,61,1,2012-10-19 20:14:22,,ON,1981,2010,,1981,,2002,22,7974,,0,100,Days with rainfall GE 0.2 mm,"Jours avec chutes de pluie >= 0,2 mm",13,118.73,4832
-80.38333333333334,43.45,WATERLOO WELLINGTON A,6149387,4832.62.1,NORM,Y,C,62,1,2012-10-19 20:14:22,,ON,1981,2010,,1981,,2002,22,682,,0,100,Days with rainfall GE 5 mm,Jours avec chutes de pluie >= 5 mm,1,1.82,4832
-80.38333333333334,43.45,WATERLOO WELLINGTON A,6149387,4832.62.2,NORM,Y,C,62,1,2012-10-19 20:14:22,,ON,1981,2010,,1981,,2002,22,621,,0,100,Days with rainfall GE 5 mm,Jours avec chutes de pluie >= 5 mm,2,1.77,4832
-80.38333333333334,43.45,WATERLOO WELLINGTON A,6149387,4832.62.3,NORM,Y,C,62,1,2012-10-19 20:14:22,,ON,1981,2010,,1981,,2002,22,682,,0,100,Days with rainfall GE 5 mm,Jours avec chutes de pluie >= 5 mm,3,2.45,4832
-80.38333333333334,43.45,WATERLOO WELLINGTON A,6149387,4832.62.4,NORM,Y,C,62,1,2012-10-19 20:14:22,,ON,1981,2010,,1981,,2002,22,660,,0,100,Days with rainfall GE 5 mm,Jours avec chutes de pluie >= 5 mm,4,4.09,4832
-80.38333333333334,43.45,WATERLOO WELLINGTON A,6149387,4832.62.5,NORM,Y,C,62,1,2012-10-19 20:14:22,,ON,1981,2010,,1981,,2002,22,682,,0,100,Days with rainfall GE 5 mm,Jours avec chutes de pluie >= 5 mm,5,5.14,4832
-80.38333333333334,43.45,WATERLOO WELLINGTON A,6149387,4832.62.6,NORM,Y,C,62,1,2012-10-19 20:14:22,,ON,1981,2010,,1981,,2002,22,660,,0,100,Days with rainfall GE 5 mm,Jours avec chutes de pluie >= 5 mm,6,5.23,4832
-80.38333333333334,43.45,WATERLOO WELLINGTON A,6149387,4832.62.7,NORM,Y,C,62,1,2012-10-19 20:14:22,,ON,1981,2010,,1981,,2002,22,682,,0,100,Days with rainfall GE 5 mm,Jours avec chutes de pluie >= 5 mm,7,5.14,4832
-80.38333333333334,43.45,WATERLOO WELLINGTON A,6149387,4832.62.8,NORM,Y,C,62,1,2012-10-19 20:14:22,,ON,1981,2010,,1981,,2002,22,682,,0,100,Days with rainfall GE 5 mm,Jours avec chutes de pluie >= 5 mm,8,4.36,4832
-80.38333333333334,43.45,WATERLOO WELLINGTON A,6149387,4832.62.9,NORM,Y,C,62,1,2012-10-19 20:14:22,,ON,1981,2010,,1981,,2002,22,660,,0,100,Days with rainfall GE 5 mm,Jours avec chutes de pluie >= 5 mm,9,5,4832
-80.38333333333334,43.45,WATERLOO WELLINGTON A,6149387,4832.62.10,NORM,Y,C,62,1,2012-10-19 20:14:22,,ON,1981,2010,,1981,,2002,22,682,,0,100,Days with rainfall GE 5 mm,Jours avec chutes de pluie >= 5 mm,10,4.41,4832
-80.38333333333334,43.45,WATERLOO WELLINGTON A,6149387,4832.62.11,NORM,Y,C,62,1,2012-10-19 20:14:22,,ON,1981,2010,,1981,,2001,21,630,,0,100,Days with rainfall GE 5 mm,Jours avec chutes de pluie >= 5 mm,11,4.67,4832
-80.38333333333334,43.45,WATERLOO WELLINGTON A,6149387,4832.62.12,NORM,Y,C,62,1,2012-10-19 20:14:22,,ON,1981,2010,,1981,,2001,21,651,,0,100,Days with rainfall GE 5 mm,Jours avec chutes de pluie >= 5 mm,12,2.81,4832
-80.38333333333334,43.45,WATERLOO WELLINGTON A,6149387,4832.62.13,NORM,Y,C,62,1,2012-10-19 20:14:22,,ON,1981,2010,,1981,,2002,22,7974,,0,100,Days with rainfall GE 5 mm,Jours avec chutes de pluie >= 5 mm,13,46.89,4832
-80.38333333333334,43.45,WATERLOO WELLINGTON A,6149387,4832.63.1,NORM,Y,C,63,1,2012-10-19 20:14:22,,ON,1981,2010,,1981,,2002,22,682,,0,100,Days with rainfall GE 10 mm,Jours avec chutes de pluie >= 10 mm,1,0.95,4832
-80.38333333333334,43.45,WATERLOO WELLINGTON A,6149387,4832.63.2,NORM,Y,C,63,1,2012-10-19 20:14:22,,ON,1981,2010,,1981,,2002,22,621,,0,100,Days with rainfall GE 10 mm,Jours avec chutes de pluie >= 10 mm,2,1,4832
-80.38333333333334,43.45,WATERLOO WELLINGTON A,6149387,4832.63.3,NORM,Y,C,63,1,2012-10-19 20:14:22,,ON,1981,2010,,1981,,2002,22,682,,0,100,Days with rainfall GE 10 mm,Jours avec chutes de pluie >= 10 mm,3,1.36,4832
-80.38333333333334,43.45,WATERLOO WELLINGTON A,6149387,4832.63.4,NORM,Y,C,63,1,2012-10-19 20:14:22,,ON,1981,2010,,1981,,2002,22,660,,0,100,Days with rainfall GE 10 mm,Jours avec chutes de pluie >= 10 mm,4,2.14,4832
-80.38333333333334,43.45,WATERLOO WELLINGTON A,6149387,4832.63.5,NORM,Y,C,63,1,2012-10-19 20:14:22,,ON,1981,2010,,1981,,2002,22,682,,0,100,Days with rainfall GE 10 mm,Jours avec chutes de pluie >= 10 mm,5,2.86,4832
-80.38333333333334,43.45,WATERLOO WELLINGTON A,6149387,4832.63.6,NORM,Y,C,63,1,2012-10-19 20:14:22,,ON,1981,2010,,1981,,2002,22,660,,0,100,Days with rainfall GE 10 mm,Jours avec chutes de pluie >= 10 mm,6,3.09,4832
-80.38333333333334,43.45,WATERLOO WELLINGTON A,6149387,4832.63.7,NORM,Y,C,63,1,2012-10-19 20:14:22,,ON,1981,2010,,1981,,2002,22,682,,0,100,Days with rainfall GE 10 mm,Jours avec chutes de pluie >= 10 mm,7,3.36,4832
-80.38333333333334,43.45,WATERLOO WELLINGTON A,6149387,4832.63.8,NORM,Y,C,63,1,2012-10-19 20:14:22,,ON,1981,2010,,1981,,2002,22,682,,0,100,Days with rainfall GE 10 mm,Jours avec chutes de pluie >= 10 mm,8,2.82,4832
-80.38333333333334,43.45,WATERLOO WELLINGTON A,6149387,4832.63.9,NORM,Y,C,63,1,2012-10-19 20:14:22,,ON,1981,2010,,1981,,2002,22,660,,0,100,Days with rainfall GE 10 mm,Jours avec chutes de pluie >= 10 mm,9,2.82,4832
-80.38333333333334,43.45,WATERLOO WELLINGTON A,6149387,4832.63.10,NORM,Y,C,63,1,2012-10-19 20:14:22,,ON,1981,2010,,1981,,2002,22,682,,0,100,Days with rainfall GE 10 mm,Jours avec chutes de pluie >= 10 mm,10,2.36,4832
-80.38333333333334,43.45,WATERLOO WELLINGTON A,6149387,4832.63.11,NORM,Y,C,63,1,2012-10-19 20:14:22,,ON,1981,2010,,1981,,2001,21,630,,0,100,Days with rainfall GE 10 mm,Jours avec chutes de pluie >= 10 mm,11,2.43,4832
-80.38333333333334,43.45,WATERLOO WELLINGTON A,6149387,4832.63.12,NORM,Y,C,63,1,2012-10-19 20:14:22,,ON,1981,2010,,1981,,2001,21,651,,0,100,Days with rainfall GE 10 mm,Jours avec chutes de pluie >= 10 mm,12,1.19,4832
-80.38333333333334,43.45,WATERLOO WELLINGTON A,6149387,4832.63.13,NORM,Y,C,63,1,2012-10-19 20:14:22,,ON,1981,2010,,1981,,2002,22,7974,,0,100,Days with rainfall GE 10 mm,Jours avec chutes de pluie >= 10 mm,13,26.38,4832
-80.38333333333334,43.45,WATERLOO WELLINGTON A,6149387,4832.64.1,NORM,Y,C,64,1,2012-10-19 20:14:22,,ON,1981,2010,,1981,,2002,22,682,,0,100,Days with rainfall GE 25 mm,Jours avec chutes de pluie >= 25 mm,1,0.09,4832
-80.38333333333334,43.45,WATERLOO WELLINGTON A,6149387,4832.64.2,NORM,Y,C,64,1,2012-10-19 20:14:22,,ON,1981,2010,,1981,,2002,22,621,,0,100,Days with rainfall GE 25 mm,Jours avec chutes de pluie >= 25 mm,2,0.14,4832
-80.38333333333334,43.45,WATERLOO WELLINGTON A,6149387,4832.64.3,NORM,Y,C,64,1,2012-10-19 20:14:22,,ON,1981,2010,,1981,,2002,22,682,,0,100,Days with rainfall GE 25 mm,Jours avec chutes de pluie >= 25 mm,3,0.09,4832
-80.38333333333334,43.45,WATERLOO WELLINGTON A,6149387,4832.64.4,NORM,Y,C,64,1,2012-10-19 20:14:22,,ON,1981,2010,,1981,,2002,22,660,,0,100,Days with rainfall GE 25 mm,Jours avec chutes de pluie >= 25 mm,4,0.32,4832
-80.38333333333334,43.45,WATERLOO WELLINGTON A,6149387,4832.64.5,NORM,Y,C,64,1,2012-10-19 20:14:22,,ON,1981,2010,,1981,,2002,22,682,,0,100,Days with rainfall GE 25 mm,Jours avec chutes de pluie >= 25 mm,5,0.45,4832
-80.38333333333334,43.45,WATERLOO WELLINGTON A,6149387,4832.64.6,NORM,Y,C,64,1,2012-10-19 20:14:22,,ON,1981,2010,,1981,,2002,22,660,,0,100,Days with rainfall GE 25 mm,Jours avec chutes de pluie >= 25 mm,6,0.36,4832
-80.38333333333334,43.45,WATERLOO WELLINGTON A,6149387,4832.64.7,NORM,Y,C,64,1,2012-10-19 20:14:22,,ON,1981,2010,,1981,,2002,22,682,,0,100,Days with rainfall GE 25 mm,Jours avec chutes de pluie >= 25 mm,7,0.95,4832
-80.38333333333334,43.45,WATERLOO WELLINGTON A,6149387,4832.64.8,NORM,Y,C,64,1,2012-10-19 20:14:22,,ON,1981,2010,,1981,,2002,22,682,,0,100,Days with rainfall GE 25 mm,Jours avec chutes de pluie >= 25 mm,8,0.77,4832
-80.38333333333334,43.45,WATERLOO WELLINGTON A,6149387,4832.64.9,NORM,Y,C,64,1,2012-10-19 20:14:22,,ON,1981,2010,,1981,,2002,22,660,,0,100,Days with rainfall GE 25 mm,Jours avec chutes de pluie >= 25 mm,9,0.68,4832
-80.38333333333334,43.45,WATERLOO WELLINGTON A,6149387,4832.64.10,NORM,Y,C,64,1,2012-10-19 20:14:22,,ON,1981,2010,,1981,,2002,22,682,,0,100,Days with rainfall GE 25 mm,Jours avec chutes de pluie >= 25 mm,10,0.14,4832
-80.38333333333334,43.45,WATERLOO WELLINGTON A,6149387,4832.64.11,NORM,Y,C,64,1,2012-10-19 20:14:22,,ON,1981,2010,,1981,,2001,21,630,,0,100,Days with rainfall GE 25 mm,Jours avec chutes de pluie >= 25 mm,11,0.48,4832
-80.38333333333334,43.45,WATERLOO WELLINGTON A,6149387,4832.64.12,NORM,Y,C,64,1,2012-10-19 20:14:22,,ON,1981,2010,,1981,,2001,21,651,,0,100,Days with rainfall GE 25 mm,Jours avec chutes de pluie >= 25 mm,12,0.14,4832
-80.38333333333334,43.45,WATERLOO WELLINGTON A,6149387,4832.64.13,NORM,Y,C,64,1,2012-10-19 20:14:22,,ON,1981,2010,,1981,,2002,22,7974,,0,100,Days with rainfall GE 25 mm,Jours avec chutes de pluie >= 25 mm,13,4.61,4832
-80.38333333333334,43.45,WATERLOO WELLINGTON A,6149387,4832.65.1,NORM,Y,C,65,1,2012-10-19 20:14:22,,ON,1981,2010,,1981,,2002,22,682,,0,100,Days with snowfall GE 0.2 cm,"Jours avec chutes de neige >= 0,2 cm",1,16.09,4832
-80.38333333333334,43.45,WATERLOO WELLINGTON A,6149387,4832.65.2,NORM,Y,C,65,1,2012-10-19 20:14:22,,ON,1981,2010,,1981,,2002,22,621,,0,100,Days with snowfall GE 0.2 cm,"Jours avec chutes de neige >= 0,2 cm",2,11.86,4832
-80.38333333333334,43.45,WATERLOO WELLINGTON A,6149387,4832.65.3,NORM,Y,C,65,1,2012-10-19 20:14:22,,ON,1981,2010,,1981,,2002,22,682,,0,100,Days with snowfall GE 0.2 cm,"Jours avec chutes de neige >= 0,2 cm",3,8.95,4832
-80.38333333333334,43.45,WATERLOO WELLINGTON A,6149387,4832.65.4,NORM,Y,C,65,1,2012-10-19 20:14:22,,ON,1981,2010,,1981,,2002,22,660,,0,100,Days with snowfall GE 0.2 cm,"Jours avec chutes de neige >= 0,2 cm",4,3.32,4832
-80.38333333333334,43.45,WATERLOO WELLINGTON A,6149387,4832.65.5,NORM,Y,C,65,1,2012-10-19 20:14:22,,ON,1981,2010,,1981,,2002,22,682,,0,100,Days with snowfall GE 0.2 cm,"Jours avec chutes de neige >= 0,2 cm",5,0.18,4832
-80.38333333333334,43.45,WATERLOO WELLINGTON A,6149387,4832.65.6,NORM,Y,C,65,1,2012-10-19 20:14:22,,ON,1981,2010,,1981,,2002,22,660,,0,100,Days with snowfall GE 0.2 cm,"Jours avec chutes de neige >= 0,2 cm",6,0,4832
-80.38333333333334,43.45,WATERLOO WELLINGTON A,6149387,4832.65.7,NORM,Y,C,65,1,2012-10-19 20:14:22,,ON,1981,2010,,1981,,2002,22,682,,0,100,Days with snowfall GE 0.2 cm,"Jours avec chutes de neige >= 0,2 cm",7,0,4832
-80.38333333333334,43.45,WATERLOO WELLINGTON A,6149387,4832.65.8,NORM,Y,C,65,1,2012-10-19 20:14:22,,ON,1981,2010,,1981,,2002,22,682,,0,100,Days with snowfall GE 0.2 cm,"Jours avec chutes de neige >= 0,2 cm",8,0,4832
-80.38333333333334,43.45,WATERLOO WELLINGTON A,6149387,4832.65.9,NORM,Y,C,65,1,2012-10-19 20:14:22,,ON,1981,2010,,1981,,2002,22,660,,0,100,Days with snowfall GE 0.2 cm,"Jours avec chutes de neige >= 0,2 cm",9,0,4832
-80.38333333333334,43.45,WATERLOO WELLINGTON A,6149387,4832.65.10,NORM,Y,C,65,1,2012-10-19 20:14:22,,ON,1981,2010,,1981,,2002,22,682,,0,100,Days with snowfall GE 0.2 cm,"Jours avec chutes de neige >= 0,2 cm",10,0.91,4832
-80.38333333333334,43.45,WATERLOO WELLINGTON A,6149387,4832.65.11,NORM,Y,C,65,1,2012-10-19 20:14:22,,ON,1981,2010,,1981,,2001,21,630,,0,100,Days with snowfall GE 0.2 cm,"Jours avec chutes de neige >= 0,2 cm",11,6.48,4832
-80.38333333333334,43.45,WATERLOO WELLINGTON A,6149387,4832.65.12,NORM,Y,C,65,1,2012-10-19 20:14:22,,ON,1981,2010,,1981,,2001,21,651,,0,100,Days with snowfall GE 0.2 cm,"Jours avec chutes de neige >= 0,2 cm",12,14.38,4832
-80.38333333333334,43.45,WATERLOO WELLINGTON A,6149387,4832.65.13,NORM,Y,C,65,1,2012-10-19 20:14:22,,ON,1981,2010,,1981,,2002,22,7974,,0,100,Days with snowfall GE 0.2 cm,"Jours avec chutes de neige >= 0,2 cm",13,62.17,4832
-80.38333333333334,43.45,WATERLOO WELLINGTON A,6149387,4832.66.1,NORM,Y,C,66,1,2012-10-19 20:14:22,,ON,1981,2010,,1981,,2002,22,682,,0,100,Days with snowfall GE 5 cm,Jours avec chutes de neige >= 5 cm,1,2.5,4832
-80.38333333333334,43.45,WATERLOO WELLINGTON A,6149387,4832.66.2,NORM,Y,C,66,1,2012-10-19 20:14:22,,ON,1981,2010,,1981,,2002,22,621,,0,100,Days with snowfall GE 5 cm,Jours avec chutes de neige >= 5 cm,2,1.77,4832
-80.38333333333334,43.45,WATERLOO WELLINGTON A,6149387,4832.66.3,NORM,Y,C,66,1,2012-10-19 20:14:22,,ON,1981,2010,,1981,,2002,22,682,,0,100,Days with snowfall GE 5 cm,Jours avec chutes de neige >= 5 cm,3,1.86,4832
-80.38333333333334,43.45,WATERLOO WELLINGTON A,6149387,4832.66.4,NORM,Y,C,66,1,2012-10-19 20:14:22,,ON,1981,2010,,1981,,2002,22,660,,0,100,Days with snowfall GE 5 cm,Jours avec chutes de neige >= 5 cm,4,0.36,4832
-80.38333333333334,43.45,WATERLOO WELLINGTON A,6149387,4832.66.5,NORM,Y,C,66,1,2012-10-19 20:14:22,,ON,1981,2010,,1981,,2002,22,682,,0,100,Days with snowfall GE 5 cm,Jours avec chutes de neige >= 5 cm,5,0.05,4832
-80.38333333333334,43.45,WATERLOO WELLINGTON A,6149387,4832.66.6,NORM,Y,C,66,1,2012-10-19 20:14:22,,ON,1981,2010,,1981,,2002,22,660,,0,100,Days with snowfall GE 5 cm,Jours avec chutes de neige >= 5 cm,6,0,4832
-80.38333333333334,43.45,WATERLOO WELLINGTON A,6149387,4832.66.7,NORM,Y,C,66,1,2012-10-19 20:14:22,,ON,1981,2010,,1981,,2002,22,682,,0,100,Days with snowfall GE 5 cm,Jours avec chutes de neige >= 5 cm,7,0,4832
-80.38333333333334,43.45,WATERLOO WELLINGTON A,6149387,4832.66.8,NORM,Y,C,66,1,2012-10-19 20:14:22,,ON,1981,2010,,1981,,2002,22,682,,0,100,Days with snowfall GE 5 cm,Jours avec chutes de neige >= 5 cm,8,0,4832
-80.38333333333334,43.45,WATERLOO WELLINGTON A,6149387,4832.66.9,NORM,Y,C,66,1,2012-10-19 20:14:22,,ON,1981,2010,,1981,,2002,22,660,,0,100,Days with snowfall GE 5 cm,Jours avec chutes de neige >= 5 cm,9,0,4832
-80.38333333333334,43.45,WATERLOO WELLINGTON A,6149387,4832.66.10,NORM,Y,C,66,1,2012-10-19 20:14:22,,ON,1981,2010,,1981,,2002,22,682,,0,100,Days with snowfall GE 5 cm,Jours avec chutes de neige >= 5 cm,10,0.05,4832
-80.38333333333334,43.45,WATERLOO WELLINGTON A,6149387,4832.66.11,NORM,Y,C,66,1,2012-10-19 20:14:22,,ON,1981,2010,,1981,,2001,21,630,,0,100,Days with snowfall GE 5 cm,Jours avec chutes de neige >= 5 cm,11,0.67,4832
-80.38333333333334,43.45,WATERLOO WELLINGTON A,6149387,4832.66.12,NORM,Y,C,66,1,2012-10-19 20:14:22,,ON,1981,2010,,1981,,2001,21,651,,0,100,Days with snowfall GE 5 cm,Jours avec chutes de neige >= 5 cm,12,2.33,4832
-80.38333333333334,43.45,WATERLOO WELLINGTON A,6149387,4832.66.13,NORM,Y,C,66,1,2012-10-19 20:14:22,,ON,1981,2010,,1981,,2002,22,7974,,0,100,Days with snowfall GE 5 cm,Jours avec chutes de neige >= 5 cm,13,9.59,4832
-80.38333333333334,43.45,WATERLOO WELLINGTON A,6149387,4832.67.1,NORM,Y,C,67,1,2012-10-19 20:14:22,,ON,1981,2010,,1981,,2002,22,682,,0,100,Days with snowfall GE 10 cm,Jours avec chutes de neige >= 10 cm,1,0.64,4832
-80.38333333333334,43.45,WATERLOO WELLINGTON A,6149387,4832.67.2,NORM,Y,C,67,1,2012-10-19 20:14:22,,ON,1981,2010,,1981,,2002,22,621,,0,100,Days with snowfall GE 10 cm,Jours avec chutes de neige >= 10 cm,2,0.5,4832
-80.38333333333334,43.45,WATERLOO WELLINGTON A,6149387,4832.67.3,NORM,Y,C,67,1,2012-10-19 20:14:22,,ON,1981,2010,,1981,,2002,22,682,,0,100,Days with snowfall GE 10 cm,Jours avec chutes de neige >= 10 cm,3,0.64,4832
-80.38333333333334,43.45,WATERLOO WELLINGTON A,6149387,4832.67.4,NORM,Y,C,67,1,2012-10-19 20:14:22,,ON,1981,2010,,1981,,2002,22,660,,0,100,Days with snowfall GE 10 cm,Jours avec chutes de neige >= 10 cm,4,0.09,4832
-80.38333333333334,43.45,WATERLOO WELLINGTON A,6149387,4832.67.5,NORM,Y,C,67,1,2012-10-19 20:14:22,,ON,1981,2010,,1981,,2002,22,682,,0,100,Days with snowfall GE 10 cm,Jours avec chutes de neige >= 10 cm,5,0,4832
-80.38333333333334,43.45,WATERLOO WELLINGTON A,6149387,4832.67.6,NORM,Y,C,67,1,2012-10-19 20:14:22,,ON,1981,2010,,1981,,2002,22,660,,0,100,Days with snowfall GE 10 cm,Jours avec chutes de neige >= 10 cm,6,0,4832
-80.38333333333334,43.45,WATERLOO WELLINGTON A,6149387,4832.67.7,NORM,Y,C,67,1,2012-10-19 20:14:22,,ON,1981,2010,,1981,,2002,22,682,,0,100,Days with snowfall GE 10 cm,Jours avec chutes de neige >= 10 cm,7,0,4832
-80.38333333333334,43.45,WATERLOO WELLINGTON A,6149387,4832.67.8,NORM,Y,C,67,1,2012-10-19 20:14:22,,ON,1981,2010,,1981,,2002,22,682,,0,100,Days with snowfall GE 10 cm,Jours avec chutes de neige >= 10 cm,8,0,4832
-80.38333333333334,43.45,WATERLOO WELLINGTON A,6149387,4832.67.9,NORM,Y,C,67,1,2012-10-19 20:14:22,,ON,1981,2010,,1981,,2002,22,660,,0,100,Days with snowfall GE 10 cm,Jours avec chutes de neige >= 10 cm,9,0,4832
-80.38333333333334,43.45,WATERLOO WELLINGTON A,6149387,4832.67.10,NORM,Y,C,67,1,2012-10-19 20:14:22,,ON,1981,2010,,1981,,2002,22,682,,0,100,Days with snowfall GE 10 cm,Jours avec chutes de neige >= 10 cm,10,0,4832
-80.38333333333334,43.45,WATERLOO WELLINGTON A,6149387,4832.67.11,NORM,Y,C,67,1,2012-10-19 20:14:22,,ON,1981,2010,,1981,,2001,21,630,,0,100,Days with snowfall GE 10 cm,Jours avec chutes de neige >= 10 cm,11,0.05,4832
-80.38333333333334,43.45,WATERLOO WELLINGTON A,6149387,4832.67.12,NORM,Y,C,67,1,2012-10-19 20:14:22,,ON,1981,2010,,1981,,2001,21,651,,0,100,Days with snowfall GE 10 cm,Jours avec chutes de neige >= 10 cm,12,0.57,4832
-80.38333333333334,43.45,WATERLOO WELLINGTON A,6149387,4832.67.13,NORM,Y,C,67,1,2012-10-19 20:14:22,,ON,1981,2010,,1981,,2002,22,7974,,0,100,Days with snowfall GE 10 cm,Jours avec chutes de neige >= 10 cm,13,2.49,4832
-80.38333333333334,43.45,WATERLOO WELLINGTON A,6149387,4832.68.1,NORM,Y,C,68,1,2012-10-19 20:14:22,,ON,1981,2010,,1981,,2002,22,682,,0,100,Days with snowfall GE 25 cm,Jours avec chutes de neige >= 25 cm,1,0,4832
-80.38333333333334,43.45,WATERLOO WELLINGTON A,6149387,4832.68.2,NORM,Y,C,68,1,2012-10-19 20:14:22,,ON,1981,2010,,1981,,2002,22,621,,0,100,Days with snowfall GE 25 cm,Jours avec chutes de neige >= 25 cm,2,0,4832
-80.38333333333334,43.45,WATERLOO WELLINGTON A,6149387,4832.68.3,NORM,Y,C,68,1,2012-10-19 20:14:22,,ON,1981,2010,,1981,,2002,22,682,,0,100,Days with snowfall GE 25 cm,Jours avec chutes de neige >= 25 cm,3,0,4832
-80.38333333333334,43.45,WATERLOO WELLINGTON A,6149387,4832.68.4,NORM,Y,C,68,1,2012-10-19 20:14:22,,ON,1981,2010,,1981,,2002,22,660,,0,100,Days with snowfall GE 25 cm,Jours avec chutes de neige >= 25 cm,4,0,4832
-80.38333333333334,43.45,WATERLOO WELLINGTON A,6149387,4832.68.5,NORM,Y,C,68,1,2012-10-19 20:14:22,,ON,1981,2010,,1981,,2002,22,682,,0,100,Days with snowfall GE 25 cm,Jours avec chutes de neige >= 25 cm,5,0,4832
-80.38333333333334,43.45,WATERLOO WELLINGTON A,6149387,4832.68.6,NORM,Y,C,68,1,2012-10-19 20:14:22,,ON,1981,2010,,1981,,2002,22,660,,0,100,Days with snowfall GE 25 cm,Jours avec chutes de neige >= 25 cm,6,0,4832
-80.38333333333334,43.45,WATERLOO WELLINGTON A,6149387,4832.68.7,NORM,Y,C,68,1,2012-10-19 20:14:22,,ON,1981,2010,,1981,,2002,22,682,,0,100,Days with snowfall GE 25 cm,Jours avec chutes de neige >= 25 cm,7,0,4832
-80.38333333333334,43.45,WATERLOO WELLINGTON A,6149387,4832.68.8,NORM,Y,C,68,1,2012-10-19 20:14:22,,ON,1981,2010,,1981,,2002,22,682,,0,100,Days with snowfall GE 25 cm,Jours avec chutes de neige >= 25 cm,8,0,4832
-80.38333333333334,43.45,WATERLOO WELLINGTON A,6149387,4832.68.9,NORM,Y,C,68,1,2012-10-19 20:14:22,,ON,1981,2010,,1981,,2002,22,660,,0,100,Days with snowfall GE 25 cm,Jours avec chutes de neige >= 25 cm,9,0,4832
-80.38333333333334,43.45,WATERLOO WELLINGTON A,6149387,4832.68.10,NORM,Y,C,68,1,2012-10-19 20:14:22,,ON,1981,2010,,1981,,2002,22,682,,0,100,Days with snowfall GE 25 cm,Jours avec chutes de neige >= 25 cm,10,0,4832
-80.38333333333334,43.45,WATERLOO WELLINGTON A,6149387,4832.68.11,NORM,Y,C,68,1,2012-10-19 20:14:22,,ON,1981,2010,,1981,,2001,21,630,,0,100,Days with snowfall GE 25 cm,Jours avec chutes de neige >= 25 cm,11,0,4832
-80.38333333333334,43.45,WATERLOO WELLINGTON A,6149387,4832.68.12,NORM,Y,C,68,1,2012-10-19 20:14:22,,ON,1981,2010,,1981,,2001,21,651,,0,100,Days with snowfall GE 25 cm,Jours avec chutes de neige >= 25 cm,12,0,4832
-80.38333333333334,43.45,WATERLOO WELLINGTON A,6149387,4832.68.13,NORM,Y,C,68,1,2012-10-19 20:14:22,,ON,1981,2010,,1981,,2002,22,7974,,0,100,Days with snowfall GE 25 cm,Jours avec chutes de neige >= 25 cm,13,0,4832
-80.38333333333334,43.45,WATERLOO WELLINGTON A,6149387,4832.69.1,NORM,Y,C,69,1,2012-10-19 20:14:22,,ON,1981,2010,,1981,,2002,22,682,,0,100,Days with precipitation GE 0.2 mm,"Jours avec précipitations >= 0,2 mm",1,18.23,4832
-80.38333333333334,43.45,WATERLOO WELLINGTON A,6149387,4832.69.2,NORM,Y,C,69,1,2012-10-19 20:14:22,,ON,1981,2010,,1981,,2002,22,621,,0,100,Days with precipitation GE 0.2 mm,"Jours avec précipitations >= 0,2 mm",2,14.23,4832
-80.38333333333334,43.45,WATERLOO WELLINGTON A,6149387,4832.69.3,NORM,Y,C,69,1,2012-10-19 20:14:22,,ON,1981,2010,,1981,,2002,22,682,,0,100,Days with precipitation GE 0.2 mm,"Jours avec précipitations >= 0,2 mm",3,13.77,4832
-80.38333333333334,43.45,WATERLOO WELLINGTON A,6149387,4832.69.4,NORM,Y,C,69,1,2012-10-19 20:14:22,,ON,1981,2010,,1981,,2002,22,660,,0,100,Days with precipitation GE 0.2 mm,"Jours avec précipitations >= 0,2 mm",4,13.68,4832
-80.38333333333334,43.45,WATERLOO WELLINGTON A,6149387,4832.69.5,NORM,Y,C,69,1,2012-10-19 20:14:22,,ON,1981,2010,,1981,,2002,22,682,,0,100,Days with precipitation GE 0.2 mm,"Jours avec précipitations >= 0,2 mm",5,12.36,4832
-80.38333333333334,43.45,WATERLOO WELLINGTON A,6149387,4832.69.6,NORM,Y,C,69,1,2012-10-19 20:14:22,,ON,1981,2010,,1981,,2002,22,660,,0,100,Days with precipitation GE 0.2 mm,"Jours avec précipitations >= 0,2 mm",6,11.95,4832
-80.38333333333334,43.45,WATERLOO WELLINGTON A,6149387,4832.69.7,NORM,Y,C,69,1,2012-10-19 20:14:22,,ON,1981,2010,,1981,,2002,22,682,,0,100,Days with precipitation GE 0.2 mm,"Jours avec précipitations >= 0,2 mm",7,10.55,4832
-80.38333333333334,43.45,WATERLOO WELLINGTON A,6149387,4832.69.8,NORM,Y,C,69,1,2012-10-19 20:14:22,,ON,1981,2010,,1981,,2002,22,682,,0,100,Days with precipitation GE 0.2 mm,"Jours avec précipitations >= 0,2 mm",8,10.68,4832
-80.38333333333334,43.45,WATERLOO WELLINGTON A,6149387,4832.69.9,NORM,Y,C,69,1,2012-10-19 20:14:22,,ON,1981,2010,,1981,,2002,22,660,,0,100,Days with precipitation GE 0.2 mm,"Jours avec précipitations >= 0,2 mm",9,12.18,4832
-80.38333333333334,43.45,WATERLOO WELLINGTON A,6149387,4832.69.10,NORM,Y,C,69,1,2012-10-19 20:14:22,,ON,1981,2010,,1981,,2002,22,682,,0,100,Days with precipitation GE 0.2 mm,"Jours avec précipitations >= 0,2 mm",10,13.86,4832
-80.38333333333334,43.45,WATERLOO WELLINGTON A,6149387,4832.69.11,NORM,Y,C,69,1,2012-10-19 20:14:22,,ON,1981,2010,,1981,,2001,21,630,,0,100,Days with precipitation GE 0.2 mm,"Jours avec précipitations >= 0,2 mm",11,16.38,4832
-80.38333333333334,43.45,WATERLOO WELLINGTON A,6149387,4832.69.12,NORM,Y,C,69,1,2012-10-19 20:14:22,,ON,1981,2010,,1981,,2001,21,651,,0,100,Days with precipitation GE 0.2 mm,"Jours avec précipitations >= 0,2 mm",12,18.1,4832
-80.38333333333334,43.45,WATERLOO WELLINGTON A,6149387,4832.69.13,NORM,Y,C,69,1,2012-10-19 20:14:22,,ON,1981,2010,,1981,,2002,22,7974,,0,100,Days with precipitation GE 0.2 mm,"Jours avec précipitations >= 0,2 mm",13,165.97,4832
-80.38333333333334,43.45,WATERLOO WELLINGTON A,6149387,4832.70.1,NORM,Y,C,70,1,2012-10-19 20:14:22,,ON,1981,2010,,1981,,2002,22,682,,0,100,Days with precipitation GE 5 mm,Jours avec précipitations >= 5 mm,1,4.27,4832
-80.38333333333334,43.45,WATERLOO WELLINGTON A,6149387,4832.70.2,NORM,Y,C,70,1,2012-10-19 20:14:22,,ON,1981,2010,,1981,,2002,22,621,,0,100,Days with precipitation GE 5 mm,Jours avec précipitations >= 5 mm,2,3.23,4832
-80.38333333333334,43.45,WATERLOO WELLINGTON A,6149387,4832.70.3,NORM,Y,C,70,1,2012-10-19 20:14:22,,ON,1981,2010,,1981,,2002,22,682,,0,100,Days with precipitation GE 5 mm,Jours avec précipitations >= 5 mm,3,3.95,4832
-80.38333333333334,43.45,WATERLOO WELLINGTON A,6149387,4832.70.4,NORM,Y,C,70,1,2012-10-19 20:14:22,,ON,1981,2010,,1981,,2002,22,660,,0,100,Days with precipitation GE 5 mm,Jours avec précipitations >= 5 mm,4,4.45,4832
-80.38333333333334,43.45,WATERLOO WELLINGTON A,6149387,4832.70.5,NORM,Y,C,70,1,2012-10-19 20:14:22,,ON,1981,2010,,1981,,2002,22,682,,0,100,Days with precipitation GE 5 mm,Jours avec précipitations >= 5 mm,5,5.18,4832
-80.38333333333334,43.45,WATERLOO WELLINGTON A,6149387,4832.70.6,NORM,Y,C,70,1,2012-10-19 20:14:22,,ON,1981,2010,,1981,,2002,22,660,,0,100,Days with precipitation GE 5 mm,Jours avec précipitations >= 5 mm,6,5.23,4832
-80.38333333333334,43.45,WATERLOO WELLINGTON A,6149387,4832.70.7,NORM,Y,C,70,1,2012-10-19 20:14:22,,ON,1981,2010,,1981,,2002,22,682,,0,100,Days with precipitation GE 5 mm,Jours avec précipitations >= 5 mm,7,5.14,4832
-80.38333333333334,43.45,WATERLOO WELLINGTON A,6149387,4832.70.8,NORM,Y,C,70,1,2012-10-19 20:14:22,,ON,1981,2010,,1981,,2002,22,682,,0,100,Days with precipitation GE 5 mm,Jours avec précipitations >= 5 mm,8,4.36,4832
-80.38333333333334,43.45,WATERLOO WELLINGTON A,6149387,4832.70.9,NORM,Y,C,70,1,2012-10-19 20:14:22,,ON,1981,2010,,1981,,2002,22,660,,0,100,Days with precipitation GE 5 mm,Jours avec précipitations >= 5 mm,9,5,4832
-80.38333333333334,43.45,WATERLOO WELLINGTON A,6149387,4832.70.10,NORM,Y,C,70,1,2012-10-19 20:14:22,,ON,1981,2010,,1981,,2002,22,682,,0,100,Days with precipitation GE 5 mm,Jours avec précipitations >= 5 mm,10,4.45,4832
-80.38333333333334,43.45,WATERLOO WELLINGTON A,6149387,4832.70.11,NORM,Y,C,70,1,2012-10-19 20:14:22,,ON,1981,2010,,1981,,2001,21,630,,0,100,Days with precipitation GE 5 mm,Jours avec précipitations >= 5 mm,11,5.29,4832
-80.38333333333334,43.45,WATERLOO WELLINGTON A,6149387,4832.70.12,NORM,Y,C,70,1,2012-10-19 20:14:22,,ON,1981,2010,,1981,,2001,21,651,,0,100,Days with precipitation GE 5 mm,Jours avec précipitations >= 5 mm,12,4.52,4832
-80.38333333333334,43.45,WATERLOO WELLINGTON A,6149387,4832.70.13,NORM,Y,C,70,1,2012-10-19 20:14:22,,ON,1981,2010,,1981,,2002,22,7974,,0,100,Days with precipitation GE 5 mm,Jours avec précipitations >= 5 mm,13,55.07,4832
-80.38333333333334,43.45,WATERLOO WELLINGTON A,6149387,4832.71.1,NORM,Y,C,71,1,2012-10-19 20:14:22,,ON,1981,2010,,1981,,2002,22,682,,0,100,Days with precipitation GE 10 mm,Jours avec précipitations >= 10 mm,1,1.5,4832
-80.38333333333334,43.45,WATERLOO WELLINGTON A,6149387,4832.71.2,NORM,Y,C,71,1,2012-10-19 20:14:22,,ON,1981,2010,,1981,,2002,22,621,,0,100,Days with precipitation GE 10 mm,Jours avec précipitations >= 10 mm,2,1.64,4832
-80.38333333333334,43.45,WATERLOO WELLINGTON A,6149387,4832.71.3,NORM,Y,C,71,1,2012-10-19 20:14:22,,ON,1981,2010,,1981,,2002,22,682,,0,100,Days with precipitation GE 10 mm,Jours avec précipitations >= 10 mm,3,1.77,4832
-80.38333333333334,43.45,WATERLOO WELLINGTON A,6149387,4832.71.4,NORM,Y,C,71,1,2012-10-19 20:14:22,,ON,1981,2010,,1981,,2002,22,660,,0,100,Days with precipitation GE 10 mm,Jours avec précipitations >= 10 mm,4,2.27,4832
-80.38333333333334,43.45,WATERLOO WELLINGTON A,6149387,4832.71.5,NORM,Y,C,71,1,2012-10-19 20:14:22,,ON,1981,2010,,1981,,2002,22,682,,0,100,Days with precipitation GE 10 mm,Jours avec précipitations >= 10 mm,5,2.91,4832
-80.38333333333334,43.45,WATERLOO WELLINGTON A,6149387,4832.71.6,NORM,Y,C,71,1,2012-10-19 20:14:22,,ON,1981,2010,,1981,,2002,22,660,,0,100,Days with precipitation GE 10 mm,Jours avec précipitations >= 10 mm,6,3.09,4832
-80.38333333333334,43.45,WATERLOO WELLINGTON A,6149387,4832.71.7,NORM,Y,C,71,1,2012-10-19 20:14:22,,ON,1981,2010,,1981,,2002,22,682,,0,100,Days with precipitation GE 10 mm,Jours avec précipitations >= 10 mm,7,3.36,4832
-80.38333333333334,43.45,WATERLOO WELLINGTON A,6149387,4832.71.8,NORM,Y,C,71,1,2012-10-19 20:14:22,,ON,1981,2010,,1981,,2002,22,682,,0,100,Days with precipitation GE 10 mm,Jours avec précipitations >= 10 mm,8,2.82,4832
-80.38333333333334,43.45,WATERLOO WELLINGTON A,6149387,4832.71.9,NORM,Y,C,71,1,2012-10-19 20:14:22,,ON,1981,2010,,1981,,2002,22,660,,0,100,Days with precipitation GE 10 mm,Jours avec précipitations >= 10 mm,9,2.82,4832
-80.38333333333334,43.45,WATERLOO WELLINGTON A,6149387,4832.71.10,NORM,Y,C,71,1,2012-10-19 20:14:22,,ON,1981,2010,,1981,,2002,22,682,,0,100,Days with precipitation GE 10 mm,Jours avec précipitations >= 10 mm,10,2.41,4832
-80.38333333333334,43.45,WATERLOO WELLINGTON A,6149387,4832.71.11,NORM,Y,C,71,1,2012-10-19 20:14:22,,ON,1981,2010,,1981,,2001,21,630,,0,100,Days with precipitation GE 10 mm,Jours avec précipitations >= 10 mm,11,2.52,4832
-80.38333333333334,43.45,WATERLOO WELLINGTON A,6149387,4832.71.12,NORM,Y,C,71,1,2012-10-19 20:14:22,,ON,1981,2010,,1981,,2001,21,651,,0,100,Days with precipitation GE 10 mm,Jours avec précipitations >= 10 mm,12,2.05,4832
-80.38333333333334,43.45,WATERLOO WELLINGTON A,6149387,4832.71.13,NORM,Y,C,71,1,2012-10-19 20:14:22,,ON,1981,2010,,1981,,2002,22,7974,,0,100,Days with precipitation GE 10 mm,Jours avec précipitations >= 10 mm,13,29.16,4832
-80.38333333333334,43.45,WATERLOO WELLINGTON A,6149387,4832.72.1,NORM,Y,C,72,1,2012-10-19 20:14:22,,ON,1981,2010,,1981,,2002,22,682,,0,100,Days with precipitation GE 25 mm,Jours avec précipitations >= 25 mm,1,0.09,4832
-80.38333333333334,43.45,WATERLOO WELLINGTON A,6149387,4832.72.2,NORM,Y,C,72,1,2012-10-19 20:14:22,,ON,1981,2010,,1981,,2002,22,621,,0,100,Days with precipitation GE 25 mm,Jours avec précipitations >= 25 mm,2,0.18,4832
-80.38333333333334,43.45,WATERLOO WELLINGTON A,6149387,4832.72.3,NORM,Y,C,72,1,2012-10-19 20:14:22,,ON,1981,2010,,1981,,2002,22,682,,0,100,Days with precipitation GE 25 mm,Jours avec précipitations >= 25 mm,3,0.27,4832
-80.38333333333334,43.45,WATERLOO WELLINGTON A,6149387,4832.72.4,NORM,Y,C,72,1,2012-10-19 20:14:22,,ON,1981,2010,,1981,,2002,22,660,,0,100,Days with precipitation GE 25 mm,Jours avec précipitations >= 25 mm,4,0.32,4832
-80.38333333333334,43.45,WATERLOO WELLINGTON A,6149387,4832.72.5,NORM,Y,C,72,1,2012-10-19 20:14:22,,ON,1981,2010,,1981,,2002,22,682,,0,100,Days with precipitation GE 25 mm,Jours avec précipitations >= 25 mm,5,0.45,4832
-80.38333333333334,43.45,WATERLOO WELLINGTON A,6149387,4832.72.6,NORM,Y,C,72,1,2012-10-19 20:14:22,,ON,1981,2010,,1981,,2002,22,660,,0,100,Days with precipitation GE 25 mm,Jours avec précipitations >= 25 mm,6,0.36,4832
-80.38333333333334,43.45,WATERLOO WELLINGTON A,6149387,4832.72.7,NORM,Y,C,72,1,2012-10-19 20:14:22,,ON,1981,2010,,1981,,2002,22,682,,0,100,Days with precipitation GE 25 mm,Jours avec précipitations >= 25 mm,7,0.95,4832
-80.38333333333334,43.45,WATERLOO WELLINGTON A,6149387,4832.72.8,NORM,Y,C,72,1,2012-10-19 20:14:22,,ON,1981,2010,,1981,,2002,22,682,,0,100,Days with precipitation GE 25 mm,Jours avec précipitations >= 25 mm,8,0.77,4832
-80.38333333333334,43.45,WATERLOO WELLINGTON A,6149387,4832.72.9,NORM,Y,C,72,1,2012-10-19 20:14:22,,ON,1981,2010,,1981,,2002,22,660,,0,100,Days with precipitation GE 25 mm,Jours avec précipitations >= 25 mm,9,0.68,4832
-80.38333333333334,43.45,WATERLOO WELLINGTON A,6149387,4832.72.10,NORM,Y,C,72,1,2012-10-19 20:14:22,,ON,1981,2010,,1981,,2002,22,682,,0,100,Days with precipitation GE 25 mm,Jours avec précipitations >= 25 mm,10,0.14,4832
-80.38333333333334,43.45,WATERLOO WELLINGTON A,6149387,4832.72.11,NORM,Y,C,72,1,2012-10-19 20:14:22,,ON,1981,2010,,1981,,2001,21,630,,0,100,Days with precipitation GE 25 mm,Jours avec précipitations >= 25 mm,11,0.48,4832
-80.38333333333334,43.45,WATERLOO WELLINGTON A,6149387,4832.72.12,NORM,Y,C,72,1,2012-10-19 20:14:22,,ON,1981,2010,,1981,,2001,21,651,,0,100,Days with precipitation GE 25 mm,Jours avec précipitations >= 25 mm,12,0.38,4832
-80.38333333333334,43.45,WATERLOO WELLINGTON A,6149387,4832.72.13,NORM,Y,C,72,1,2012-10-19 20:14:22,,ON,1981,2010,,1981,,2002,22,7974,,0,100,Days with precipitation GE 25 mm,Jours avec précipitations >= 25 mm,13,5.07,4832
-80.38333333333334,43.45,WATERLOO WELLINGTON A,6149387,4832.73.1,NORM,Y,C,73,1,2012-10-19 20:14:22,,ON,1981,2010,,1981,,2002,22,682,,0,100,Mean Daily Snow Depth cm,Épaisseur de la neige moyenne quotidienne en cm,1,11.22,4832
-80.38333333333334,43.45,WATERLOO WELLINGTON A,6149387,4832.73.2,NORM,Y,C,73,1,2012-10-19 20:14:22,,ON,1981,2010,,1981,,2002,22,621,,0,100,Mean Daily Snow Depth cm,Épaisseur de la neige moyenne quotidienne en cm,2,11.46,4832
-80.38333333333334,43.45,WATERLOO WELLINGTON A,6149387,4832.73.3,NORM,Y,C,73,1,2012-10-19 20:14:22,,ON,1981,2010,,1981,,2002,22,681,,0,99.85,Mean Daily Snow Depth cm,Épaisseur de la neige moyenne quotidienne en cm,3,5.54,4832
-80.38333333333334,43.45,WATERLOO WELLINGTON A,6149387,4832.73.4,NORM,Y,C,73,1,2012-10-19 20:14:22,,ON,1981,2010,,1981,,2002,22,660,,0,100,Mean Daily Snow Depth cm,Épaisseur de la neige moyenne quotidienne en cm,4,0.2,4832
-80.38333333333334,43.45,WATERLOO WELLINGTON A,6149387,4832.73.5,NORM,Y,C,73,1,2012-10-19 20:14:22,,ON,1981,2010,,1981,,2002,22,682,,0,100,Mean Daily Snow Depth cm,Épaisseur de la neige moyenne quotidienne en cm,5,0,4832
-80.38333333333334,43.45,WATERLOO WELLINGTON A,6149387,4832.73.6,NORM,Y,C,73,1,2012-10-19 20:14:22,,ON,1981,2010,,1981,,2002,22,660,,0,100,Mean Daily Snow Depth cm,Épaisseur de la neige moyenne quotidienne en cm,6,0,4832
-80.38333333333334,43.45,WATERLOO WELLINGTON A,6149387,4832.73.7,NORM,Y,C,73,1,2012-10-19 20:14:22,,ON,1981,2010,,1981,,2002,22,682,,0,100,Mean Daily Snow Depth cm,Épaisseur de la neige moyenne quotidienne en cm,7,0,4832
-80.38333333333334,43.45,WATERLOO WELLINGTON A,6149387,4832.73.8,NORM,Y,C,73,1,2012-10-19 20:14:22,,ON,1981,2010,,1981,,2002,22,682,,0,100,Mean Daily Snow Depth cm,Épaisseur de la neige moyenne quotidienne en cm,8,0,4832
-80.38333333333334,43.45,WATERLOO WELLINGTON A,6149387,4832.73.9,NORM,Y,C,73,1,2012-10-19 20:14:22,,ON,1981,2010,,1981,,2002,22,660,,0,100,Mean Daily Snow Depth cm,Épaisseur de la neige moyenne quotidienne en cm,9,0,4832
-80.38333333333334,43.45,WATERLOO WELLINGTON A,6149387,4832.73.10,NORM,Y,C,73,1,2012-10-19 20:14:22,,ON,1981,2010,,1981,,2002,22,682,,0,100,Mean Daily Snow Depth cm,Épaisseur de la neige moyenne quotidienne en cm,10,0.01,4832
-80.38333333333334,43.45,WATERLOO WELLINGTON A,6149387,4832.73.11,NORM,Y,C,73,1,2012-10-19 20:14:22,,ON,1981,2010,,1981,,2001,21,630,,0,100,Mean Daily Snow Depth cm,Épaisseur de la neige moyenne quotidienne en cm,11,0.63,4832
-80.38333333333334,43.45,WATERLOO WELLINGTON A,6149387,4832.73.12,NORM,Y,C,73,1,2012-10-19 20:14:22,,ON,1981,2010,,1981,,2001,21,651,,0,100,Mean Daily Snow Depth cm,Épaisseur de la neige moyenne quotidienne en cm,12,4.52,4832
-80.38333333333334,43.45,WATERLOO WELLINGTON A,6149387,4832.73.13,NORM,Y,C,73,1,2012-10-19 20:14:22,,ON,1981,2010,,1981,,2002,22,7973,,0,99.99,Mean Daily Snow Depth cm,Épaisseur de la neige moyenne quotidienne en cm,13,2.8,4832
-80.38333333333334,43.45,WATERLOO WELLINGTON A,6149387,4832.74.1,NORM,Y,C,74,1,2012-10-19 20:14:22,,ON,1981,2010,,1981,,2002,22,682,,0,100,Median Daily Snow Depth cm,Épaisseur de la neige médiane quotidienne en cm,1,11.27,4832
-80.38333333333334,43.45,WATERLOO WELLINGTON A,6149387,4832.74.2,NORM,Y,C,74,1,2012-10-19 20:14:22,,ON,1981,2010,,1981,,2002,22,621,,0,100,Median Daily Snow Depth cm,Épaisseur de la neige médiane quotidienne en cm,2,11,4832
-80.38333333333334,43.45,WATERLOO WELLINGTON A,6149387,4832.74.3,NORM,Y,C,74,1,2012-10-19 20:14:22,,ON,1981,2010,,1981,,2002,22,681,,0,99.85,Median Daily Snow Depth cm,Épaisseur de la neige médiane quotidienne en cm,3,4.27,4832
-80.38333333333334,43.45,WATERLOO WELLINGTON A,6149387,4832.74.4,NORM,Y,C,74,1,2012-10-19 20:14:22,,ON,1981,2010,,1981,,2002,22,660,,0,100,Median Daily Snow Depth cm,Épaisseur de la neige médiane quotidienne en cm,4,0,4832
-80.38333333333334,43.45,WATERLOO WELLINGTON A,6149387,4832.74.5,NORM,Y,C,74,1,2012-10-19 20:14:22,,ON,1981,2010,,1981,,2002,22,682,,0,100,Median Daily Snow Depth cm,Épaisseur de la neige médiane quotidienne en cm,5,0,4832
-80.38333333333334,43.45,WATERLOO WELLINGTON A,6149387,4832.74.6,NORM,Y,C,74,1,2012-10-19 20:14:22,,ON,1981,2010,,1981,,2002,22,660,,0,100,Median Daily Snow Depth cm,Épaisseur de la neige médiane quotidienne en cm,6,0,4832
-80.38333333333334,43.45,WATERLOO WELLINGTON A,6149387,4832.74.7,NORM,Y,C,74,1,2012-10-19 20:14:22,,ON,1981,2010,,1981,,2002,22,682,,0,100,Median Daily Snow Depth cm,Épaisseur de la neige médiane quotidienne en cm,7,0,4832
-80.38333333333334,43.45,WATERLOO WELLINGTON A,6149387,4832.74.8,NORM,Y,C,74,1,2012-10-19 20:14:22,,ON,1981,2010,,1981,,2002,22,682,,0,100,Median Daily Snow Depth cm,Épaisseur de la neige médiane quotidienne en cm,8,0,4832
-80.38333333333334,43.45,WATERLOO WELLINGTON A,6149387,4832.74.9,NORM,Y,C,74,1,2012-10-19 20:14:22,,ON,1981,2010,,1981,,2002,22,660,,0,100,Median Daily Snow Depth cm,Épaisseur de la neige médiane quotidienne en cm,9,0,4832
-80.38333333333334,43.45,WATERLOO WELLINGTON A,6149387,4832.74.10,NORM,Y,C,74,1,2012-10-19 20:14:22,,ON,1981,2010,,1981,,2002,22,682,,0,100,Median Daily Snow Depth cm,Épaisseur de la neige médiane quotidienne en cm,10,0,4832
-80.38333333333334,43.45,WATERLOO WELLINGTON A,6149387,4832.74.11,NORM,Y,C,74,1,2012-10-19 20:14:22,,ON,1981,2010,,1981,,2001,21,630,,0,100,Median Daily Snow Depth cm,Épaisseur de la neige médiane quotidienne en cm,11,0.05,4832
-80.38333333333334,43.45,WATERLOO WELLINGTON A,6149387,4832.74.12,NORM,Y,C,74,1,2012-10-19 20:14:22,,ON,1981,2010,,1981,,2001,21,651,,0,100,Median Daily Snow Depth cm,Épaisseur de la neige médiane quotidienne en cm,12,3.43,4832
-80.38333333333334,43.45,WATERLOO WELLINGTON A,6149387,4832.74.13,NORM,Y,C,74,1,2012-10-19 20:14:22,,ON,1981,2010,,1981,,2002,22,7973,,0,99.99,Median Daily Snow Depth cm,Épaisseur de la neige médiane quotidienne en cm,13,2.5,4832
-80.38333333333334,43.45,WATERLOO WELLINGTON A,6149387,4832.76.1,NORM,Y,C,76,1,2012-10-19 20:14:22,,ON,1981,2010,,1981,,2002,22,682,,0,100,Days with snow depth GE 1 cm,Jours avec épaisseur de la neige >= 1 cm,1,26.86,4832
-80.38333333333334,43.45,WATERLOO WELLINGTON A,6149387,4832.76.2,NORM,Y,C,76,1,2012-10-19 20:14:22,,ON,1981,2010,,1981,,2002,22,621,,0,100,Days with snow depth GE 1 cm,Jours avec épaisseur de la neige >= 1 cm,2,24.32,4832
-80.38333333333334,43.45,WATERLOO WELLINGTON A,6149387,4832.76.3,NORM,Y,C,76,1,2012-10-19 20:14:22,,ON,1981,2010,,1981,,2002,21,651,,1,95.45,Days with snow depth GE 1 cm,Jours avec épaisseur de la neige >= 1 cm,3,17.19,4832
-80.38333333333334,43.45,WATERLOO WELLINGTON A,6149387,4832.76.4,NORM,Y,C,76,1,2012-10-19 20:14:22,,ON,1981,2010,,1981,,2002,22,660,,0,100,Days with snow depth GE 1 cm,Jours avec épaisseur de la neige >= 1 cm,4,1.73,4832
-80.38333333333334,43.45,WATERLOO WELLINGTON A,6149387,4832.76.5,NORM,Y,C,76,1,2012-10-19 20:14:22,,ON,1981,2010,,1981,,2002,22,682,,0,100,Days with snow depth GE 1 cm,Jours avec épaisseur de la neige >= 1 cm,5,0,4832
-80.38333333333334,43.45,WATERLOO WELLINGTON A,6149387,4832.76.6,NORM,Y,C,76,1,2012-10-19 20:14:22,,ON,1981,2010,,1981,,2002,22,660,,0,100,Days with snow depth GE 1 cm,Jours avec épaisseur de la neige >= 1 cm,6,0,4832
-80.38333333333334,43.45,WATERLOO WELLINGTON A,6149387,4832.76.7,NORM,Y,C,76,1,2012-10-19 20:14:22,,ON,1981,2010,,1981,,2002,22,682,,0,100,Days with snow depth GE 1 cm,Jours avec épaisseur de la neige >= 1 cm,7,0,4832
-80.38333333333334,43.45,WATERLOO WELLINGTON A,6149387,4832.76.8,NORM,Y,C,76,1,2012-10-19 20:14:22,,ON,1981,2010,,1981,,2002,22,682,,0,100,Days with snow depth GE 1 cm,Jours avec épaisseur de la neige >= 1 cm,8,0,4832
-80.38333333333334,43.45,WATERLOO WELLINGTON A,6149387,4832.76.9,NORM,Y,C,76,1,2012-10-19 20:14:22,,ON,1981,2010,,1981,,2002,22,660,,0,100,Days with snow depth GE 1 cm,Jours avec épaisseur de la neige >= 1 cm,9,0,4832
-80.38333333333334,43.45,WATERLOO WELLINGTON A,6149387,4832.76.10,NORM,Y,C,76,1,2012-10-19 20:14:22,,ON,1981,2010,,1981,,2002,22,682,,0,100,Days with snow depth GE 1 cm,Jours avec épaisseur de la neige >= 1 cm,10,0.18,4832
-80.38333333333334,43.45,WATERLOO WELLINGTON A,6149387,4832.76.11,NORM,Y,C,76,1,2012-10-19 20:14:22,,ON,1981,2010,,1981,,2001,21,630,,0,100,Days with snow depth GE 1 cm,Jours avec épaisseur de la neige >= 1 cm,11,5.57,4832
-80.38333333333334,43.45,WATERLOO WELLINGTON A,6149387,4832.76.12,NORM,Y,C,76,1,2012-10-19 20:14:22,,ON,1981,2010,,1981,,2001,21,651,,0,100,Days with snow depth GE 1 cm,Jours avec épaisseur de la neige >= 1 cm,12,19.43,4832
-80.38333333333334,43.45,WATERLOO WELLINGTON A,6149387,4832.76.13,NORM,Y,C,76,1,2012-10-19 20:14:22,,ON,1981,2010,,1981,,2002,22,7943,,1,99.62,Days with snow depth GE 1 cm,Jours avec épaisseur de la neige >= 1 cm,13,95.28,4832
-80.38333333333334,43.45,WATERLOO WELLINGTON A,6149387,4832.77.1,NORM,Y,C,77,1,2012-10-19 20:14:22,,ON,1981,2010,,1981,,2002,22,682,,0,100,Days with snow depth GE 5 cm,Jours avec épaisseur de la neige >= 5 cm,1,20.59,4832
-80.38333333333334,43.45,WATERLOO WELLINGTON A,6149387,4832.77.2,NORM,Y,C,77,1,2012-10-19 20:14:22,,ON,1981,2010,,1981,,2002,22,621,,0,100,Days with snow depth GE 5 cm,Jours avec épaisseur de la neige >= 5 cm,2,17.5,4832
-80.38333333333334,43.45,WATERLOO WELLINGTON A,6149387,4832.77.3,NORM,Y,C,77,1,2012-10-19 20:14:22,,ON,1981,2010,,1981,,2002,21,651,,1,95.45,Days with snow depth GE 5 cm,Jours avec épaisseur de la neige >= 5 cm,3,9.67,4832
-80.38333333333334,43.45,WATERLOO WELLINGTON A,6149387,4832.77.4,NORM,Y,C,77,1,2012-10-19 20:14:22,,ON,1981,2010,,1981,,2002,22,660,,0,100,Days with snow depth GE 5 cm,Jours avec épaisseur de la neige >= 5 cm,4,0.41,4832
-80.38333333333334,43.45,WATERLOO WELLINGTON A,6149387,4832.77.5,NORM,Y,C,77,1,2012-10-19 20:14:22,,ON,1981,2010,,1981,,2002,22,682,,0,100,Days with snow depth GE 5 cm,Jours avec épaisseur de la neige >= 5 cm,5,0,4832
-80.38333333333334,43.45,WATERLOO WELLINGTON A,6149387,4832.77.6,NORM,Y,C,77,1,2012-10-19 20:14:22,,ON,1981,2010,,1981,,2002,22,660,,0,100,Days with snow depth GE 5 cm,Jours avec épaisseur de la neige >= 5 cm,6,0,4832
-80.38333333333334,43.45,WATERLOO WELLINGTON A,6149387,4832.77.7,NORM,Y,C,77,1,2012-10-19 20:14:22,,ON,1981,2010,,1981,,2002,22,682,,0,100,Days with snow depth GE 5 cm,Jours avec épaisseur de la neige >= 5 cm,7,0,4832
-80.38333333333334,43.45,WATERLOO WELLINGTON A,6149387,4832.77.8,NORM,Y,C,77,1,2012-10-19 20:14:22,,ON,1981,2010,,1981,,2002,22,682,,0,100,Days with snow depth GE 5 cm,Jours avec épaisseur de la neige >= 5 cm,8,0,4832
-80.38333333333334,43.45,WATERLOO WELLINGTON A,6149387,4832.77.9,NORM,Y,C,77,1,2012-10-19 20:14:22,,ON,1981,2010,,1981,,2002,22,660,,0,100,Days with snow depth GE 5 cm,Jours avec épaisseur de la neige >= 5 cm,9,0,4832
-80.38333333333334,43.45,WATERLOO WELLINGTON A,6149387,4832.77.10,NORM,Y,C,77,1,2012-10-19 20:14:22,,ON,1981,2010,,1981,,2002,22,682,,0,100,Days with snow depth GE 5 cm,Jours avec épaisseur de la neige >= 5 cm,10,0,4832
-80.38333333333334,43.45,WATERLOO WELLINGTON A,6149387,4832.77.11,NORM,Y,C,77,1,2012-10-19 20:14:22,,ON,1981,2010,,1981,,2001,21,630,,0,100,Days with snow depth GE 5 cm,Jours avec épaisseur de la neige >= 5 cm,11,1.14,4832
-80.38333333333334,43.45,WATERLOO WELLINGTON A,6149387,4832.77.12,NORM,Y,C,77,1,2012-10-19 20:14:22,,ON,1981,2010,,1981,,2001,21,651,,0,100,Days with snow depth GE 5 cm,Jours avec épaisseur de la neige >= 5 cm,12,10.52,4832
-80.38333333333334,43.45,WATERLOO WELLINGTON A,6149387,4832.77.13,NORM,Y,C,77,1,2012-10-19 20:14:22,,ON,1981,2010,,1981,,2002,22,7943,,1,99.62,Days with snow depth GE 5 cm,Jours avec épaisseur de la neige >= 5 cm,13,59.83,4832
-80.38333333333334,43.45,WATERLOO WELLINGTON A,6149387,4832.78.1,NORM,Y,C,78,1,2012-10-19 20:14:22,,ON,1981,2010,,1981,,2002,22,682,,0,100,Days with snow depth GE 10 cm,Jours avec épaisseur de la neige >= 10 cm,1,13.68,4832
-80.38333333333334,43.45,WATERLOO WELLINGTON A,6149387,4832.78.2,NORM,Y,C,78,1,2012-10-19 20:14:22,,ON,1981,2010,,1981,,2002,22,621,,0,100,Days with snow depth GE 10 cm,Jours avec épaisseur de la neige >= 10 cm,2,11.18,4832
-80.38333333333334,43.45,WATERLOO WELLINGTON A,6149387,4832.78.3,NORM,Y,C,78,1,2012-10-19 20:14:22,,ON,1981,2010,,1981,,2002,21,651,,1,95.45,Days with snow depth GE 10 cm,Jours avec épaisseur de la neige >= 10 cm,3,6.48,4832
-80.38333333333334,43.45,WATERLOO WELLINGTON A,6149387,4832.78.4,NORM,Y,C,78,1,2012-10-19 20:14:22,,ON,1981,2010,,1981,,2002,22,660,,0,100,Days with snow depth GE 10 cm,Jours avec épaisseur de la neige >= 10 cm,4,0.05,4832
-80.38333333333334,43.45,WATERLOO WELLINGTON A,6149387,4832.78.5,NORM,Y,C,78,1,2012-10-19 20:14:22,,ON,1981,2010,,1981,,2002,22,682,,0,100,Days with snow depth GE 10 cm,Jours avec épaisseur de la neige >= 10 cm,5,0,4832
-80.38333333333334,43.45,WATERLOO WELLINGTON A,6149387,4832.78.6,NORM,Y,C,78,1,2012-10-19 20:14:22,,ON,1981,2010,,1981,,2002,22,660,,0,100,Days with snow depth GE 10 cm,Jours avec épaisseur de la neige >= 10 cm,6,0,4832
-80.38333333333334,43.45,WATERLOO WELLINGTON A,6149387,4832.78.7,NORM,Y,C,78,1,2012-10-19 20:14:22,,ON,1981,2010,,1981,,2002,22,682,,0,100,Days with snow depth GE 10 cm,Jours avec épaisseur de la neige >= 10 cm,7,0,4832
-80.38333333333334,43.45,WATERLOO WELLINGTON A,6149387,4832.78.8,NORM,Y,C,78,1,2012-10-19 20:14:22,,ON,1981,2010,,1981,,2002,22,682,,0,100,Days with snow depth GE 10 cm,Jours avec épaisseur de la neige >= 10 cm,8,0,4832
-80.38333333333334,43.45,WATERLOO WELLINGTON A,6149387,4832.78.9,NORM,Y,C,78,1,2012-10-19 20:14:22,,ON,1981,2010,,1981,,2002,22,660,,0,100,Days with snow depth GE 10 cm,Jours avec épaisseur de la neige >= 10 cm,9,0,4832
-80.38333333333334,43.45,WATERLOO WELLINGTON A,6149387,4832.78.10,NORM,Y,C,78,1,2012-10-19 20:14:22,,ON,1981,2010,,1981,,2002,22,682,,0,100,Days with snow depth GE 10 cm,Jours avec épaisseur de la neige >= 10 cm,10,0,4832
-80.38333333333334,43.45,WATERLOO WELLINGTON A,6149387,4832.78.11,NORM,Y,C,78,1,2012-10-19 20:14:22,,ON,1981,2010,,1981,,2001,21,630,,0,100,Days with snow depth GE 10 cm,Jours avec épaisseur de la neige >= 10 cm,11,0.33,4832
-80.38333333333334,43.45,WATERLOO WELLINGTON A,6149387,4832.78.12,NORM,Y,C,78,1,2012-10-19 20:14:22,,ON,1981,2010,,1981,,2001,21,651,,0,100,Days with snow depth GE 10 cm,Jours avec épaisseur de la neige >= 10 cm,12,4.48,4832
-80.38333333333334,43.45,WATERLOO WELLINGTON A,6149387,4832.78.13,NORM,Y,C,78,1,2012-10-19 20:14:22,,ON,1981,2010,,1981,,2002,22,7943,,1,99.62,Days with snow depth GE 10 cm,Jours avec épaisseur de la neige >= 10 cm,13,36.2,4832
-80.38333333333334,43.45,WATERLOO WELLINGTON A,6149387,4832.79.1,NORM,Y,C,79,1,2012-10-19 20:14:22,,ON,1981,2010,,1981,,2002,22,682,,0,100,Days with snow depth GE 20 cm,Jours avec épaisseur de la neige >= 20 cm,1,6.77,4832
-80.38333333333334,43.45,WATERLOO WELLINGTON A,6149387,4832.79.2,NORM,Y,C,79,1,2012-10-19 20:14:22,,ON,1981,2010,,1981,,2002,22,621,,0,100,Days with snow depth GE 20 cm,Jours avec épaisseur de la neige >= 20 cm,2,5.05,4832
-80.38333333333334,43.45,WATERLOO WELLINGTON A,6149387,4832.79.3,NORM,Y,C,79,1,2012-10-19 20:14:22,,ON,1981,2010,,1981,,2002,21,651,,1,95.45,Days with snow depth GE 20 cm,Jours avec épaisseur de la neige >= 20 cm,3,1.48,4832
-80.38333333333334,43.45,WATERLOO WELLINGTON A,6149387,4832.79.4,NORM,Y,C,79,1,2012-10-19 20:14:22,,ON,1981,2010,,1981,,2002,22,660,,0,100,Days with snow depth GE 20 cm,Jours avec épaisseur de la neige >= 20 cm,4,0,4832
-80.38333333333334,43.45,WATERLOO WELLINGTON A,6149387,4832.79.5,NORM,Y,C,79,1,2012-10-19 20:14:22,,ON,1981,2010,,1981,,2002,22,682,,0,100,Days with snow depth GE 20 cm,Jours avec épaisseur de la neige >= 20 cm,5,0,4832
-80.38333333333334,43.45,WATERLOO WELLINGTON A,6149387,4832.79.6,NORM,Y,C,79,1,2012-10-19 20:14:22,,ON,1981,2010,,1981,,2002,22,660,,0,100,Days with snow depth GE 20 cm,Jours avec épaisseur de la neige >= 20 cm,6,0,4832
-80.38333333333334,43.45,WATERLOO WELLINGTON A,6149387,4832.79.7,NORM,Y,C,79,1,2012-10-19 20:14:22,,ON,1981,2010,,1981,,2002,22,682,,0,100,Days with snow depth GE 20 cm,Jours avec épaisseur de la neige >= 20 cm,7,0,4832
-80.38333333333334,43.45,WATERLOO WELLINGTON A,6149387,4832.79.8,NORM,Y,C,79,1,2012-10-19 20:14:22,,ON,1981,2010,,1981,,2002,22,682,,0,100,Days with snow depth GE 20 cm,Jours avec épaisseur de la neige >= 20 cm,8,0,4832
-80.38333333333334,43.45,WATERLOO WELLINGTON A,6149387,4832.79.9,NORM,Y,C,79,1,2012-10-19 20:14:22,,ON,1981,2010,,1981,,2002,22,660,,0,100,Days with snow depth GE 20 cm,Jours avec épaisseur de la neige >= 20 cm,9,0,4832
-80.38333333333334,43.45,WATERLOO WELLINGTON A,6149387,4832.79.10,NORM,Y,C,79,1,2012-10-19 20:14:22,,ON,1981,2010,,1981,,2002,22,682,,0,100,Days with snow depth GE 20 cm,Jours avec épaisseur de la neige >= 20 cm,10,0,4832
-80.38333333333334,43.45,WATERLOO WELLINGTON A,6149387,4832.79.11,NORM,Y,C,79,1,2012-10-19 20:14:22,,ON,1981,2010,,1981,,2001,21,630,,0,100,Days with snow depth GE 20 cm,Jours avec épaisseur de la neige >= 20 cm,11,0,4832
-80.38333333333334,43.45,WATERLOO WELLINGTON A,6149387,4832.79.12,NORM,Y,C,79,1,2012-10-19 20:14:22,,ON,1981,2010,,1981,,2001,21,651,,0,100,Days with snow depth GE 20 cm,Jours avec épaisseur de la neige >= 20 cm,12,1.38,4832
-80.38333333333334,43.45,WATERLOO WELLINGTON A,6149387,4832.79.13,NORM,Y,C,79,1,2012-10-19 20:14:22,,ON,1981,2010,,1981,,2002,22,7943,,1,99.62,Days with snow depth GE 20 cm,Jours avec épaisseur de la neige >= 20 cm,13,14.68,4832
-80.38333333333334,43.45,WATERLOO WELLINGTON A,6149387,4832.8.1,NORM,Y,C,8,1,2012-10-19 20:14:22,,ON,1981,2010,,1981,,2002,22,682,,0,100,Mean daily min temperature deg C,Température minimale moyenne quotidienne en degree C,1,-10.32,4832
-80.38333333333334,43.45,WATERLOO WELLINGTON A,6149387,4832.8.2,NORM,Y,C,8,1,2012-10-19 20:14:22,,ON,1981,2010,,1981,,2002,22,621,,0,100,Mean daily min temperature deg C,Température minimale moyenne quotidienne en degree C,2,-9.68,4832
-80.38333333333334,43.45,WATERLOO WELLINGTON A,6149387,4832.8.3,NORM,Y,C,8,1,2012-10-19 20:14:22,,ON,1981,2010,,1981,,2002,22,682,,0,100,Mean daily min temperature deg C,Température minimale moyenne quotidienne en degree C,3,-5.6,4832
-80.38333333333334,43.45,WATERLOO WELLINGTON A,6149387,4832.8.4,NORM,Y,C,8,1,2012-10-19 20:14:22,,ON,1981,2010,,1981,,2002,22,660,,0,100,Mean daily min temperature deg C,Température minimale moyenne quotidienne en degree C,4,0.8,4832
-80.38333333333334,43.45,WATERLOO WELLINGTON A,6149387,4832.8.5,NORM,Y,C,8,1,2012-10-19 20:14:22,,ON,1981,2010,,1981,,2002,22,682,,0,100,Mean daily min temperature deg C,Température minimale moyenne quotidienne en degree C,5,6.4,4832
-80.38333333333334,43.45,WATERLOO WELLINGTON A,6149387,4832.8.6,NORM,Y,C,8,1,2012-10-19 20:14:22,,ON,1981,2010,,1981,,2002,22,660,,0,100,Mean daily min temperature deg C,Température minimale moyenne quotidienne en degree C,6,11.5,4832
-80.38333333333334,43.45,WATERLOO WELLINGTON A,6149387,4832.8.7,NORM,Y,C,8,1,2012-10-19 20:14:22,,ON,1981,2010,,1981,,2002,22,682,,0,100,Mean daily min temperature deg C,Température minimale moyenne quotidienne en degree C,7,14.02,4832
-80.38333333333334,43.45,WATERLOO WELLINGTON A,6149387,4832.8.8,NORM,Y,C,8,1,2012-10-19 20:14:22,,ON,1981,2010,,1981,,2002,22,682,,0,100,Mean daily min temperature deg C,Température minimale moyenne quotidienne en degree C,8,12.9,4832
-80.38333333333334,43.45,WATERLOO WELLINGTON A,6149387,4832.8.9,NORM,Y,C,8,1,2012-10-19 20:14:22,,ON,1981,2010,,1981,,2002,22,660,,0,100,Mean daily min temperature deg C,Température minimale moyenne quotidienne en degree C,9,8.62,4832
-80.38333333333334,43.45,WATERLOO WELLINGTON A,6149387,4832.8.10,NORM,Y,C,8,1,2012-10-19 20:14:22,,ON,1981,2010,,1981,,2002,22,682,,0,100,Mean daily min temperature deg C,Température minimale moyenne quotidienne en degree C,10,2.94,4832
-80.38333333333334,43.45,WATERLOO WELLINGTON A,6149387,4832.8.11,NORM,Y,C,8,1,2012-10-19 20:14:22,,ON,1981,2010,,1981,,2001,21,629,,0,99.84,Mean daily min temperature deg C,Température minimale moyenne quotidienne en degree C,11,-1.35,4832
-80.38333333333334,43.45,WATERLOO WELLINGTON A,6149387,4832.8.12,NORM,Y,C,8,1,2012-10-19 20:14:22,,ON,1981,2010,,1981,,2001,21,651,,0,100,Mean daily min temperature deg C,Température minimale moyenne quotidienne en degree C,12,-6.8,4832
-80.38333333333334,43.45,WATERLOO WELLINGTON A,6149387,4832.8.13,NORM,Y,C,8,1,2012-10-19 20:14:22,,ON,1981,2010,,1981,,2002,22,7973,,0,99.99,Mean daily min temperature deg C,Température minimale moyenne quotidienne en degree C,13,1.95,4832
-80.38333333333334,43.45,WATERLOO WELLINGTON A,6149387,4832.80.1,NORM,Y,C,80,1,2012-10-19 20:14:22,,ON,1981,2010,,1981,,2002,22,682,,0,100,Days with snow depth GE 50 cm,Jours avec épaisseur de la neige >=50 cm,1,0.18,4832
-80.38333333333334,43.45,WATERLOO WELLINGTON A,6149387,4832.80.2,NORM,Y,C,80,1,2012-10-19 20:14:22,,ON,1981,2010,,1981,,2002,22,621,,0,100,Days with snow depth GE 50 cm,Jours avec épaisseur de la neige >=50 cm,2,1.27,4832
-80.38333333333334,43.45,WATERLOO WELLINGTON A,6149387,4832.80.3,NORM,Y,C,80,1,2012-10-19 20:14:22,,ON,1981,2010,,1981,,2002,21,651,,1,95.45,Days with snow depth GE 50 cm,Jours avec épaisseur de la neige >=50 cm,3,0.71,4832
-80.38333333333334,43.45,WATERLOO WELLINGTON A,6149387,4832.80.4,NORM,Y,C,80,1,2012-10-19 20:14:22,,ON,1981,2010,,1981,,2002,22,660,,0,100,Days with snow depth GE 50 cm,Jours avec épaisseur de la neige >=50 cm,4,0,4832
-80.38333333333334,43.45,WATERLOO WELLINGTON A,6149387,4832.80.5,NORM,Y,C,80,1,2012-10-19 20:14:22,,ON,1981,2010,,1981,,2002,22,682,,0,100,Days with snow depth GE 50 cm,Jours avec épaisseur de la neige >=50 cm,5,0,4832
-80.38333333333334,43.45,WATERLOO WELLINGTON A,6149387,4832.80.6,NORM,Y,C,80,1,2012-10-19 20:14:22,,ON,1981,2010,,1981,,2002,22,660,,0,100,Days with snow depth GE 50 cm,Jours avec épaisseur de la neige >=50 cm,6,0,4832
-80.38333333333334,43.45,WATERLOO WELLINGTON A,6149387,4832.80.7,NORM,Y,C,80,1,2012-10-19 20:14:22,,ON,1981,2010,,1981,,2002,22,682,,0,100,Days with snow depth GE 50 cm,Jours avec épaisseur de la neige >=50 cm,7,0,4832
-80.38333333333334,43.45,WATERLOO WELLINGTON A,6149387,4832.80.8,NORM,Y,C,80,1,2012-10-19 20:14:22,,ON,1981,2010,,1981,,2002,22,682,,0,100,Days with snow depth GE 50 cm,Jours avec épaisseur de la neige >=50 cm,8,0,4832
-80.38333333333334,43.45,WATERLOO WELLINGTON A,6149387,4832.80.9,NORM,Y,C,80,1,2012-10-19 20:14:22,,ON,1981,2010,,1981,,2002,22,660,,0,100,Days with snow depth GE 50 cm,Jours avec épaisseur de la neige >=50 cm,9,0,4832
-80.38333333333334,43.45,WATERLOO WELLINGTON A,6149387,4832.80.10,NORM,Y,C,80,1,2012-10-19 20:14:22,,ON,1981,2010,,1981,,2002,22,682,,0,100,Days with snow depth GE 50 cm,Jours avec épaisseur de la neige >=50 cm,10,0,4832
-80.38333333333334,43.45,WATERLOO WELLINGTON A,6149387,4832.80.11,NORM,Y,C,80,1,2012-10-19 20:14:22,,ON,1981,2010,,1981,,2001,21,630,,0,100,Days with snow depth GE 50 cm,Jours avec épaisseur de la neige >=50 cm,11,0,4832
-80.38333333333334,43.45,WATERLOO WELLINGTON A,6149387,4832.80.12,NORM,Y,C,80,1,2012-10-19 20:14:22,,ON,1981,2010,,1981,,2001,21,651,,0,100,Days with snow depth GE 50 cm,Jours avec épaisseur de la neige >=50 cm,12,0.05,4832
-80.38333333333334,43.45,WATERLOO WELLINGTON A,6149387,4832.80.13,NORM,Y,C,80,1,2012-10-19 20:14:22,,ON,1981,2010,,1981,,2002,22,7943,,1,99.62,Days with snow depth GE 50 cm,Jours avec épaisseur de la neige >=50 cm,13,2.21,4832
-80.38333333333334,43.45,WATERLOO WELLINGTON A,6149387,4832.81.1,NORM,Y,C,81,1,2012-10-19 20:14:22,,ON,1981,2010,,1981,,2002,22,682,,0,100,Days with snow depth GE 100 cm,Jours avec épaisseur de la neige >= 100 cm,1,0,4832
-80.38333333333334,43.45,WATERLOO WELLINGTON A,6149387,4832.81.2,NORM,Y,C,81,1,2012-10-19 20:14:22,,ON,1981,2010,,1981,,2002,22,621,,0,100,Days with snow depth GE 100 cm,Jours avec épaisseur de la neige >= 100 cm,2,0,4832
-80.38333333333334,43.45,WATERLOO WELLINGTON A,6149387,4832.81.3,NORM,Y,C,81,1,2012-10-19 20:14:22,,ON,1981,2010,,1981,,2002,21,651,,1,95.45,Days with snow depth GE 100 cm,Jours avec épaisseur de la neige >= 100 cm,3,0,4832
-80.38333333333334,43.45,WATERLOO WELLINGTON A,6149387,4832.81.4,NORM,Y,C,81,1,2012-10-19 20:14:22,,ON,1981,2010,,1981,,2002,22,660,,0,100,Days with snow depth GE 100 cm,Jours avec épaisseur de la neige >= 100 cm,4,0,4832
-80.38333333333334,43.45,WATERLOO WELLINGTON A,6149387,4832.81.5,NORM,Y,C,81,1,2012-10-19 20:14:22,,ON,1981,2010,,1981,,2002,22,682,,0,100,Days with snow depth GE 100 cm,Jours avec épaisseur de la neige >= 100 cm,5,0,4832
-80.38333333333334,43.45,WATERLOO WELLINGTON A,6149387,4832.81.6,NORM,Y,C,81,1,2012-10-19 20:14:22,,ON,1981,2010,,1981,,2002,22,660,,0,100,Days with snow depth GE 100 cm,Jours avec épaisseur de la neige >= 100 cm,6,0,4832
-80.38333333333334,43.45,WATERLOO WELLINGTON A,6149387,4832.81.7,NORM,Y,C,81,1,2012-10-19 20:14:22,,ON,1981,2010,,1981,,2002,22,682,,0,100,Days with snow depth GE 100 cm,Jours avec épaisseur de la neige >= 100 cm,7,0,4832
-80.38333333333334,43.45,WATERLOO WELLINGTON A,6149387,4832.81.8,NORM,Y,C,81,1,2012-10-19 20:14:22,,ON,1981,2010,,1981,,2002,22,682,,0,100,Days with snow depth GE 100 cm,Jours avec épaisseur de la neige >= 100 cm,8,0,4832
-80.38333333333334,43.45,WATERLOO WELLINGTON A,6149387,4832.81.9,NORM,Y,C,81,1,2012-10-19 20:14:22,,ON,1981,2010,,1981,,2002,22,660,,0,100,Days with snow depth GE 100 cm,Jours avec épaisseur de la neige >= 100 cm,9,0,4832
-80.38333333333334,43.45,WATERLOO WELLINGTON A,6149387,4832.81.10,NORM,Y,C,81,1,2012-10-19 20:14:22,,ON,1981,2010,,1981,,2002,22,682,,0,100,Days with snow depth GE 100 cm,Jours avec épaisseur de la neige >= 100 cm,10,0,4832
-80.38333333333334,43.45,WATERLOO WELLINGTON A,6149387,4832.81.11,NORM,Y,C,81,1,2012-10-19 20:14:22,,ON,1981,2010,,1981,,2001,21,630,,0,100,Days with snow depth GE 100 cm,Jours avec épaisseur de la neige >= 100 cm,11,0,4832
-80.38333333333334,43.45,WATERLOO WELLINGTON A,6149387,4832.81.12,NORM,Y,C,81,1,2012-10-19 20:14:22,,ON,1981,2010,,1981,,2001,21,651,,0,100,Days with snow depth GE 100 cm,Jours avec épaisseur de la neige >= 100 cm,12,0,4832
-80.38333333333334,43.45,WATERLOO WELLINGTON A,6149387,4832.81.13,NORM,Y,C,81,1,2012-10-19 20:14:22,,ON,1981,2010,,1981,,2002,22,7943,,1,99.62,Days with snow depth GE 100 cm,Jours avec épaisseur de la neige >= 100 cm,13,0,4832
-80.38333333333334,43.45,WATERLOO WELLINGTON A,6149387,4832.82.1,NORM,Y,C,82,1,2012-10-19 20:14:22,,ON,1981,2010,,1981,,2002,22,22,,0,100,Mean month end snow depth cm,Épaisseur de la neige moyenne à la fin d'un mois en cm,1,12,4832
-80.38333333333334,43.45,WATERLOO WELLINGTON A,6149387,4832.82.2,NORM,Y,C,82,1,2012-10-19 20:14:22,,ON,1981,2010,,1981,,2002,22,22,,0,100,Mean month end snow depth cm,Épaisseur de la neige moyenne à la fin d'un mois en cm,2,8.73,4832
-80.38333333333334,43.45,WATERLOO WELLINGTON A,6149387,4832.82.3,NORM,Y,C,82,1,2012-10-19 20:14:22,,ON,1981,2010,,1981,,2002,22,22,,0,100,Mean month end snow depth cm,Épaisseur de la neige moyenne à la fin d'un mois en cm,3,0.59,4832
-80.38333333333334,43.45,WATERLOO WELLINGTON A,6149387,4832.82.4,NORM,Y,C,82,1,2012-10-19 20:14:22,,ON,1981,2010,,1981,,2002,22,22,,0,100,Mean month end snow depth cm,Épaisseur de la neige moyenne à la fin d'un mois en cm,4,0,4832
-80.38333333333334,43.45,WATERLOO WELLINGTON A,6149387,4832.82.5,NORM,Y,C,82,1,2012-10-19 20:14:22,,ON,1981,2010,,1981,,2002,22,22,,0,100,Mean month end snow depth cm,Épaisseur de la neige moyenne à la fin d'un mois en cm,5,0,4832
-80.38333333333334,43.45,WATERLOO WELLINGTON A,6149387,4832.82.6,NORM,Y,C,82,1,2012-10-19 20:14:22,,ON,1981,2010,,1981,,2002,22,22,,0,100,Mean month end snow depth cm,Épaisseur de la neige moyenne à la fin d'un mois en cm,6,0,4832
-80.38333333333334,43.45,WATERLOO WELLINGTON A,6149387,4832.82.7,NORM,Y,C,82,1,2012-10-19 20:14:22,,ON,1981,2010,,1981,,2002,22,22,,0,100,Mean month end snow depth cm,Épaisseur de la neige moyenne à la fin d'un mois en cm,7,0,4832
-80.38333333333334,43.45,WATERLOO WELLINGTON A,6149387,4832.82.8,NORM,Y,C,82,1,2012-10-19 20:14:22,,ON,1981,2010,,1981,,2002,22,22,,0,100,Mean month end snow depth cm,Épaisseur de la neige moyenne à la fin d'un mois en cm,8,0,4832
-80.38333333333334,43.45,WATERLOO WELLINGTON A,6149387,4832.82.9,NORM,Y,C,82,1,2012-10-19 20:14:22,,ON,1981,2010,,1981,,2002,22,22,,0,100,Mean month end snow depth cm,Épaisseur de la neige moyenne à la fin d'un mois en cm,9,0,4832
-80.38333333333334,43.45,WATERLOO WELLINGTON A,6149387,4832.82.10,NORM,Y,C,82,1,2012-10-19 20:14:22,,ON,1981,2010,,1981,,2002,22,22,,0,100,Mean month end snow depth cm,Épaisseur de la neige moyenne à la fin d'un mois en cm,10,0,4832
-80.38333333333334,43.45,WATERLOO WELLINGTON A,6149387,4832.82.11,NORM,Y,C,82,1,2012-10-19 20:14:22,,ON,1981,2010,,1981,,2001,21,21,,0,100,Mean month end snow depth cm,Épaisseur de la neige moyenne à la fin d'un mois en cm,11,0.52,4832
-80.38333333333334,43.45,WATERLOO WELLINGTON A,6149387,4832.82.12,NORM,Y,C,82,1,2012-10-19 20:14:22,,ON,1981,2010,,1981,,2001,21,21,,0,100,Mean month end snow depth cm,Épaisseur de la neige moyenne à la fin d'un mois en cm,12,8.52,4832
-80.38333333333334,43.45,WATERLOO WELLINGTON A,6149387,4832.82.13,NORM,Y,C,82,1,2012-10-19 20:14:22,,ON,1981,2010,,1981,,2002,22,262,,0,100,Mean month end snow depth cm,Épaisseur de la neige moyenne à la fin d'un mois en cm,13,2.53,4832
-80.38333333333334,43.45,WATERLOO WELLINGTON A,6149387,4832.83.1,NORM,Y,C,83,1,2012-10-19 20:14:22,,ON,1981,2010,,1981,,2002,22,682,,0,100,Days with freezing rain or freezing drizzle,Jours avec pluie verglaçante ou bruine verglaçante,1,3.45,4832
-80.38333333333334,43.45,WATERLOO WELLINGTON A,6149387,4832.83.2,NORM,Y,C,83,1,2012-10-19 20:14:22,,ON,1981,2010,,1981,,2002,22,621,,0,100,Days with freezing rain or freezing drizzle,Jours avec pluie verglaçante ou bruine verglaçante,2,1.91,4832
-80.38333333333334,43.45,WATERLOO WELLINGTON A,6149387,4832.83.3,NORM,Y,C,83,1,2012-10-19 20:14:22,,ON,1981,2010,,1981,,2002,22,682,,0,100,Days with freezing rain or freezing drizzle,Jours avec pluie verglaçante ou bruine verglaçante,3,1.09,4832
-80.38333333333334,43.45,WATERLOO WELLINGTON A,6149387,4832.83.4,NORM,Y,C,83,1,2012-10-19 20:14:22,,ON,1981,2010,,1981,,2002,22,660,,0,100,Days with freezing rain or freezing drizzle,Jours avec pluie verglaçante ou bruine verglaçante,4,0.36,4832
-80.38333333333334,43.45,WATERLOO WELLINGTON A,6149387,4832.83.5,NORM,Y,C,83,1,2012-10-19 20:14:22,,ON,1981,2010,,1981,,2002,22,682,,0,100,Days with freezing rain or freezing drizzle,Jours avec pluie verglaçante ou bruine verglaçante,5,0,4832
-80.38333333333334,43.45,WATERLOO WELLINGTON A,6149387,4832.83.6,NORM,Y,C,83,1,2012-10-19 20:14:22,,ON,1981,2010,,1981,,2002,22,660,,0,100,Days with freezing rain or freezing drizzle,Jours avec pluie verglaçante ou bruine verglaçante,6,0,4832
-80.38333333333334,43.45,WATERLOO WELLINGTON A,6149387,4832.83.7,NORM,Y,C,83,1,2012-10-19 20:14:22,,ON,1981,2010,,1981,,2002,22,682,,0,100,Days with freezing rain or freezing drizzle,Jours avec pluie verglaçante ou bruine verglaçante,7,0,4832
-80.38333333333334,43.45,WATERLOO WELLINGTON A,6149387,4832.83.8,NORM,Y,C,83,1,2012-10-19 20:14:22,,ON,1981,2010,,1981,,2002,22,682,,0,100,Days with freezing rain or freezing drizzle,Jours avec pluie verglaçante ou bruine verglaçante,8,0,4832
-80.38333333333334,43.45,WATERLOO WELLINGTON A,6149387,4832.83.9,NORM,Y,C,83,1,2012-10-19 20:14:22,,ON,1981,2010,,1981,,2002,22,660,,0,100,Days with freezing rain or freezing drizzle,Jours avec pluie verglaçante ou bruine verglaçante,9,0,4832
-80.38333333333334,43.45,WATERLOO WELLINGTON A,6149387,4832.83.10,NORM,Y,C,83,1,2012-10-19 20:14:22,,ON,1981,2010,,1981,,2002,22,682,,0,100,Days with freezing rain or freezing drizzle,Jours avec pluie verglaçante ou bruine verglaçante,10,0,4832
-80.38333333333334,43.45,WATERLOO WELLINGTON A,6149387,4832.83.11,NORM,Y,C,83,1,2012-10-19 20:14:22,,ON,1981,2010,,1981,,2001,21,630,,0,100,Days with freezing rain or freezing drizzle,Jours avec pluie verglaçante ou bruine verglaçante,11,0.71,4832
-80.38333333333334,43.45,WATERLOO WELLINGTON A,6149387,4832.83.12,NORM,Y,C,83,1,2012-10-19 20:14:22,,ON,1981,2010,,1981,,2001,21,651,,0,100,Days with freezing rain or freezing drizzle,Jours avec pluie verglaçante ou bruine verglaçante,12,2.14,4832
-80.38333333333334,43.45,WATERLOO WELLINGTON A,6149387,4832.83.13,NORM,Y,C,83,1,2012-10-19 20:14:22,,ON,1981,2010,,1981,,2002,22,7974,,0,100,Days with freezing rain or freezing drizzle,Jours avec pluie verglaçante ou bruine verglaçante,13,9.66,4832
-80.38333333333334,43.45,WATERLOO WELLINGTON A,6149387,4832.84.1,NORM,Y,C,84,1,2012-10-19 20:14:22,,ON,1981,2010,,1981,,2002,22,682,,0,100,Days with thunderstorms,Jours avec orages,1,0.14,4832
-80.38333333333334,43.45,WATERLOO WELLINGTON A,6149387,4832.84.2,NORM,Y,C,84,1,2012-10-19 20:14:22,,ON,1981,2010,,1981,,2002,22,621,,0,100,Days with thunderstorms,Jours avec orages,2,0.14,4832
-80.38333333333334,43.45,WATERLOO WELLINGTON A,6149387,4832.84.3,NORM,Y,C,84,1,2012-10-19 20:14:22,,ON,1981,2010,,1981,,2002,22,682,,0,100,Days with thunderstorms,Jours avec orages,3,0.86,4832
-80.38333333333334,43.45,WATERLOO WELLINGTON A,6149387,4832.84.4,NORM,Y,C,84,1,2012-10-19 20:14:22,,ON,1981,2010,,1981,,2002,22,660,,0,100,Days with thunderstorms,Jours avec orages,4,2,4832
-80.38333333333334,43.45,WATERLOO WELLINGTON A,6149387,4832.84.5,NORM,Y,C,84,1,2012-10-19 20:14:22,,ON,1981,2010,,1981,,2002,22,682,,0,100,Days with thunderstorms,Jours avec orages,5,3.32,4832
-80.38333333333334,43.45,WATERLOO WELLINGTON A,6149387,4832.84.6,NORM,Y,C,84,1,2012-10-19 20:14:22,,ON,1981,2010,,1981,,2002,22,660,,0,100,Days with thunderstorms,Jours avec orages,6,4.68,4832
-80.38333333333334,43.45,WATERLOO WELLINGTON A,6149387,4832.84.7,NORM,Y,C,84,1,2012-10-19 20:14:22,,ON,1981,2010,,1981,,2002,22,682,,0,100,Days with thunderstorms,Jours avec orages,7,5.73,4832
-80.38333333333334,43.45,WATERLOO WELLINGTON A,6149387,4832.84.8,NORM,Y,C,84,1,2012-10-19 20:14:22,,ON,1981,2010,,1981,,2002,22,682,,0,100,Days with thunderstorms,Jours avec orages,8,5.45,4832
-80.38333333333334,43.45,WATERLOO WELLINGTON A,6149387,4832.84.9,NORM,Y,C,84,1,2012-10-19 20:14:22,,ON,1981,2010,,1981,,2002,22,660,,0,100,Days with thunderstorms,Jours avec orages,9,3.14,4832
-80.38333333333334,43.45,WATERLOO WELLINGTON A,6149387,4832.84.10,NORM,Y,C,84,1,2012-10-19 20:14:22,,ON,1981,2010,,1981,,2002,22,682,,0,100,Days with thunderstorms,Jours avec orages,10,1.18,4832
-80.38333333333334,43.45,WATERLOO WELLINGTON A,6149387,4832.84.11,NORM,Y,C,84,1,2012-10-19 20:14:22,,ON,1981,2010,,1981,,2001,21,630,,0,100,Days with thunderstorms,Jours avec orages,11,0.86,4832
-80.38333333333334,43.45,WATERLOO WELLINGTON A,6149387,4832.84.12,NORM,Y,C,84,1,2012-10-19 20:14:22,,ON,1981,2010,,1981,,2001,21,651,,0,100,Days with thunderstorms,Jours avec orages,12,0.19,4832
-80.38333333333334,43.45,WATERLOO WELLINGTON A,6149387,4832.84.13,NORM,Y,C,84,1,2012-10-19 20:14:22,,ON,1981,2010,,1981,,2002,22,7974,,0,100,Days with thunderstorms,Jours avec orages,13,27.69,4832
-80.38333333333334,43.45,WATERLOO WELLINGTON A,6149387,4832.85.1,NORM,Y,C,85,1,2012-10-19 20:14:22,,ON,1981,2010,,1981,,2002,22,682,,0,100,Days with hail,Jours avec grêle,1,0.05,4832
-80.38333333333334,43.45,WATERLOO WELLINGTON A,6149387,4832.85.2,NORM,Y,C,85,1,2012-10-19 20:14:22,,ON,1981,2010,,1981,,2002,22,621,,0,100,Days with hail,Jours avec grêle,2,0,4832
-80.38333333333334,43.45,WATERLOO WELLINGTON A,6149387,4832.85.3,NORM,Y,C,85,1,2012-10-19 20:14:22,,ON,1981,2010,,1981,,2002,22,682,,0,100,Days with hail,Jours avec grêle,3,0,4832
-80.38333333333334,43.45,WATERLOO WELLINGTON A,6149387,4832.85.4,NORM,Y,C,85,1,2012-10-19 20:14:22,,ON,1981,2010,,1981,,2002,22,660,,0,100,Days with hail,Jours avec grêle,4,0.09,4832
-80.38333333333334,43.45,WATERLOO WELLINGTON A,6149387,4832.85.5,NORM,Y,C,85,1,2012-10-19 20:14:22,,ON,1981,2010,,1981,,2002,22,682,,0,100,Days with hail,Jours avec grêle,5,0.23,4832
-80.38333333333334,43.45,WATERLOO WELLINGTON A,6149387,4832.85.6,NORM,Y,C,85,1,2012-10-19 20:14:22,,ON,1981,2010,,1981,,2002,22,660,,0,100,Days with hail,Jours avec grêle,6,0.14,4832
-80.38333333333334,43.45,WATERLOO WELLINGTON A,6149387,4832.85.7,NORM,Y,C,85,1,2012-10-19 20:14:22,,ON,1981,2010,,1981,,2002,22,682,,0,100,Days with hail,Jours avec grêle,7,0.09,4832
-80.38333333333334,43.45,WATERLOO WELLINGTON A,6149387,4832.85.8,NORM,Y,C,85,1,2012-10-19 20:14:22,,ON,1981,2010,,1981,,2002,22,682,,0,100,Days with hail,Jours avec grêle,8,0.09,4832
-80.38333333333334,43.45,WATERLOO WELLINGTON A,6149387,4832.85.9,NORM,Y,C,85,1,2012-10-19 20:14:22,,ON,1981,2010,,1981,,2002,22,660,,0,100,Days with hail,Jours avec grêle,9,0.09,4832
-80.38333333333334,43.45,WATERLOO WELLINGTON A,6149387,4832.85.10,NORM,Y,C,85,1,2012-10-19 20:14:22,,ON,1981,2010,,1981,,2002,22,682,,0,100,Days with hail,Jours avec grêle,10,0,4832
-80.38333333333334,43.45,WATERLOO WELLINGTON A,6149387,4832.85.11,NORM,Y,C,85,1,2012-10-19 20:14:22,,ON,1981,2010,,1981,,2001,21,630,,0,100,Days with hail,Jours avec grêle,11,0.05,4832
-80.38333333333334,43.45,WATERLOO WELLINGTON A,6149387,4832.85.12,NORM,Y,C,85,1,2012-10-19 20:14:22,,ON,1981,2010,,1981,,2001,21,651,,0,100,Days with hail,Jours avec grêle,12,0,4832
-80.38333333333334,43.45,WATERLOO WELLINGTON A,6149387,4832.85.13,NORM,Y,C,85,1,2012-10-19 20:14:22,,ON,1981,2010,,1981,,2002,22,7974,,0,100,Days with hail,Jours avec grêle,13,0.83,4832
-80.38333333333334,43.45,WATERLOO WELLINGTON A,6149387,4832.86.1,NORM,Y,C,86,1,2012-10-19 20:14:22,,ON,1981,2010,,1981,,2002,22,682,,0,100,"Days with fog, ice fog, or freezing fog","Jours avec brouillard, brouillard glacé ou brouillard verglaçant",1,2.73,4832
-80.38333333333334,43.45,WATERLOO WELLINGTON A,6149387,4832.86.2,NORM,Y,C,86,1,2012-10-19 20:14:22,,ON,1981,2010,,1981,,2002,22,621,,0,100,"Days with fog, ice fog, or freezing fog","Jours avec brouillard, brouillard glacé ou brouillard verglaçant",2,2.82,4832
-80.38333333333334,43.45,WATERLOO WELLINGTON A,6149387,4832.86.3,NORM,Y,C,86,1,2012-10-19 20:14:22,,ON,1981,2010,,1981,,2002,21,651,,1,100,"Days with fog, ice fog, or freezing fog","Jours avec brouillard, brouillard glacé ou brouillard verglaçant",3,2.57,4832
-80.38333333333334,43.45,WATERLOO WELLINGTON A,6149387,4832.86.4,NORM,Y,C,86,1,2012-10-19 20:14:22,,ON,1981,2010,,1981,,2002,22,660,,0,100,"Days with fog, ice fog, or freezing fog","Jours avec brouillard, brouillard glacé ou brouillard verglaçant",4,1.64,4832
-80.38333333333334,43.45,WATERLOO WELLINGTON A,6149387,4832.86.5,NORM,Y,C,86,1,2012-10-19 20:14:22,,ON,1981,2010,,1981,,2002,22,682,,0,100,"Days with fog, ice fog, or freezing fog","Jours avec brouillard, brouillard glacé ou brouillard verglaçant",5,2.18,4832
-80.38333333333334,43.45,WATERLOO WELLINGTON A,6149387,4832.86.6,NORM,Y,C,86,1,2012-10-19 20:14:22,,ON,1981,2010,,1981,,2002,22,660,,0,100,"Days with fog, ice fog, or freezing fog","Jours avec brouillard, brouillard glacé ou brouillard verglaçant",6,1.73,4832
-80.38333333333334,43.45,WATERLOO WELLINGTON A,6149387,4832.86.7,NORM,Y,C,86,1,2012-10-19 20:14:22,,ON,1981,2010,,1981,,2002,22,682,,0,100,"Days with fog, ice fog, or freezing fog","Jours avec brouillard, brouillard glacé ou brouillard verglaçant",7,2.05,4832
-80.38333333333334,43.45,WATERLOO WELLINGTON A,6149387,4832.86.8,NORM,Y,C,86,1,2012-10-19 20:14:22,,ON,1981,2010,,1981,,2002,22,682,,0,100,"Days with fog, ice fog, or freezing fog","Jours avec brouillard, brouillard glacé ou brouillard verglaçant",8,4.59,4832
-80.38333333333334,43.45,WATERLOO WELLINGTON A,6149387,4832.86.9,NORM,Y,C,86,1,2012-10-19 20:14:22,,ON,1981,2010,,1981,,2002,22,660,,0,100,"Days with fog, ice fog, or freezing fog","Jours avec brouillard, brouillard glacé ou brouillard verglaçant",9,4.18,4832
-80.38333333333334,43.45,WATERLOO WELLINGTON A,6149387,4832.86.10,NORM,Y,C,86,1,2012-10-19 20:14:22,,ON,1981,2010,,1981,,2001,20,620,,1,95.24,"Days with fog, ice fog, or freezing fog","Jours avec brouillard, brouillard glacé ou brouillard verglaçant",10,4,4832
-80.38333333333334,43.45,WATERLOO WELLINGTON A,6149387,4832.86.11,NORM,Y,C,86,1,2012-10-19 20:14:22,,ON,1981,2010,,1981,,2001,21,630,,0,100,"Days with fog, ice fog, or freezing fog","Jours avec brouillard, brouillard glacé ou brouillard verglaçant",11,2.33,4832
-80.38333333333334,43.45,WATERLOO WELLINGTON A,6149387,4832.86.12,NORM,Y,C,86,1,2012-10-19 20:14:22,,ON,1981,2010,,1981,,2001,21,651,,0,100,"Days with fog, ice fog, or freezing fog","Jours avec brouillard, brouillard glacé ou brouillard verglaçant",12,3.14,4832
-80.38333333333334,43.45,WATERLOO WELLINGTON A,6149387,4832.86.13,NORM,Y,C,86,1,2012-10-19 20:14:22,,ON,1981,2010,,1981,,2002,22,7881,,1,99.6,"Days with fog, ice fog, or freezing fog","Jours avec brouillard, brouillard glacé ou brouillard verglaçant",13,33.96,4832
-80.38333333333334,43.45,WATERLOO WELLINGTON A,6149387,4832.87.1,NORM,Y,C,87,1,2012-10-19 20:14:22,,ON,1981,2010,,1981,,2002,22,682,,0,100,Days with smoke or haze,Jours avec fumée ou brume sèche,1,3.68,4832
-80.38333333333334,43.45,WATERLOO WELLINGTON A,6149387,4832.87.2,NORM,Y,C,87,1,2012-10-19 20:14:22,,ON,1981,2010,,1981,,2002,22,621,,0,100,Days with smoke or haze,Jours avec fumée ou brume sèche,2,3.64,4832
-80.38333333333334,43.45,WATERLOO WELLINGTON A,6149387,4832.87.3,NORM,Y,C,87,1,2012-10-19 20:14:22,,ON,1981,2010,,1981,,2002,21,651,,1,100,Days with smoke or haze,Jours avec fumée ou brume sèche,3,4,4832
-80.38333333333334,43.45,WATERLOO WELLINGTON A,6149387,4832.87.4,NORM,Y,C,87,1,2012-10-19 20:14:22,,ON,1981,2010,,1981,,2002,22,660,,0,100,Days with smoke or haze,Jours avec fumée ou brume sèche,4,3.59,4832
-80.38333333333334,43.45,WATERLOO WELLINGTON A,6149387,4832.87.5,NORM,Y,C,87,1,2012-10-19 20:14:22,,ON,1981,2010,,1981,,2002,22,682,,0,100,Days with smoke or haze,Jours avec fumée ou brume sèche,5,7.32,4832
-80.38333333333334,43.45,WATERLOO WELLINGTON A,6149387,4832.87.6,NORM,Y,C,87,1,2012-10-19 20:14:22,,ON,1981,2010,,1981,,2002,22,660,,0,100,Days with smoke or haze,Jours avec fumée ou brume sèche,6,8.82,4832
-80.38333333333334,43.45,WATERLOO WELLINGTON A,6149387,4832.87.7,NORM,Y,C,87,1,2012-10-19 20:14:22,,ON,1981,2010,,1981,,2002,22,682,,0,100,Days with smoke or haze,Jours avec fumée ou brume sèche,7,10.68,4832
-80.38333333333334,43.45,WATERLOO WELLINGTON A,6149387,4832.87.8,NORM,Y,C,87,1,2012-10-19 20:14:22,,ON,1981,2010,,1981,,2002,22,682,,0,100,Days with smoke or haze,Jours avec fumée ou brume sèche,8,10.59,4832
-80.38333333333334,43.45,WATERLOO WELLINGTON A,6149387,4832.87.9,NORM,Y,C,87,1,2012-10-19 20:14:22,,ON,1981,2010,,1981,,2002,22,660,,0,100,Days with smoke or haze,Jours avec fumée ou brume sèche,9,7.68,4832
-80.38333333333334,43.45,WATERLOO WELLINGTON A,6149387,4832.87.10,NORM,Y,C,87,1,2012-10-19 20:14:22,,ON,1981,2010,,1981,,2001,20,620,,1,95.24,Days with smoke or haze,Jours avec fumée ou brume sèche,10,5.35,4832
-80.38333333333334,43.45,WATERLOO WELLINGTON A,6149387,4832.87.11,NORM,Y,C,87,1,2012-10-19 20:14:22,,ON,1981,2010,,1981,,2001,21,630,,0,100,Days with smoke or haze,Jours avec fumée ou brume sèche,11,4.57,4832
-80.38333333333334,43.45,WATERLOO WELLINGTON A,6149387,4832.87.12,NORM,Y,C,87,1,2012-10-19 20:14:22,,ON,1981,2010,,1981,,2001,21,651,,0,100,Days with smoke or haze,Jours avec fumée ou brume sèche,12,3.19,4832
-80.38333333333334,43.45,WATERLOO WELLINGTON A,6149387,4832.87.13,NORM,Y,C,87,1,2012-10-19 20:14:22,,ON,1981,2010,,1981,,2002,22,7881,,1,99.6,Days with smoke or haze,Jours avec fumée ou brume sèche,13,73.11,4832
-80.38333333333334,43.45,WATERLOO WELLINGTON A,6149387,4832.88.1,NORM,Y,C,88,1,2012-10-19 20:14:22,,ON,1981,2010,,1981,,2002,22,682,,0,100,Days with blowing dust,Jours avec chasse-poussière élevée,1,0,4832
-80.38333333333334,43.45,WATERLOO WELLINGTON A,6149387,4832.88.2,NORM,Y,C,88,1,2012-10-19 20:14:22,,ON,1981,2010,,1981,,2002,22,621,,0,100,Days with blowing dust,Jours avec chasse-poussière élevée,2,0.05,4832
-80.38333333333334,43.45,WATERLOO WELLINGTON A,6149387,4832.88.3,NORM,Y,C,88,1,2012-10-19 20:14:22,,ON,1981,2010,,1981,,2002,21,651,,1,100,Days with blowing dust,Jours avec chasse-poussière élevée,3,0,4832
-80.38333333333334,43.45,WATERLOO WELLINGTON A,6149387,4832.88.4,NORM,Y,C,88,1,2012-10-19 20:14:22,,ON,1981,2010,,1981,,2002,22,660,,0,100,Days with blowing dust,Jours avec chasse-poussière élevée,4,0.05,4832
-80.38333333333334,43.45,WATERLOO WELLINGTON A,6149387,4832.88.5,NORM,Y,C,88,1,2012-10-19 20:14:22,,ON,1981,2010,,1981,,2002,22,682,,0,100,Days with blowing dust,Jours avec chasse-poussière élevée,5,0.09,4832
-80.38333333333334,43.45,WATERLOO WELLINGTON A,6149387,4832.88.6,NORM,Y,C,88,1,2012-10-19 20:14:22,,ON,1981,2010,,1981,,2002,22,660,,0,100,Days with blowing dust,Jours avec chasse-poussière élevée,6,0,4832
-80.38333333333334,43.45,WATERLOO WELLINGTON A,6149387,4832.88.7,NORM,Y,C,88,1,2012-10-19 20:14:22,,ON,1981,2010,,1981,,2002,22,682,,0,100,Days with blowing dust,Jours avec chasse-poussière élevée,7,0,4832
-80.38333333333334,43.45,WATERLOO WELLINGTON A,6149387,4832.88.8,NORM,Y,C,88,1,2012-10-19 20:14:22,,ON,1981,2010,,1981,,2002,22,682,,0,100,Days with blowing dust,Jours avec chasse-poussière élevée,8,0,4832
-80.38333333333334,43.45,WATERLOO WELLINGTON A,6149387,4832.88.9,NORM,Y,C,88,1,2012-10-19 20:14:22,,ON,1981,2010,,1981,,2002,22,660,,0,100,Days with blowing dust,Jours avec chasse-poussière élevée,9,0,4832
-80.38333333333334,43.45,WATERLOO WELLINGTON A,6149387,4832.88.10,NORM,Y,C,88,1,2012-10-19 20:14:22,,ON,1981,2010,,1981,,2001,20,620,,1,95.24,Days with blowing dust,Jours avec chasse-poussière élevée,10,0,4832
-80.38333333333334,43.45,WATERLOO WELLINGTON A,6149387,4832.88.11,NORM,Y,C,88,1,2012-10-19 20:14:22,,ON,1981,2010,,1981,,2001,21,630,,0,100,Days with blowing dust,Jours avec chasse-poussière élevée,11,0,4832
-80.38333333333334,43.45,WATERLOO WELLINGTON A,6149387,4832.88.12,NORM,Y,C,88,1,2012-10-19 20:14:22,,ON,1981,2010,,1981,,2001,21,651,,0,100,Days with blowing dust,Jours avec chasse-poussière élevée,12,0,4832
-80.38333333333334,43.45,WATERLOO WELLINGTON A,6149387,4832.88.13,NORM,Y,C,88,1,2012-10-19 20:14:22,,ON,1981,2010,,1981,,2002,22,7881,,1,99.6,Days with blowing dust,Jours avec chasse-poussière élevée,13,0.19,4832
-80.38333333333334,43.45,WATERLOO WELLINGTON A,6149387,4832.89.1,NORM,Y,C,89,1,2012-10-19 20:14:22,,ON,1981,2010,,1981,,2002,22,682,,0,100,Days with blowing snow,Jours avec poudrerie élevée,1,3.82,4832
-80.38333333333334,43.45,WATERLOO WELLINGTON A,6149387,4832.89.2,NORM,Y,C,89,1,2012-10-19 20:14:22,,ON,1981,2010,,1981,,2002,22,621,,0,100,Days with blowing snow,Jours avec poudrerie élevée,2,2.18,4832
-80.38333333333334,43.45,WATERLOO WELLINGTON A,6149387,4832.89.3,NORM,Y,C,89,1,2012-10-19 20:14:22,,ON,1981,2010,,1981,,2002,21,651,,1,100,Days with blowing snow,Jours avec poudrerie élevée,3,1.1,4832
-80.38333333333334,43.45,WATERLOO WELLINGTON A,6149387,4832.89.4,NORM,Y,C,89,1,2012-10-19 20:14:22,,ON,1981,2010,,1981,,2002,22,660,,0,100,Days with blowing snow,Jours avec poudrerie élevée,4,0.09,4832
-80.38333333333334,43.45,WATERLOO WELLINGTON A,6149387,4832.89.5,NORM,Y,C,89,1,2012-10-19 20:14:22,,ON,1981,2010,,1981,,2002,22,682,,0,100,Days with blowing snow,Jours avec poudrerie élevée,5,0,4832
-80.38333333333334,43.45,WATERLOO WELLINGTON A,6149387,4832.89.6,NORM,Y,C,89,1,2012-10-19 20:14:22,,ON,1981,2010,,1981,,2002,22,660,,0,100,Days with blowing snow,Jours avec poudrerie élevée,6,0,4832
-80.38333333333334,43.45,WATERLOO WELLINGTON A,6149387,4832.89.7,NORM,Y,C,89,1,2012-10-19 20:14:22,,ON,1981,2010,,1981,,2002,22,682,,0,100,Days with blowing snow,Jours avec poudrerie élevée,7,0,4832
-80.38333333333334,43.45,WATERLOO WELLINGTON A,6149387,4832.89.8,NORM,Y,C,89,1,2012-10-19 20:14:22,,ON,1981,2010,,1981,,2002,22,682,,0,100,Days with blowing snow,Jours avec poudrerie élevée,8,0,4832
-80.38333333333334,43.45,WATERLOO WELLINGTON A,6149387,4832.89.9,NORM,Y,C,89,1,2012-10-19 20:14:22,,ON,1981,2010,,1981,,2002,22,660,,0,100,Days with blowing snow,Jours avec poudrerie élevée,9,0,4832
-80.38333333333334,43.45,WATERLOO WELLINGTON A,6149387,4832.89.10,NORM,Y,C,89,1,2012-10-19 20:14:22,,ON,1981,2010,,1981,,2001,20,620,,1,95.24,Days with blowing snow,Jours avec poudrerie élevée,10,0,4832
-80.38333333333334,43.45,WATERLOO WELLINGTON A,6149387,4832.89.11,NORM,Y,C,89,1,2012-10-19 20:14:22,,ON,1981,2010,,1981,,2001,21,630,,0,100,Days with blowing snow,Jours avec poudrerie élevée,11,0.24,4832
-80.38333333333334,43.45,WATERLOO WELLINGTON A,6149387,4832.89.12,NORM,Y,C,89,1,2012-10-19 20:14:22,,ON,1981,2010,,1981,,2001,21,651,,0,100,Days with blowing snow,Jours avec poudrerie élevée,12,1.9,4832
-80.38333333333334,43.45,WATERLOO WELLINGTON A,6149387,4832.89.13,NORM,Y,C,89,1,2012-10-19 20:14:22,,ON,1981,2010,,1981,,2002,22,7881,,1,99.6,Days with blowing snow,Jours avec poudrerie élevée,13,9.33,4832
-80.38333333333334,43.45,WATERLOO WELLINGTON A,6149387,4832.90.1,NORM,Y,C,90,1,2012-10-19 20:14:22,,ON,1981,2010,,1981,,2002,21,15515,,1,94.79,Mean of hourly wind speed kmh,Moyenne de la vitesse horaire du vent en km/h,1,15.23,4832
-80.38333333333334,43.45,WATERLOO WELLINGTON A,6149387,4832.90.2,NORM,Y,C,90,1,2012-10-19 20:14:22,,ON,1981,2010,,1981,,2002,20,13447,,2,90.22,Mean of hourly wind speed kmh,Moyenne de la vitesse horaire du vent en km/h,2,14.31,4832
-80.38333333333334,43.45,WATERLOO WELLINGTON A,6149387,4832.90.3,NORM,Y,C,90,1,2012-10-19 20:14:22,,ON,1981,2010,,1981,,2002,21,15529,,1,94.87,Mean of hourly wind speed kmh,Moyenne de la vitesse horaire du vent en km/h,3,14.89,4832
-80.38333333333334,43.45,WATERLOO WELLINGTON A,6149387,4832.90.4,NORM,Y,C,90,1,2012-10-19 20:14:22,,ON,1981,2010,,1981,,2002,20,14318,,1,90.39,Mean of hourly wind speed kmh,Moyenne de la vitesse horaire du vent en km/h,4,14.57,4832
-80.38333333333334,43.45,WATERLOO WELLINGTON A,6149387,4832.90.5,NORM,Y,C,90,1,2012-10-19 20:14:22,,ON,1981,2010,,1981,,2002,20,14833,,1,90.62,Mean of hourly wind speed kmh,Moyenne de la vitesse horaire du vent en km/h,5,12.31,4832
-80.38333333333334,43.45,WATERLOO WELLINGTON A,6149387,4832.90.6,NORM,Y,C,90,1,2012-10-19 20:14:22,,ON,1981,2010,,1981,,2002,22,15734,,0,99.33,Mean of hourly wind speed kmh,Moyenne de la vitesse horaire du vent en km/h,6,10.41,4832
-80.38333333333334,43.45,WATERLOO WELLINGTON A,6149387,4832.90.7,NORM,Y,C,90,1,2012-10-19 20:14:22,,ON,1981,2010,,1981,,2002,22,16186,,0,98.89,Mean of hourly wind speed kmh,Moyenne de la vitesse horaire du vent en km/h,7,9.6,4832
-80.38333333333334,43.45,WATERLOO WELLINGTON A,6149387,4832.90.8,NORM,Y,C,90,1,2012-10-19 20:14:22,,ON,1981,2010,,1981,,2002,21,15505,,1,94.73,Mean of hourly wind speed kmh,Moyenne de la vitesse horaire du vent en km/h,8,8.52,4832
-80.38333333333334,43.45,WATERLOO WELLINGTON A,6149387,4832.90.9,NORM,Y,C,90,1,2012-10-19 20:14:22,,ON,1981,2010,,1981,,2001,20,14203,,1,89.67,Mean of hourly wind speed kmh,Moyenne de la vitesse horaire du vent en km/h,9,9.78,4832
-80.38333333333334,43.45,WATERLOO WELLINGTON A,6149387,4832.90.10,NORM,Y,C,90,1,2012-10-19 20:14:22,,ON,1981,2010,,1981,,2001,20,14850,,1,90.73,Mean of hourly wind speed kmh,Moyenne de la vitesse horaire du vent en km/h,10,11.69,4832
-80.38333333333334,43.45,WATERLOO WELLINGTON A,6149387,4832.90.11,NORM,Y,C,90,1,2012-10-19 20:14:22,,ON,1981,2010,,1981,,2001,21,15014,,0,99.3,Mean of hourly wind speed kmh,Moyenne de la vitesse horaire du vent en km/h,11,14.45,4832
-80.38333333333334,43.45,WATERLOO WELLINGTON A,6149387,4832.90.12,NORM,Y,C,90,1,2012-10-19 20:14:22,,ON,1981,2010,,1981,,2001,20,14756,,1,94.44,Mean of hourly wind speed kmh,Moyenne de la vitesse horaire du vent en km/h,12,14.82,4832
-80.38333333333334,43.45,WATERLOO WELLINGTON A,6149387,4832.90.13,NORM,Y,C,90,1,2012-10-19 20:14:22,,ON,1981,2010,,1981,,2002,22,179890,,2,94,Mean of hourly wind speed kmh,Moyenne de la vitesse horaire du vent en km/h,13,12.55,4832
-80.38333333333334,43.45,WATERLOO WELLINGTON A,6149387,4832.91.1,NORM,Y,C,91,1,2012-10-19 20:14:22,,ON,1981,2010,,1981,,2002,21,15532,,1,99.41,Most frequently occurring wind direction deg true,Direction du vent la plus fréquente en degrés vrais,1,270,4832
-80.38333333333334,43.45,WATERLOO WELLINGTON A,6149387,4832.91.2,NORM,Y,C,91,1,2012-10-19 20:14:22,,ON,1981,2010,,1981,,2002,20,13457,,2,99.42,Most frequently occurring wind direction deg true,Direction du vent la plus fréquente en degrés vrais,2,270,4832
-80.38333333333334,43.45,WATERLOO WELLINGTON A,6149387,4832.91.3,NORM,Y,C,91,1,2012-10-19 20:14:22,,ON,1981,2010,,1981,,2002,21,15537,,1,99.44,Most frequently occurring wind direction deg true,Direction du vent la plus fréquente en degrés vrais,3,270,4832
-80.38333333333334,43.45,WATERLOO WELLINGTON A,6149387,4832.91.4,NORM,Y,C,91,1,2012-10-19 20:14:22,,ON,1981,2010,,1981,,2002,21,15004,,1,99.23,Most frequently occurring wind direction deg true,Direction du vent la plus fréquente en degrés vrais,4,315,4832
-80.38333333333334,43.45,WATERLOO WELLINGTON A,6149387,4832.91.5,NORM,Y,C,91,1,2012-10-19 20:14:22,,ON,1981,2010,,1981,,2002,20,14833,,1,99.68,Most frequently occurring wind direction deg true,Direction du vent la plus fréquente en degrés vrais,5,315,4832
-80.38333333333334,43.45,WATERLOO WELLINGTON A,6149387,4832.91.6,NORM,Y,C,91,1,2012-10-19 20:14:22,,ON,1981,2010,,1981,,2002,22,15746,,0,99.41,Most frequently occurring wind direction deg true,Direction du vent la plus fréquente en degrés vrais,6,315,4832
-80.38333333333334,43.45,WATERLOO WELLINGTON A,6149387,4832.91.7,NORM,Y,C,91,1,2012-10-19 20:14:22,,ON,1981,2010,,1981,,2002,22,16186,,0,98.89,Most frequently occurring wind direction deg true,Direction du vent la plus fréquente en degrés vrais,7,315,4832
-80.38333333333334,43.45,WATERLOO WELLINGTON A,6149387,4832.91.8,NORM,Y,C,91,1,2012-10-19 20:14:22,,ON,1981,2010,,1981,,2002,21,15493,,1,99.16,Most frequently occurring wind direction deg true,Direction du vent la plus fréquente en degrés vrais,8,315,4832
-80.38333333333334,43.45,WATERLOO WELLINGTON A,6149387,4832.91.9,NORM,Y,C,91,1,2012-10-19 20:14:22,,ON,1981,2010,,1981,,2001,20,14286,,1,99.21,Most frequently occurring wind direction deg true,Direction du vent la plus fréquente en degrés vrais,9,315,4832
-80.38333333333334,43.45,WATERLOO WELLINGTON A,6149387,4832.91.10,NORM,Y,C,91,1,2012-10-19 20:14:22,,ON,1981,2010,,1981,,2001,20,14850,,1,99.8,Most frequently occurring wind direction deg true,Direction du vent la plus fréquente en degrés vrais,10,270,4832
-80.38333333333334,43.45,WATERLOO WELLINGTON A,6149387,4832.91.11,NORM,Y,C,91,1,2012-10-19 20:14:22,,ON,1981,2010,,1981,,2001,21,15001,,0,99.21,Most frequently occurring wind direction deg true,Direction du vent la plus fréquente en degrés vrais,11,270,4832
-80.38333333333334,43.45,WATERLOO WELLINGTON A,6149387,4832.91.12,NORM,Y,C,91,1,2012-10-19 20:14:22,,ON,1981,2010,,1981,,2001,20,14791,,1,99.4,Most frequently occurring wind direction deg true,Direction du vent la plus fréquente en degrés vrais,12,225,4832
-80.38333333333334,43.45,WATERLOO WELLINGTON A,6149387,4832.91.13,NORM,Y,C,91,1,2012-10-19 20:14:22,,ON,1981,2010,,1981,,2002,22,180716,,2,99.36,Most frequently occurring wind direction deg true,Direction du vent la plus fréquente en degrés vrais,13,270,4832
-80.38333333333334,43.45,WATERLOO WELLINGTON A,6149387,4832.96.1,NORM,Y,C,96,1,2012-10-19 20:14:22,,ON,1981,2010,,1981,,2002,21,15515,,1,94.79,Days with at least one hourly wind speed LE 5 kmh,Jours avec au moins une vitesse horaire du vent <= 5 km/h,1,17.62,4832
-80.38333333333334,43.45,WATERLOO WELLINGTON A,6149387,4832.96.2,NORM,Y,C,96,1,2012-10-19 20:14:22,,ON,1981,2010,,1981,,2002,20,13447,,2,90.22,Days with at least one hourly wind speed LE 5 kmh,Jours avec au moins une vitesse horaire du vent <= 5 km/h,2,18.35,4832
-80.38333333333334,43.45,WATERLOO WELLINGTON A,6149387,4832.96.3,NORM,Y,C,96,1,2012-10-19 20:14:22,,ON,1981,2010,,1981,,2002,21,15529,,1,94.87,Days with at least one hourly wind speed LE 5 kmh,Jours avec au moins une vitesse horaire du vent <= 5 km/h,3,18.95,4832
-80.38333333333334,43.45,WATERLOO WELLINGTON A,6149387,4832.96.4,NORM,Y,C,96,1,2012-10-19 20:14:22,,ON,1981,2010,,1981,,2002,20,14318,,1,90.39,Days with at least one hourly wind speed LE 5 kmh,Jours avec au moins une vitesse horaire du vent <= 5 km/h,4,20.15,4832
-80.38333333333334,43.45,WATERLOO WELLINGTON A,6149387,4832.96.5,NORM,Y,C,96,1,2012-10-19 20:14:22,,ON,1981,2010,,1981,,2002,20,14833,,1,90.62,Days with at least one hourly wind speed LE 5 kmh,Jours avec au moins une vitesse horaire du vent <= 5 km/h,5,22.5,4832
-80.38333333333334,43.45,WATERLOO WELLINGTON A,6149387,4832.96.6,NORM,Y,C,96,1,2012-10-19 20:14:22,,ON,1981,2010,,1981,,2002,22,15734,,0,99.33,Days with at least one hourly wind speed LE 5 kmh,Jours avec au moins une vitesse horaire du vent <= 5 km/h,6,25.27,4832
-80.38333333333334,43.45,WATERLOO WELLINGTON A,6149387,4832.96.7,NORM,Y,C,96,1,2012-10-19 20:14:22,,ON,1981,2010,,1981,,2002,22,16186,,0,98.89,Days with at least one hourly wind speed LE 5 kmh,Jours avec au moins une vitesse horaire du vent <= 5 km/h,7,26.73,4832
-80.38333333333334,43.45,WATERLOO WELLINGTON A,6149387,4832.96.8,NORM,Y,C,96,1,2012-10-19 20:14:22,,ON,1981,2010,,1981,,2002,21,15505,,1,94.73,Days with at least one hourly wind speed LE 5 kmh,Jours avec au moins une vitesse horaire du vent <= 5 km/h,8,28.57,4832
-80.38333333333334,43.45,WATERLOO WELLINGTON A,6149387,4832.96.9,NORM,Y,C,96,1,2012-10-19 20:14:22,,ON,1981,2010,,1981,,2001,20,14203,,1,89.67,Days with at least one hourly wind speed LE 5 kmh,Jours avec au moins une vitesse horaire du vent <= 5 km/h,9,26.45,4832
-80.38333333333334,43.45,WATERLOO WELLINGTON A,6149387,4832.96.10,NORM,Y,C,96,1,2012-10-19 20:14:22,,ON,1981,2010,,1981,,2001,20,14850,,1,90.73,Days with at least one hourly wind speed LE 5 kmh,Jours avec au moins une vitesse horaire du vent <= 5 km/h,10,24.25,4832
-80.38333333333334,43.45,WATERLOO WELLINGTON A,6149387,4832.96.11,NORM,Y,C,96,1,2012-10-19 20:14:22,,ON,1981,2010,,1981,,2001,21,15014,,0,99.3,Days with at least one hourly wind speed LE 5 kmh,Jours avec au moins une vitesse horaire du vent <= 5 km/h,11,18.14,4832
-80.38333333333334,43.45,WATERLOO WELLINGTON A,6149387,4832.96.12,NORM,Y,C,96,1,2012-10-19 20:14:22,,ON,1981,2010,,1981,,2001,20,14756,,1,94.44,Days with at least one hourly wind speed LE 5 kmh,Jours avec au moins une vitesse horaire du vent <= 5 km/h,12,19.25,4832
-80.38333333333334,43.45,WATERLOO WELLINGTON A,6149387,4832.96.13,NORM,Y,C,96,1,2012-10-19 20:14:22,,ON,1981,2010,,1981,,2002,22,179890,,2,94,Days with at least one hourly wind speed LE 5 kmh,Jours avec au moins une vitesse horaire du vent <= 5 km/h,13,266.23,4832
-80.38333333333334,43.45,WATERLOO WELLINGTON A,6149387,4832.97.1,NORM,Y,C,97,1,2012-10-19 20:14:22,,ON,1981,2010,,1981,,2002,21,15515,,1,94.79,Days with at least one hourly wind speed GT 10 kmh,Jours avec au moins une vitesse horaire du vent > 10 km/h,1,30.19,4832
-80.38333333333334,43.45,WATERLOO WELLINGTON A,6149387,4832.97.2,NORM,Y,C,97,1,2012-10-19 20:14:22,,ON,1981,2010,,1981,,2002,20,13447,,2,90.22,Days with at least one hourly wind speed GT 10 kmh,Jours avec au moins une vitesse horaire du vent > 10 km/h,2,26.85,4832
-80.38333333333334,43.45,WATERLOO WELLINGTON A,6149387,4832.97.3,NORM,Y,C,97,1,2012-10-19 20:14:22,,ON,1981,2010,,1981,,2002,21,15529,,1,94.87,Days with at least one hourly wind speed GT 10 kmh,Jours avec au moins une vitesse horaire du vent > 10 km/h,3,30.43,4832
-80.38333333333334,43.45,WATERLOO WELLINGTON A,6149387,4832.97.4,NORM,Y,C,97,1,2012-10-19 20:14:22,,ON,1981,2010,,1981,,2002,20,14318,,1,90.39,Days with at least one hourly wind speed GT 10 kmh,Jours avec au moins une vitesse horaire du vent > 10 km/h,4,29.65,4832
-80.38333333333334,43.45,WATERLOO WELLINGTON A,6149387,4832.97.5,NORM,Y,C,97,1,2012-10-19 20:14:22,,ON,1981,2010,,1981,,2002,20,14833,,1,90.62,Days with at least one hourly wind speed GT 10 kmh,Jours avec au moins une vitesse horaire du vent > 10 km/h,5,30.25,4832
-80.38333333333334,43.45,WATERLOO WELLINGTON A,6149387,4832.97.6,NORM,Y,C,97,1,2012-10-19 20:14:22,,ON,1981,2010,,1981,,2002,22,15734,,0,99.33,Days with at least one hourly wind speed GT 10 kmh,Jours avec au moins une vitesse horaire du vent > 10 km/h,6,28.77,4832
-80.38333333333334,43.45,WATERLOO WELLINGTON A,6149387,4832.97.7,NORM,Y,C,97,1,2012-10-19 20:14:22,,ON,1981,2010,,1981,,2002,22,16186,,0,98.89,Days with at least one hourly wind speed GT 10 kmh,Jours avec au moins une vitesse horaire du vent > 10 km/h,7,29.5,4832
-80.38333333333334,43.45,WATERLOO WELLINGTON A,6149387,4832.97.8,NORM,Y,C,97,1,2012-10-19 20:14:22,,ON,1981,2010,,1981,,2002,21,15505,,1,94.73,Days with at least one hourly wind speed GT 10 kmh,Jours avec au moins une vitesse horaire du vent > 10 km/h,8,28.57,4832
-80.38333333333334,43.45,WATERLOO WELLINGTON A,6149387,4832.97.9,NORM,Y,C,97,1,2012-10-19 20:14:22,,ON,1981,2010,,1981,,2001,20,14203,,1,89.67,Days with at least one hourly wind speed GT 10 kmh,Jours avec au moins une vitesse horaire du vent > 10 km/h,9,27.95,4832
-80.38333333333334,43.45,WATERLOO WELLINGTON A,6149387,4832.97.10,NORM,Y,C,97,1,2012-10-19 20:14:22,,ON,1981,2010,,1981,,2001,20,14850,,1,90.73,Days with at least one hourly wind speed GT 10 kmh,Jours avec au moins une vitesse horaire du vent > 10 km/h,10,29.5,4832
-80.38333333333334,43.45,WATERLOO WELLINGTON A,6149387,4832.97.11,NORM,Y,C,97,1,2012-10-19 20:14:22,,ON,1981,2010,,1981,,2001,21,15014,,0,99.3,Days with at least one hourly wind speed GT 10 kmh,Jours avec au moins une vitesse horaire du vent > 10 km/h,11,29.05,4832
-80.38333333333334,43.45,WATERLOO WELLINGTON A,6149387,4832.97.12,NORM,Y,C,97,1,2012-10-19 20:14:22,,ON,1981,2010,,1981,,2001,20,14756,,1,94.44,Days with at least one hourly wind speed GT 10 kmh,Jours avec au moins une vitesse horaire du vent > 10 km/h,12,29.85,4832
-80.38333333333334,43.45,WATERLOO WELLINGTON A,6149387,4832.97.13,NORM,Y,C,97,1,2012-10-19 20:14:22,,ON,1981,2010,,1981,,2002,22,179890,,2,94,Days with at least one hourly wind speed GT 10 kmh,Jours avec au moins une vitesse horaire du vent > 10 km/h,13,350.56,4832
-80.38333333333334,43.45,WATERLOO WELLINGTON A,6149387,4832.98.1,NORM,Y,C,98,1,2012-10-19 20:14:22,,ON,1981,2010,,1981,,2002,21,15515,,1,94.79,Days with at least one hourly wind speed GT 20 kmh,Jours avec au moins une vitesse horaire du vent > 20 km/h,1,21.81,4832
-80.38333333333334,43.45,WATERLOO WELLINGTON A,6149387,4832.98.2,NORM,Y,C,98,1,2012-10-19 20:14:22,,ON,1981,2010,,1981,,2002,20,13447,,2,90.22,Days with at least one hourly wind speed GT 20 kmh,Jours avec au moins une vitesse horaire du vent > 20 km/h,2,18.75,4832
-80.38333333333334,43.45,WATERLOO WELLINGTON A,6149387,4832.98.3,NORM,Y,C,98,1,2012-10-19 20:14:22,,ON,1981,2010,,1981,,2002,21,15529,,1,94.87,Days with at least one hourly wind speed GT 20 kmh,Jours avec au moins une vitesse horaire du vent > 20 km/h,3,21.19,4832
-80.38333333333334,43.45,WATERLOO WELLINGTON A,6149387,4832.98.4,NORM,Y,C,98,1,2012-10-19 20:14:22,,ON,1981,2010,,1981,,2002,20,14318,,1,90.39,Days with at least one hourly wind speed GT 20 kmh,Jours avec au moins une vitesse horaire du vent > 20 km/h,4,20.6,4832
-80.38333333333334,43.45,WATERLOO WELLINGTON A,6149387,4832.98.5,NORM,Y,C,98,1,2012-10-19 20:14:22,,ON,1981,2010,,1981,,2002,20,14833,,1,90.62,Days with at least one hourly wind speed GT 20 kmh,Jours avec au moins une vitesse horaire du vent > 20 km/h,5,17.95,4832
-80.38333333333334,43.45,WATERLOO WELLINGTON A,6149387,4832.98.6,NORM,Y,C,98,1,2012-10-19 20:14:22,,ON,1981,2010,,1981,,2002,22,15734,,0,99.33,Days with at least one hourly wind speed GT 20 kmh,Jours avec au moins une vitesse horaire du vent > 20 km/h,6,14.55,4832
-80.38333333333334,43.45,WATERLOO WELLINGTON A,6149387,4832.98.7,NORM,Y,C,98,1,2012-10-19 20:14:22,,ON,1981,2010,,1981,,2002,22,16186,,0,98.89,Days with at least one hourly wind speed GT 20 kmh,Jours avec au moins une vitesse horaire du vent > 20 km/h,7,13.55,4832
-80.38333333333334,43.45,WATERLOO WELLINGTON A,6149387,4832.98.8,NORM,Y,C,98,1,2012-10-19 20:14:22,,ON,1981,2010,,1981,,2002,21,15505,,1,94.73,Days with at least one hourly wind speed GT 20 kmh,Jours avec au moins une vitesse horaire du vent > 20 km/h,8,11.52,4832
-80.38333333333334,43.45,WATERLOO WELLINGTON A,6149387,4832.98.9,NORM,Y,C,98,1,2012-10-19 20:14:22,,ON,1981,2010,,1981,,2001,20,14203,,1,89.67,Days with at least one hourly wind speed GT 20 kmh,Jours avec au moins une vitesse horaire du vent > 20 km/h,9,13.6,4832
-80.38333333333334,43.45,WATERLOO WELLINGTON A,6149387,4832.98.10,NORM,Y,C,98,1,2012-10-19 20:14:22,,ON,1981,2010,,1981,,2001,20,14850,,1,90.73,Days with at least one hourly wind speed GT 20 kmh,Jours avec au moins une vitesse horaire du vent > 20 km/h,10,17.15,4832
-80.38333333333334,43.45,WATERLOO WELLINGTON A,6149387,4832.98.11,NORM,Y,C,98,1,2012-10-19 20:14:22,,ON,1981,2010,,1981,,2001,21,15014,,0,99.3,Days with at least one hourly wind speed GT 20 kmh,Jours avec au moins une vitesse horaire du vent > 20 km/h,11,19.67,4832
-80.38333333333334,43.45,WATERLOO WELLINGTON A,6149387,4832.98.12,NORM,Y,C,98,1,2012-10-19 20:14:22,,ON,1981,2010,,1981,,2001,20,14756,,1,94.44,Days with at least one hourly wind speed GT 20 kmh,Jours avec au moins une vitesse horaire du vent > 20 km/h,12,21.5,4832
-80.38333333333334,43.45,WATERLOO WELLINGTON A,6149387,4832.98.13,NORM,Y,C,98,1,2012-10-19 20:14:22,,ON,1981,2010,,1981,,2002,22,179890,,2,94,Days with at least one hourly wind speed GT 20 kmh,Jours avec au moins une vitesse horaire du vent > 20 km/h,13,211.84,4832
-80.38333333333334,43.45,WATERLOO WELLINGTON A,6149387,4832.99.1,NORM,Y,C,99,1,2012-10-19 20:14:22,,ON,1981,2010,,1981,,2002,21,15515,,1,94.79,Days with at least one hourly wind speed GT 30 kmh,Jours avec au moins une vitesse horaire du vent > 30 km/h,1,9.81,4832
-80.38333333333334,43.45,WATERLOO WELLINGTON A,6149387,4832.99.2,NORM,Y,C,99,1,2012-10-19 20:14:22,,ON,1981,2010,,1981,,2002,20,13447,,2,90.22,Days with at least one hourly wind speed GT 30 kmh,Jours avec au moins une vitesse horaire du vent > 30 km/h,2,8.2,4832
-80.38333333333334,43.45,WATERLOO WELLINGTON A,6149387,4832.99.3,NORM,Y,C,99,1,2012-10-19 20:14:22,,ON,1981,2010,,1981,,2002,21,15529,,1,94.87,Days with at least one hourly wind speed GT 30 kmh,Jours avec au moins une vitesse horaire du vent > 30 km/h,3,9.33,4832
-80.38333333333334,43.45,WATERLOO WELLINGTON A,6149387,4832.99.4,NORM,Y,C,99,1,2012-10-19 20:14:22,,ON,1981,2010,,1981,,2002,20,14318,,1,90.39,Days with at least one hourly wind speed GT 30 kmh,Jours avec au moins une vitesse horaire du vent > 30 km/h,4,8.35,4832
-80.38333333333334,43.45,WATERLOO WELLINGTON A,6149387,4832.99.5,NORM,Y,C,99,1,2012-10-19 20:14:22,,ON,1981,2010,,1981,,2002,20,14833,,1,90.62,Days with at least one hourly wind speed GT 30 kmh,Jours avec au moins une vitesse horaire du vent > 30 km/h,5,5.75,4832
-80.38333333333334,43.45,WATERLOO WELLINGTON A,6149387,4832.99.6,NORM,Y,C,99,1,2012-10-19 20:14:22,,ON,1981,2010,,1981,,2002,22,15734,,0,99.33,Days with at least one hourly wind speed GT 30 kmh,Jours avec au moins une vitesse horaire du vent > 30 km/h,6,3.27,4832
-80.38333333333334,43.45,WATERLOO WELLINGTON A,6149387,4832.99.7,NORM,Y,C,99,1,2012-10-19 20:14:22,,ON,1981,2010,,1981,,2002,22,16186,,0,98.89,Days with at least one hourly wind speed GT 30 kmh,Jours avec au moins une vitesse horaire du vent > 30 km/h,7,2.18,4832
-80.38333333333334,43.45,WATERLOO WELLINGTON A,6149387,4832.99.8,NORM,Y,C,99,1,2012-10-19 20:14:22,,ON,1981,2010,,1981,,2002,21,15505,,1,94.73,Days with at least one hourly wind speed GT 30 kmh,Jours avec au moins une vitesse horaire du vent > 30 km/h,8,1.52,4832
-80.38333333333334,43.45,WATERLOO WELLINGTON A,6149387,4832.99.9,NORM,Y,C,99,1,2012-10-19 20:14:22,,ON,1981,2010,,1981,,2001,20,14203,,1,89.67,Days with at least one hourly wind speed GT 30 kmh,Jours avec au moins une vitesse horaire du vent > 30 km/h,9,2.75,4832
-80.38333333333334,43.45,WATERLOO WELLINGTON A,6149387,4832.99.10,NORM,Y,C,99,1,2012-10-19 20:14:22,,ON,1981,2010,,1981,,2001,20,14850,,1,90.73,Days with at least one hourly wind speed GT 30 kmh,Jours avec au moins une vitesse horaire du vent > 30 km/h,10,5.3,4832
-80.38333333333334,43.45,WATERLOO WELLINGTON A,6149387,4832.99.11,NORM,Y,C,99,1,2012-10-19 20:14:22,,ON,1981,2010,,1981,,2001,21,15014,,0,99.3,Days with at least one hourly wind speed GT 30 kmh,Jours avec au moins une vitesse horaire du vent > 30 km/h,11,7.24,4832
-80.38333333333334,43.45,WATERLOO WELLINGTON A,6149387,4832.99.12,NORM,Y,C,99,1,2012-10-19 20:14:22,,ON,1981,2010,,1981,,2001,20,14756,,1,94.44,Days with at least one hourly wind speed GT 30 kmh,Jours avec au moins une vitesse horaire du vent > 30 km/h,12,8.85,4832
-80.38333333333334,43.45,WATERLOO WELLINGTON A,6149387,4832.99.13,NORM,Y,C,99,1,2012-10-19 20:14:22,,ON,1981,2010,,1981,,2002,22,179890,,2,94,Days with at least one hourly wind speed GT 30 kmh,Jours avec au moins une vitesse horaire du vent > 30 km/h,13,72.55,4832
