x,y,STATION_NAME,CLIMATE_IDENTIFIER,ID,LOCAL_DATE,PROVINCE_CODE,LOCAL_YEAR,LOCAL_MONTH,LOCAL_DAY,MEAN_TEMPERATURE,MEAN_TEMPERATURE_FLAG,MIN_TEMPERATURE,MIN_TEMPERATURE_FLAG,MAX_TEMPERATURE,MAX_TEMPERATURE_FLAG,TOTAL_PRECIPITATION,TOTAL_PRECIPITATION_FLAG,TOTAL_RAIN,TOTAL_RAIN_FLAG,TOTAL_SNOW,TOTAL_SNOW_FLAG,SNOW_ON_GROUND,SNOW_ON_GROUND_FLAG,DIRECTION_MAX_GUST,DIRECTION_MAX_GUST_FLAG,SPEED_MAX_GUST,SPEED_MAX_GUST_FLAG,COOLING_DEGREE_DAYS,COOLING_DEGREE_DAYS_FLAG,HEATING_DEGREE_DAYS,HEATING_DEGREE_DAYS_FLAG,MIN_REL_HUMIDITY,MIN_REL_HUMIDITY_FLAG,STN_ID
-80.38333333333334,43.45,WATERLOO WELLINGTON 2,6149389,6149389.2023.11.17,2023-11-17 00:00:00,ON,2023,11,17,,,,,,,,,,,,,,,,,,,,,,,,,42424
-80.38333333333334,43.45,WATERLOO WELLINGTON 2,6149389,6149389.2023.11.18,2023-11-18 00:00:00,ON,2023,11,18,,,,,,,,,,,,,,,,,,,,,,,,,42424
-80.38333333333334,43.45,WATERLOO WELLINGTON 2,6149389,6149389.2023.11.19,2023-11-19 00:00:00,ON,2023,11,19,,,,,,,,,,,,,,,,,,,,,,,,,42424
-80.38333333333334,43.45,WATERLOO WELLINGTON 2,6149389,6149389.2023.11.20,2023-11-20 00:00:00,ON,2023,11,20,,,,,,,,,,,,,,,,,,,,,,,,,42424
-80.38333333333334,43.45,WATERLOO WELLINGTON 2,6149389,6149389.2023.11.21,2023-11-21 00:00:00,ON,2023,11,21,,,,,,,,,,,,,,,,,,,,,,,,,42424
-80.38333333333334,43.45,WATERLOO WELLINGTON 2,6149389,6149389.2023.11.22,2023-11-22 00:00:00,ON,2023,11,22,,,,,,,,,,,,,,,,,,,,,,,,,42424
-80.38333333333334,43.45,WATERLOO WELLINGTON 2,6149389,6149389.2023.11.23,2023-11-23 00:00:00,ON,2023,11,23,,,,,,,,,,,,,,,,,,,,,,,,,42424
-80.38333333333334,43.45,WATERLOO WELLINGTON 2,6149389,6149389.2023.11.24,2023-11-24 00:00:00,ON,2023,11,24,,,,,,,,,,,,,,,,,,,,,,,,,42424
-80.38333333333334,43.45,WATERLOO WELLINGTON 2,6149389,6149389.2023.11.25,2023-11-25 00:00:00,ON,2023,11,25,,,,,,,,,,,,,,,,,,,,,,,,,42424
-80.38333333333334,43.45,WATERLOO WELLINGTON 2,6149389,6149389.2023.11.26,2023-11-26 00:00:00,ON,2023,11,26,,,,,,,,,,,,,,,,,,,,,,,,,42424
-80.38333333333334,43.45,WATERLOO WELLINGTON 2,6149389,6149389.2023.11.27,2023-11-27 00:00:00,ON,2023,11,27,,,,,,,,,,,,,,,,,,,,,,,,,42424
-80.38333333333334,43.45,WATERLOO WELLINGTON 2,6149389,6149389.2023.11.28,2023-11-28 00:00:00,ON,2023,11,28,,,,,,,,,,,,,,,,,,,,,,,,,42424
-80.38333333333334,43.45,WATERLOO WELLINGTON 2,6149389,6149389.2023.11.29,2023-11-29 00:00:00,ON,2023,11,29,,,,,,,,,,,,,,,,,,,,,,,,,42424
-80.38333333333334,43.45,WATERLOO WELLINGTON 2,6149389,6149389.2023.11.30,2023-11-30 00:00:00,ON,2023,11,30,,,,,,,,,,,,,,,,,,,,,,,,,42424
-80.38333333333334,43.45,WATERLOO WELLINGTON 2,6149389,6149389.2023.12.1,2023-12-01 00:00:00,ON,2023,12,1,,,,,,,,,,,,,,,,,,,,,,,,,42424
-80.38333333333334,43.45,WATERLOO WELLINGTON 2,6149389,6149389.2023.12.2,2023-12-02 00:00:00,ON,2023,12,2,,,,,,,,,,,,,,,,,,,,,,,,,42424
-80.38333333333334,43.45,WATERLOO WELLINGTON 2,6149389,6149389.2023.12.3,2023-12-03 00:00:00,ON,2023,12,3,,,,,,,,,,,,,,,,,,,,,,,,,42424
-80.38333333333334,43.45,WATERLOO WELLINGTON 2,6149389,6149389.2023.12.4,2023-12-04 00:00:00,ON,2023,12,4,,,,,,,,,,,,,,,,,,,,,,,,,42424
-80.38333333333334,43.45,WATERLOO WELLINGTON 2,6149389,6149389.2023.12.5,2023-12-05 00:00:00,ON,2023,12,5,,,,,,,,,,,,,,,,,,,,,,,,,42424
-80.38333333333334,43.45,WATERLOO WELLINGTON 2,6149389,6149389.2023.12.6,2023-12-06 00:00:00,ON,2023,12,6,,,,,,,,,,,,,,,,,,,,,,,,,42424
-80.38333333333334,43.45,WATERLOO WELLINGTON 2,6149389,6149389.2023.12.7,2023-12-07 00:00:00,ON,2023,12,7,,,,,,,,,,,,,,,,,,,,,,,,,42424
-80.38333333333334,43.45,WATERLOO WELLINGTON 2,6149389,6149389.2023.12.8,2023-12-08 00:00:00,ON,2023,12,8,,,,,,,,,,,,,,,,,,,,,,,,,42424
-80.38333333333334,43.45,WATERLOO WELLINGTON 2,6149389,6149389.2023.12.9,2023-12-09 00:00:00,ON,2023,12,9,,,,,,,,,,,,,,,,,,,,,,,,,42424
-80.38333333333334,43.45,WATERLOO WELLINGTON 2,6149389,6149389.2023.12.10,2023-12-10 00:00:00,ON,2023,12,10,,,,,,,,,,,,,,,,,,,,,,,,,42424
-80.38333333333334,43.45,WATERLOO WELLINGTON 2,6149389,6149389.2023.12.11,2023-12-11 00:00:00,ON,2023,12,11,,,,,,,,,,,,,,,,,,,,,,,,,42424
-80.38333333333334,43.45,WATERLOO WELLINGTON 2,6149389,6149389.2023.12.12,2023-12-12 00:00:00,ON,2023,12,12,,,,,,,,,,,,,,,,,,,,,,,,,42424
-80.38333333333334,43.45,WATERLOO WELLINGTON 2,6149389,6149389.2023.12.13,2023-12-13 00:00:00,ON,2023,12,13,,,,,,,,,,,,,,,,,,,,,,,,,42424
-80.38333333333334,43.45,WATERLOO WELLINGTON 2,6149389,6149389.2023.12.14,2023-12-14 00:00:00,ON,2023,12,14,,,,,,,,,,,,,,,,,,,,,,,,,42424
-80.38333333333334,43.45,WATERLOO WELLINGTON 2,6149389,6149389.2023.12.15,2023-12-15 00:00:00,ON,2023,12,15,,,,,,,,,,,,,,,,,,,,,,,,,42424
-80.38333333333334,43.45,WATERLOO WELLINGTON 2,6149389,6149389.2023.12.16,2023-12-16 00:00:00,ON,2023,12,16,,,,,,,,,,,,,,,,,,,,,,,,,42424
-80.38333333333334,43.45,WATERLOO WELLINGTON 2,6149389,6149389.2023.12.17,2023-12-17 00:00:00,ON,2023,12,17,,,,,,,,,,,,,,,,,,,,,,,,,42424
-80.38333333333334,43.45,WATERLOO WELLINGTON 2,6149389,6149389.2023.12.18,2023-12-18 00:00:00,ON,2023,12,18,,,,,,,,,,,,,,,,,,,,,,,,,42424
-80.38333333333334,43.45,WATERLOO WELLINGTON 2,6149389,6149389.2023.12.19,2023-12-19 00:00:00,ON,2023,12,19,,,,,,,,,,,,,,,,,,,,,,,,,42424
-80.38333333333334,43.45,WATERLOO WELLINGTON 2,6149389,6149389.2023.12.20,2023-12-20 00:00:00,ON,2023,12,20,,,,,,,,,,,,,,,,,,,,,,,,,42424
-80.38333333333334,43.45,WATERLOO WELLINGTON 2,6149389,6149389.2023.12.21,2023-12-21 00:00:00,ON,2023,12,21,,,,,,,,,,,,,,,,,,,,,,,,,42424
-80.38333333333334,43.45,WATERLOO WELLINGTON 2,6149389,6149389.2023.12.22,2023-12-22 00:00:00,ON,2023,12,22,,,,,,,,,,,,,,,,,,,,,,,,,42424
-80.38333333333334,43.45,WATERLOO WELLINGTON 2,6149389,6149389.2023.12.23,2023-12-23 00:00:00,ON,2023,12,23,,,,,,,,,,,,,,,,,,,,,,,,,42424
-80.38333333333334,43.45,WATERLOO WELLINGTON 2,6149389,6149389.2023.12.24,2023-12-24 00:00:00,ON,2023,12,24,,,,,,,,,,,,,,,,,,,,,,,,,42424
-80.38333333333334,43.45,WATERLOO WELLINGTON 2,6149389,6149389.2023.12.25,2023-12-25 00:00:00,ON,2023,12,25,,,,,,,,,,,,,,,,,,,,,,,,,42424
-80.38333333333334,43.45,WATERLOO WELLINGTON 2,6149389,6149389.2023.12.26,2023-12-26 00:00:00,ON,2023,12,26,,,,,,,,,,,,,,,,,,,,,,,,,42424
-80.38333333333334,43.45,WATERLOO WELLINGTON 2,6149389,6149389.2023.12.27,2023-12-27 00:00:00,ON,2023,12,27,,,,,,,,,,,,,,,,,,,,,,,,,42424
-80.38333333333334,43.45,WATERLOO WELLINGTON 2,6149389,6149389.2023.12.28,2023-12-28 00:00:00,ON,2023,12,28,,,,,,,,,,,,,,,,,,,,,,,,,42424
-80.38333333333334,43.45,WATERLOO WELLINGTON 2,6149389,6149389.2023.12.29,2023-12-29 00:00:00,ON,2023,12,29,,,,,,,,,,,,,,,,,,,,,,,,,42424
-80.38333333333334,43.45,WATERLOO WELLINGTON 2,6149389,6149389.2023.12.30,2023-12-30 00:00:00,ON,2023,12,30,,,,,,,,,,,,,,,,,,,,,,,,,42424
-80.38333333333334,43.45,WATERLOO WELLINGTON 2,6149389,6149389.2023.12.31,2023-12-31 00:00:00,ON,2023,12,31,,,,,,,,,,,,,,,,,,,,,,,,,42424
-80.38333333333334,43.45,WATERLOO WELLINGTON 2,6149389,6149389.2024.1.1,2024-01-01 00:00:00,ON,2024,1,1,,,,,,,,,,,,,,,,,,,,,,,,,42424
-80.38333333333334,43.45,WATERLOO WELLINGTON 2,6149389,6149389.2024.1.2,2024-01-02 00:00:00,ON,2024,1,2,,,,,,,,,,,,,,,,,,,,,,,,,42424
-80.38333333333334,43.45,WATERLOO WELLINGTON 2,6149389,6149389.2024.1.3,2024-01-03 00:00:00,ON,2024,1,3,,,,,,,,,,,,,,,,,,,,,,,,,42424
-80.38333333333334,43.45,WATERLOO WELLINGTON 2,6149389,6149389.2024.1.4,2024-01-04 00:00:00,ON,2024,1,4,,,,,,,,,,,,,,,,,,,,,,,,,42424
-80.38333333333334,43.45,WATERLOO WELLINGTON 2,6149389,6149389.2024.1.5,2024-01-05 00:00:00,ON,2024,1,5,,,,,,,,,,,,,,,,,,,,,,,,,42424
-80.38333333333334,43.45,WATERLOO WELLINGTON 2,6149389,6149389.2024.1.6,2024-01-06 00:00:00,ON,2024,1,6,,,,,,,,,,,,,,,,,,,,,,,,,42424
-80.38333333333334,43.45,WATERLOO WELLINGTON 2,6149389,6149389.2024.1.7,2024-01-07 00:00:00,ON,2024,1,7,,,,,,,,,,,,,,,,,,,,,,,,,42424
-80.38333333333334,43.45,WATERLOO WELLINGTON 2,6149389,6149389.2024.1.8,2024-01-08 00:00:00,ON,2024,1,8,,,,,,,,,,,,,,,,,,,,,,,,,42424
-80.38333333333334,43.45,WATERLOO WELLINGTON 2,6149389,6149389.2024.1.9,2024-01-09 00:00:00,ON,2024,1,9,,,,,,,,,,,,,,,,,,,,,,,,,42424
-80.38333333333334,43.45,WATERLOO WELLINGTON 2,6149389,6149389.2024.1.10,2024-01-10 00:00:00,ON,2024,1,10,,,,,,,,,,,,,,,,,,,,,,,,,42424
-80.38333333333334,43.45,WATERLOO WELLINGTON 2,6149389,6149389.2024.1.11,2024-01-11 00:00:00,ON,2024,1,11,,,,,,,,,,,,,,,,,,,,,,,,,42424
-80.38333333333334,43.45,WATERLOO WELLINGTON 2,6149389,6149389.2024.1.12,2024-01-12 00:00:00,ON,2024,1,12,,,,,,,,,,,,,,,,,,,,,,,,,42424
-80.38333333333334,43.45,WATERLOO WELLINGTON 2,6149389,6149389.2024.1.13,2024-01-13 00:00:00,ON,2024,1,13,,,,,,,,,,,,,,,,,,,,,,,,,42424
-80.38333333333334,43.45,WATERLOO WELLINGTON 2,6149389,6149389.2024.1.14,2024-01-14 00:00:00,ON,2024,1,14,,,,,,,,,,,,,,,,,,,,,,,,,42424
-80.38333333333334,43.45,WATERLOO WELLINGTON 2,6149389,6149389.2024.1.15,2024-01-15 00:00:00,ON,2024,1,15,,,,,,,,,,,,,,,,,,,,,,,,,42424
-80.38333333333334,43.45,WATERLOO WELLINGTON 2,6149389,6149389.2024.1.16,2024-01-16 00:00:00,ON,2024,1,16,,,,,,,,,,,,,,,,,,,,,,,,,42424
-80.38333333333334,43.45,WATERLOO WELLINGTON 2,6149389,6149389.2024.1.17,2024-01-17 00:00:00,ON,2024,1,17,,,,,,,,,,,,,,,,,,,,,,,,,42424
-80.38333333333334,43.45,WATERLOO WELLINGTON 2,6149389,6149389.2024.1.18,2024-01-18 00:00:00,ON,2024,1,18,,,,,,,,,,,,,,,,,,,,,,,,,42424
-80.38333333333334,43.45,WATERLOO WELLINGTON 2,6149389,6149389.2024.1.19,2024-01-19 00:00:00,ON,2024,1,19,,,,,,,,,,,,,,,,,,,,,,,,,42424
-80.38333333333334,43.45,WATERLOO WELLINGTON 2,6149389,6149389.2024.1.20,2024-01-20 00:00:00,ON,2024,1,20,,,,,,,,,,,,,,,,,,,,,,,,,42424
-80.38333333333334,43.45,WATERLOO WELLINGTON 2,6149389,6149389.2024.1.21,2024-01-21 00:00:00,ON,2024,1,21,,,,,,,,,,,,,,,,,,,,,,,,,42424
-80.38333333333334,43.45,WATERLOO WELLINGTON 2,6149389,6149389.2024.1.22,2024-01-22 00:00:00,ON,2024,1,22,,,,,,,,,,,,,,,,,,,,,,,,,42424
-80.38333333333334,43.45,WATERLOO WELLINGTON 2,6149389,6149389.2024.1.23,2024-01-23 00:00:00,ON,2024,1,23,,,,,,,,,,,,,,,,,,,,,,,,,42424
-80.38333333333334,43.45,WATERLOO WELLINGTON 2,6149389,6149389.2024.1.24,2024-01-24 00:00:00,ON,2024,1,24,,,,,,,,,,,,,,,,,,,,,,,,,42424
-80.38333333333334,43.45,WATERLOO WELLINGTON 2,6149389,6149389.2024.1.25,2024-01-25 00:00:00,ON,2024,1,25,,,,,,,,,,,,,,,,,,,,,,,,,42424
-80.38333333333334,43.45,WATERLOO WELLINGTON 2,6149389,6149389.2024.1.26,2024-01-26 00:00:00,ON,2024,1,26,,,,,,,,,,,,,,,,,,,,,,,,,42424
-80.38333333333334,43.45,WATERLOO WELLINGTON 2,6149389,6149389.2024.1.27,2024-01-27 00:00:00,ON,2024,1,27,,,,,,,,,,,,,,,,,,,,,,,,,42424
-80.38333333333334,43.45,WATERLOO WELLINGTON 2,6149389,6149389.2024.1.28,2024-01-28 00:00:00,ON,2024,1,28,,,,,,,,,,,,,,,,,,,,,,,,,42424
-80.38333333333334,43.45,WATERLOO WELLINGTON 2,6149389,6149389.2024.1.29,2024-01-29 00:00:00,ON,2024,1,29,,,,,,,,,,,,,,,,,,,,,,,,,42424
-80.38333333333334,43.45,WATERLOO WELLINGTON 2,6149389,6149389.2024.1.30,2024-01-30 00:00:00,ON,2024,1,30,,,,,,,,,,,,,,,,,,,,,,,,,42424
-80.38333333333334,43.45,WATERLOO WELLINGTON 2,6149389,6149389.2024.1.31,2024-01-31 00:00:00,ON,2024,1,31,,,,,,,,,,,,,,,,,,,,,,,,,42424
-80.38333333333334,43.45,WATERLOO WELLINGTON 2,6149389,6149389.2024.2.1,2024-02-01 00:00:00,ON,2024,2,1,,,,,,,,,,,,,,,,,,,,,,,,,42424
-80.38333333333334,43.45,WATERLOO WELLINGTON 2,6149389,6149389.2024.2.2,2024-02-02 00:00:00,ON,2024,2,2,,,,,,,,,,,,,,,,,,,,,,,,,42424
-80.38333333333334,43.45,WATERLOO WELLINGTON 2,6149389,6149389.2024.2.3,2024-02-03 00:00:00,ON,2024,2,3,,,,,,,,,,,,,,,,,,,,,,,,,42424
-80.38333333333334,43.45,WATERLOO WELLINGTON 2,6149389,6149389.2024.2.4,2024-02-04 00:00:00,ON,2024,2,4,,,,,,,,,,,,,,,,,,,,,,,,,42424
-80.38333333333334,43.45,WATERLOO WELLINGTON 2,6149389,6149389.2024.2.5,2024-02-05 00:00:00,ON,2024,2,5,,,,,,,,,,,,,,,,,,,,,,,,,42424
-80.38333333333334,43.45,WATERLOO WELLINGTON 2,6149389,6149389.2024.2.6,2024-02-06 00:00:00,ON,2024,2,6,,,,,,,,,,,,,,,,,,,,,,,,,42424
-80.38333333333334,43.45,WATERLOO WELLINGTON 2,6149389,6149389.2024.2.7,2024-02-07 00:00:00,ON,2024,2,7,,,,,,,,,,,,,,,,,,,,,,,,,42424
-80.38333333333334,43.45,WATERLOO WELLINGTON 2,6149389,6149389.2024.2.8,2024-02-08 00:00:00,ON,2024,2,8,,,,,,,,,,,,,,,,,,,,,,,,,42424
-80.38333333333334,43.45,WATERLOO WELLINGTON 2,6149389,6149389.2024.2.9,2024-02-09 00:00:00,ON,2024,2,9,,,,,,,,,,,,,,,,,,,,,,,,,42424
-80.38333333333334,43.45,WATERLOO WELLINGTON 2,6149389,6149389.2024.2.10,2024-02-10 00:00:00,ON,2024,2,10,,,,,,,,,,,,,,,,,,,,,,,,,42424
-80.38333333333334,43.45,WATERLOO WELLINGTON 2,6149389,6149389.2024.2.11,2024-02-11 00:00:00,ON,2024,2,11,,,,,,,,,,,,,,,,,,,,,,,,,42424
-80.38333333333334,43.45,WATERLOO WELLINGTON 2,6149389,6149389.2024.2.12,2024-02-12 00:00:00,ON,2024,2,12,,,,,,,,,,,,,,,,,,,,,,,,,42424
-80.38333333333334,43.45,WATERLOO WELLINGTON 2,6149389,6149389.2024.2.13,2024-02-13 00:00:00,ON,2024,2,13,,,,,,,,,,,,,,,,,,,,,,,,,42424
-80.38333333333334,43.45,WATERLOO WELLINGTON 2,6149389,6149389.2024.2.14,2024-02-14 00:00:00,ON,2024,2,14,,,,,,,,,,,,,,,,,,,,,,,,,42424
-80.38333333333334,43.45,WATERLOO WELLINGTON 2,6149389,6149389.2024.2.15,2024-02-15 00:00:00,ON,2024,2,15,,,,,,,,,,,,,,,,,,,,,,,,,42424
-80.38333333333334,43.45,WATERLOO WELLINGTON 2,6149389,6149389.2024.2.16,2024-02-16 00:00:00,ON,2024,2,16,,,,,,,,,,,,,,,,,,,,,,,,,42424
-80.38333333333334,43.45,WATERLOO WELLINGTON 2,6149389,6149389.2024.2.17,2024-02-17 00:00:00,ON,2024,2,17,,,,,,,,,,,,,,,,,,,,,,,,,42424
-80.38333333333334,43.45,WATERLOO WELLINGTON 2,6149389,6149389.2024.2.18,2024-02-18 00:00:00,ON,2024,2,18,,,,,,,,,,,,,,,,,,,,,,,,,42424
-80.38333333333334,43.45,WATERLOO WELLINGTON 2,6149389,6149389.2024.2.19,2024-02-19 00:00:00,ON,2024,2,19,,,,,,,,,,,,,,,,,,,,,,,,,42424
-80.38333333333334,43.45,WATERLOO WELLINGTON 2,6149389,6149389.2024.2.20,2024-02-20 00:00:00,ON,2024,2,20,,,,,,,,,,,,,,,,,,,,,,,,,42424
-80.38333333333334,43.45,WATERLOO WELLINGTON 2,6149389,6149389.2024.2.21,2024-02-21 00:00:00,ON,2024,2,21,,,,,,,,,,,,,,,,,,,,,,,,,42424
-80.38333333333334,43.45,WATERLOO WELLINGTON 2,6149389,6149389.2024.2.22,2024-02-22 00:00:00,ON,2024,2,22,,,,,,,,,,,,,,,,,,,,,,,,,42424
-80.38333333333334,43.45,WATERLOO WELLINGTON 2,6149389,6149389.2024.2.23,2024-02-23 00:00:00,ON,2024,2,23,,,,,,,,,,,,,,,,,,,,,,,,,42424
-80.38333333333334,43.45,WATERLOO WELLINGTON 2,6149389,6149389.2024.2.24,2024-02-24 00:00:00,ON,2024,2,24,,,,,,,,,,,,,,,,,,,,,,,,,42424
-80.38333333333334,43.45,WATERLOO WELLINGTON 2,6149389,6149389.2024.2.25,2024-02-25 00:00:00,ON,2024,2,25,,,,,,,,,,,,,,,,,,,,,,,,,42424
-80.38333333333334,43.45,WATERLOO WELLINGTON 2,6149389,6149389.2024.2.26,2024-02-26 00:00:00,ON,2024,2,26,,,,,,,,,,,,,,,,,,,,,,,,,42424
-80.38333333333334,43.45,WATERLOO WELLINGTON 2,6149389,6149389.2024.2.27,2024-02-27 00:00:00,ON,2024,2,27,,,,,,,,,,,,,,,,,,,,,,,,,42424
-80.38333333333334,43.45,WATERLOO WELLINGTON 2,6149389,6149389.2024.2.28,2024-02-28 00:00:00,ON,2024,2,28,,,,,,,,,,,,,,,,,,,,,,,,,42424
-80.38333333333334,43.45,WATERLOO WELLINGTON 2,6149389,6149389.2024.2.29,2024-02-29 00:00:00,ON,2024,2,29,,,,,,,,,,,,,,,,,,,,,,,,,42424
-80.38333333333334,43.45,WATERLOO WELLINGTON 2,6149389,6149389.2024.3.1,2024-03-01 00:00:00,ON,2024,3,1,,,,,,,,,,,,,,,,,,,,,,,,,42424
-80.38333333333334,43.45,WATERLOO WELLINGTON 2,6149389,6149389.2024.3.2,2024-03-02 00:00:00,ON,2024,3,2,,,,,,,,,,,,,,,,,,,,,,,,,42424
-80.38333333333334,43.45,WATERLOO WELLINGTON 2,6149389,6149389.2024.3.3,2024-03-03 00:00:00,ON,2024,3,3,,,,,,,,,,,,,,,,,,,,,,,,,42424
-80.38333333333334,43.45,WATERLOO WELLINGTON 2,6149389,6149389.2024.3.4,2024-03-04 00:00:00,ON,2024,3,4,,,,,,,,,,,,,,,,,,,,,,,,,42424
-80.38333333333334,43.45,WATERLOO WELLINGTON 2,6149389,6149389.2024.3.5,2024-03-05 00:00:00,ON,2024,3,5,,,,,,,,,,,,,,,,,,,,,,,,,42424
-80.38333333333334,43.45,WATERLOO WELLINGTON 2,6149389,6149389.2024.3.6,2024-03-06 00:00:00,ON,2024,3,6,,,,,,,,,,,,,,,,,,,,,,,,,42424
-80.38333333333334,43.45,WATERLOO WELLINGTON 2,6149389,6149389.2024.3.7,2024-03-07 00:00:00,ON,2024,3,7,,,,,,,,,,,,,,,,,,,,,,,,,42424
-80.38333333333334,43.45,WATERLOO WELLINGTON 2,6149389,6149389.2024.3.8,2024-03-08 00:00:00,ON,2024,3,8,,,,,,,,,,,,,,,,,,,,,,,,,42424
-80.38333333333334,43.45,WATERLOO WELLINGTON 2,6149389,6149389.2024.3.9,2024-03-09 00:00:00,ON,2024,3,9,,,,,,,,,,,,,,,,,,,,,,,,,42424
-80.38333333333334,43.45,WATERLOO WELLINGTON 2,6149389,6149389.2024.3.10,2024-03-10 00:00:00,ON,2024,3,10,,,,,,,,,,,,,,,,,,,,,,,,,42424
-80.38333333333334,43.45,WATERLOO WELLINGTON 2,6149389,6149389.2024.3.11,2024-03-11 00:00:00,ON,2024,3,11,,,,,,,,,,,,,,,,,,,,,,,,,42424
-80.38333333333334,43.45,WATERLOO WELLINGTON 2,6149389,6149389.2024.3.12,2024-03-12 00:00:00,ON,2024,3,12,,,,,,,,,,,,,,,,,,,,,,,,,42424
-80.38333333333334,43.45,WATERLOO WELLINGTON 2,6149389,6149389.2024.3.13,2024-03-13 00:00:00,ON,2024,3,13,,,,,,,,,,,,,,,,,,,,,,,,,42424
-80.38333333333334,43.45,WATERLOO WELLINGTON 2,6149389,6149389.2024.3.14,2024-03-14 00:00:00,ON,2024,3,14,,,,,,,,,,,,,,,,,,,,,,,,,42424
-80.38333333333334,43.45,WATERLOO WELLINGTON 2,6149389,6149389.2024.3.15,2024-03-15 00:00:00,ON,2024,3,15,,,,,,,,,,,,,,,,,,,,,,,,,42424
-80.38333333333334,43.45,WATERLOO WELLINGTON 2,6149389,6149389.2024.3.16,2024-03-16 00:00:00,ON,2024,3,16,,,,,,,,,,,,,,,,,,,,,,,,,42424
-80.38333333333334,43.45,WATERLOO WELLINGTON 2,6149389,6149389.2024.3.17,2024-03-17 00:00:00,ON,2024,3,17,,,,,,,,,,,,,,,,,,,,,,,,,42424
-80.38333333333334,43.45,WATERLOO WELLINGTON 2,6149389,6149389.2024.3.18,2024-03-18 00:00:00,ON,2024,3,18,,,,,,,,,,,,,,,,,,,,,,,,,42424
-80.38333333333334,43.45,WATERLOO WELLINGTON 2,6149389,6149389.2024.3.19,2024-03-19 00:00:00,ON,2024,3,19,,,,,,,,,,,,,,,,,,,,,,,,,42424
-80.38333333333334,43.45,WATERLOO WELLINGTON 2,6149389,6149389.2024.3.20,2024-03-20 00:00:00,ON,2024,3,20,,,,,,,,,,,,,,,,,,,,,,,,,42424
-80.38333333333334,43.45,WATERLOO WELLINGTON 2,6149389,6149389.2024.3.21,2024-03-21 00:00:00,ON,2024,3,21,,,,,,,,,,,,,,,,,,,,,,,,,42424
-80.38333333333334,43.45,WATERLOO WELLINGTON 2,6149389,6149389.2024.3.22,2024-03-22 00:00:00,ON,2024,3,22,,,,,,,,,,,,,,,,,,,,,,,,,42424
-80.38333333333334,43.45,WATERLOO WELLINGTON 2,6149389,6149389.2024.3.23,2024-03-23 00:00:00,ON,2024,3,23,,,,,,,,,,,,,,,,,,,,,,,,,42424
-80.38333333333334,43.45,WATERLOO WELLINGTON 2,6149389,6149389.2024.3.24,2024-03-24 00:00:00,ON,2024,3,24,,,,,,,,,,,,,,,,,,,,,,,,,42424
-80.38333333333334,43.45,WATERLOO WELLINGTON 2,6149389,6149389.2024.3.25,2024-03-25 00:00:00,ON,2024,3,25,,,,,,,,,,,,,,,,,,,,,,,,,42424
-80.38333333333334,43.45,WATERLOO WELLINGTON 2,6149389,6149389.2024.3.26,2024-03-26 00:00:00,ON,2024,3,26,,,,,,,,,,,,,,,,,,,,,,,,,42424
-80.38333333333334,43.45,WATERLOO WELLINGTON 2,6149389,6149389.2024.3.27,2024-03-27 00:00:00,ON,2024,3,27,,,,,,,,,,,,,,,,,,,,,,,,,42424
-80.38333333333334,43.45,WATERLOO WELLINGTON 2,6149389,6149389.2024.3.28,2024-03-28 00:00:00,ON,2024,3,28,,,,,,,,,,,,,,,,,,,,,,,,,42424
-80.38333333333334,43.45,WATERLOO WELLINGTON 2,6149389,6149389.2024.3.29,2024-03-29 00:00:00,ON,2024,3,29,,,,,,,,,,,,,,,,,,,,,,,,,42424
-80.38333333333334,43.45,WATERLOO WELLINGTON 2,6149389,6149389.2024.3.30,2024-03-30 00:00:00,ON,2024,3,30,,,,,,,,,,,,,,,,,,,,,,,,,42424
-80.38333333333334,43.45,WATERLOO WELLINGTON 2,6149389,6149389.2024.3.31,2024-03-31 00:00:00,ON,2024,3,31,,,,,,,,,,,,,,,,,,,,,,,,,42424
-80.38333333333334,43.45,WATERLOO WELLINGTON 2,6149389,6149389.2024.4.1,2024-04-01 00:00:00,ON,2024,4,1,,,,,,,,,,,,,,,,,,,,,,,,,42424
-80.38333333333334,43.45,WATERLOO WELLINGTON 2,6149389,6149389.2024.4.2,2024-04-02 00:00:00,ON,2024,4,2,,,,,,,,,,,,,,,,,,,,,,,,,42424
-80.38333333333334,43.45,WATERLOO WELLINGTON 2,6149389,6149389.2024.4.3,2024-04-03 00:00:00,ON,2024,4,3,,,,,,,,,,,,,,,,,,,,,,,,,42424
-80.38333333333334,43.45,WATERLOO WELLINGTON 2,6149389,6149389.2024.4.4,2024-04-04 00:00:00,ON,2024,4,4,,,,,,,,,,,,,,,,,,,,,,,,,42424
-80.38333333333334,43.45,WATERLOO WELLINGTON 2,6149389,6149389.2024.4.5,2024-04-05 00:00:00,ON,2024,4,5,,,,,,,,,,,,,,,,,,,,,,,,,42424
-80.38333333333334,43.45,WATERLOO WELLINGTON 2,6149389,6149389.2024.4.6,2024-04-06 00:00:00,ON,2024,4,6,,,,,,,,,,,,,,,,,,,,,,,,,42424
-80.38333333333334,43.45,WATERLOO WELLINGTON 2,6149389,6149389.2024.4.7,2024-04-07 00:00:00,ON,2024,4,7,,,,,,,,,,,,,,,,,,,,,,,,,42424
-80.38333333333334,43.45,WATERLOO WELLINGTON 2,6149389,6149389.2024.4.8,2024-04-08 00:00:00,ON,2024,4,8,,,,,,,,,,,,,,,,,,,,,,,,,42424
-80.38333333333334,43.45,WATERLOO WELLINGTON 2,6149389,6149389.2024.4.9,2024-04-09 00:00:00,ON,2024,4,9,,,,,,,,,,,,,,,,,,,,,,,,,42424
-80.38333333333334,43.45,WATERLOO WELLINGTON 2,6149389,6149389.2024.4.10,2024-04-10 00:00:00,ON,2024,4,10,,,,,,,,,,,,,,,,,,,,,,,,,42424
-80.38333333333334,43.45,WATERLOO WELLINGTON 2,6149389,6149389.2024.4.11,2024-04-11 00:00:00,ON,2024,4,11,,,,,,,,,,,,,,,,,,,,,,,,,42424
-80.38333333333334,43.45,WATERLOO WELLINGTON 2,6149389,6149389.2024.4.12,2024-04-12 00:00:00,ON,2024,4,12,,,,,,,,,,,,,,,,,,,,,,,,,42424
-80.38333333333334,43.45,WATERLOO WELLINGTON 2,6149389,6149389.2024.4.13,2024-04-13 00:00:00,ON,2024,4,13,,,,,,,,,,,,,,,,,,,,,,,,,42424
-80.38333333333334,43.45,WATERLOO WELLINGTON 2,6149389,6149389.2024.4.14,2024-04-14 00:00:00,ON,2024,4,14,,,,,,,,,,,,,,,,,,,,,,,,,42424
-80.38333333333334,43.45,WATERLOO WELLINGTON 2,6149389,6149389.2024.4.15,2024-04-15 00:00:00,ON,2024,4,15,,,,,,,,,,,,,,,,,,,,,,,,,42424
-80.38333333333334,43.45,WATERLOO WELLINGTON 2,6149389,6149389.2024.4.16,2024-04-16 00:00:00,ON,2024,4,16,,,,,,,,,,,,,,,,,,,,,,,,,42424
-80.38333333333334,43.45,WATERLOO WELLINGTON 2,6149389,6149389.2024.4.17,2024-04-17 00:00:00,ON,2024,4,17,,,,,,,,,,,,,,,,,,,,,,,,,42424
-80.38333333333334,43.45,WATERLOO WELLINGTON 2,6149389,6149389.2024.4.18,2024-04-18 00:00:00,ON,2024,4,18,,,,,,,,,,,,,,,,,,,,,,,,,42424
-80.38333333333334,43.45,WATERLOO WELLINGTON 2,6149389,6149389.2024.4.19,2024-04-19 00:00:00,ON,2024,4,19,,,,,,,,,,,,,,,,,,,,,,,,,42424
-80.38333333333334,43.45,WATERLOO WELLINGTON 2,6149389,6149389.2024.4.20,2024-04-20 00:00:00,ON,2024,4,20,,,,,,,,,,,,,,,,,,,,,,,,,42424
-80.38333333333334,43.45,WATERLOO WELLINGTON 2,6149389,6149389.2024.4.21,2024-04-21 00:00:00,ON,2024,4,21,,,,,,,,,,,,,,,,,,,,,,,,,42424
-80.38333333333334,43.45,WATERLOO WELLINGTON 2,6149389,6149389.2024.4.22,2024-04-22 00:00:00,ON,2024,4,22,,,,,,,,,,,,,,,,,,,,,,,,,42424
-80.38333333333334,43.45,WATERLOO WELLINGTON 2,6149389,6149389.2024.4.23,2024-04-23 00:00:00,ON,2024,4,23,,,,,,,,,,,,,,,,,,,,,,,,,42424
-80.38333333333334,43.45,WATERLOO WELLINGTON 2,6149389,6149389.2024.4.24,2024-04-24 00:00:00,ON,2024,4,24,,,,,,,,,,,,,,,,,,,,,,,,,42424
-80.38333333333334,43.45,WATERLOO WELLINGTON 2,6149389,6149389.2024.4.25,2024-04-25 00:00:00,ON,2024,4,25,,,,,,,,,,,,,,,,,,,,,,,,,42424
-80.38333333333334,43.45,WATERLOO WELLINGTON 2,6149389,6149389.2024.4.26,2024-04-26 00:00:00,ON,2024,4,26,,,,,,,,,,,,,,,,,,,,,,,,,42424
-80.38333333333334,43.45,WATERLOO WELLINGTON 2,6149389,6149389.2024.4.27,2024-04-27 00:00:00,ON,2024,4,27,,,,,,,,,,,,,,,,,,,,,,,,,42424
-80.38333333333334,43.45,WATERLOO WELLINGTON 2,6149389,6149389.2024.4.28,2024-04-28 00:00:00,ON,2024,4,28,,,,,,,,,,,,,,,,,,,,,,,,,42424
-80.38333333333334,43.45,WATERLOO WELLINGTON 2,6149389,6149389.2024.4.29,2024-04-29 00:00:00,ON,2024,4,29,,,,,,,,,,,,,,,,,,,,,,,,,42424
-80.38333333333334,43.45,WATERLOO WELLINGTON 2,6149389,6149389.2024.4.30,2024-04-30 00:00:00,ON,2024,4,30,,,,,,,,,,,,,,,,,,,,,,,,,42424
-80.38333333333334,43.45,WATERLOO WELLINGTON 2,6149389,6149389.2024.5.1,2024-05-01 00:00:00,ON,2024,5,1,,,,,,,,,,,,,,,,,,,,,,,,,42424
-80.38333333333334,43.45,WATERLOO WELLINGTON 2,6149389,6149389.2024.5.2,2024-05-02 00:00:00,ON,2024,5,2,,,,,,,,,,,,,,,,,,,,,,,,,42424
-80.38333333333334,43.45,WATERLOO WELLINGTON 2,6149389,6149389.2024.5.3,2024-05-03 00:00:00,ON,2024,5,3,,,,,,,,,,,,,,,,,,,,,,,,,42424
-80.38333333333334,43.45,WATERLOO WELLINGTON 2,6149389,6149389.2024.5.4,2024-05-04 00:00:00,ON,2024,5,4,,,,,,,,,,,,,,,,,,,,,,,,,42424
-80.38333333333334,43.45,WATERLOO WELLINGTON 2,6149389,6149389.2024.5.5,2024-05-05 00:00:00,ON,2024,5,5,,,,,,,,,,,,,,,,,,,,,,,,,42424
-80.38333333333334,43.45,WATERLOO WELLINGTON 2,6149389,6149389.2024.5.6,2024-05-06 00:00:00,ON,2024,5,6,,,,,,,,,,,,,,,,,,,,,,,,,42424
-80.38333333333334,43.45,WATERLOO WELLINGTON 2,6149389,6149389.2024.5.7,2024-05-07 00:00:00,ON,2024,5,7,,,,,,,,,,,,,,,,,,,,,,,,,42424
-80.38333333333334,43.45,WATERLOO WELLINGTON 2,6149389,6149389.2024.5.8,2024-05-08 00:00:00,ON,2024,5,8,,,,,,,,,,,,,,,,,,,,,,,,,42424
-80.38333333333334,43.45,WATERLOO WELLINGTON 2,6149389,6149389.2024.5.9,2024-05-09 00:00:00,ON,2024,5,9,,,,,,,,,,,,,,,,,,,,,,,,,42424
-80.38333333333334,43.45,WATERLOO WELLINGTON 2,6149389,6149389.2024.5.10,2024-05-10 00:00:00,ON,2024,5,10,,,,,,,,,,,,,,,,,,,,,,,,,42424
-80.38333333333334,43.45,WATERLOO WELLINGTON 2,6149389,6149389.2024.5.11,2024-05-11 00:00:00,ON,2024,5,11,,,,,,,,,,,,,,,,,,,,,,,,,42424
-80.38333333333334,43.45,WATERLOO WELLINGTON 2,6149389,6149389.2024.5.12,2024-05-12 00:00:00,ON,2024,5,12,,,,,,,,,,,,,,,,,,,,,,,,,42424
-80.38333333333334,43.45,WATERLOO WELLINGTON 2,6149389,6149389.2024.5.13,2024-05-13 00:00:00,ON,2024,5,13,,,,,,,,,,,,,,,,,,,,,,,,,42424
-80.38333333333334,43.45,WATERLOO WELLINGTON 2,6149389,6149389.2024.5.14,2024-05-14 00:00:00,ON,2024,5,14,,,,,,,,,,,,,,,,,,,,,,,,,42424
-80.38333333333334,43.45,WATERLOO WELLINGTON 2,6149389,6149389.2024.5.15,2024-05-15 00:00:00,ON,2024,5,15,,,,,,,,,,,,,,,,,,,,,,,,,42424
-80.38333333333334,43.45,WATERLOO WELLINGTON 2,6149389,6149389.2024.5.16,2024-05-16 00:00:00,ON,2024,5,16,,,,,,,,,,,,,,,,,,,,,,,,,42424
-80.38333333333334,43.45,WATERLOO WELLINGTON 2,6149389,6149389.2024.5.17,2024-05-17 00:00:00,ON,2024,5,17,,,,,,,,,,,,,,,,,,,,,,,,,42424
-80.38333333333334,43.45,WATERLOO WELLINGTON 2,6149389,6149389.2024.5.18,2024-05-18 00:00:00,ON,2024,5,18,,,,,,,,,,,,,,,,,,,,,,,,,42424
-80.38333333333334,43.45,WATERLOO WELLINGTON 2,6149389,6149389.2024.5.19,2024-05-19 00:00:00,ON,2024,5,19,,,,,,,,,,,,,,,,,,,,,,,,,42424
-80.38333333333334,43.45,WATERLOO WELLINGTON 2,6149389,6149389.2024.5.20,2024-05-20 00:00:00,ON,2024,5,20,,,,,,,,,,,,,,,,,,,,,,,,,42424
-80.38333333333334,43.45,WATERLOO WELLINGTON 2,6149389,6149389.2024.5.21,2024-05-21 00:00:00,ON,2024,5,21,,,,,,,,,,,,,,,,,,,,,,,,,42424
-80.38333333333334,43.45,WATERLOO WELLINGTON 2,6149389,6149389.2024.5.22,2024-05-22 00:00:00,ON,2024,5,22,,,,,,,,,,,,,,,,,,,,,,,,,42424
-80.38333333333334,43.45,WATERLOO WELLINGTON 2,6149389,6149389.2024.5.23,2024-05-23 00:00:00,ON,2024,5,23,,,,,,,,,,,,,,,,,,,,,,,,,42424
-80.38333333333334,43.45,WATERLOO WELLINGTON 2,6149389,6149389.2024.5.24,2024-05-24 00:00:00,ON,2024,5,24,,,,,,,,,,,,,,,,,,,,,,,,,42424
-80.38333333333334,43.45,WATERLOO WELLINGTON 2,6149389,6149389.2024.5.25,2024-05-25 00:00:00,ON,2024,5,25,,,,,,,,,,,,,,,,,,,,,,,,,42424
-80.38333333333334,43.45,WATERLOO WELLINGTON 2,6149389,6149389.2024.5.26,2024-05-26 00:00:00,ON,2024,5,26,,,,,,,,,,,,,,,,,,,,,,,,,42424
-80.38333333333334,43.45,WATERLOO WELLINGTON 2,6149389,6149389.2024.5.27,2024-05-27 00:00:00,ON,2024,5,27,,,,,,,,,,,,,,,,,,,,,,,,,42424
-80.38333333333334,43.45,WATERLOO WELLINGTON 2,6149389,6149389.2024.5.28,2024-05-28 00:00:00,ON,2024,5,28,,,,,,,,,,,,,,,,,,,,,,,,,42424
-80.38333333333334,43.45,WATERLOO WELLINGTON 2,6149389,6149389.2024.5.29,2024-05-29 00:00:00,ON,2024,5,29,,,,,,,,,,,,,,,,,,,,,,,,,42424
-80.38333333333334,43.45,WATERLOO WELLINGTON 2,6149389,6149389.2024.5.30,2024-05-30 00:00:00,ON,2024,5,30,,,,,,,,,,,,,,,,,,,,,,,,,42424
-80.38333333333334,43.45,WATERLOO WELLINGTON 2,6149389,6149389.2024.5.31,2024-05-31 00:00:00,ON,2024,5,31,,,,,,,,,,,,,,,,,,,,,,,,,42424
-80.38333333333334,43.45,WATERLOO WELLINGTON 2,6149389,6149389.2024.6.1,2024-06-01 00:00:00,ON,2024,6,1,,,,,,,,,,,,,,,,,,,,,,,,,42424
-80.38333333333334,43.45,WATERLOO WELLINGTON 2,6149389,6149389.2024.6.2,2024-06-02 00:00:00,ON,2024,6,2,,,,,,,,,,,,,,,,,,,,,,,,,42424
-80.38333333333334,43.45,WATERLOO WELLINGTON 2,6149389,6149389.2024.6.3,2024-06-03 00:00:00,ON,2024,6,3,,,,,,,,,,,,,,,,,,,,,,,,,42424
-80.38333333333334,43.45,WATERLOO WELLINGTON 2,6149389,6149389.2024.6.4,2024-06-04 00:00:00,ON,2024,6,4,,,,,,,,,,,,,,,,,,,,,,,,,42424
-80.38333333333334,43.45,WATERLOO WELLINGTON 2,6149389,6149389.2024.6.5,2024-06-05 00:00:00,ON,2024,6,5,,,,,,,,,,,,,,,,,,,,,,,,,42424
-80.38333333333334,43.45,WATERLOO WELLINGTON 2,6149389,6149389.2024.6.6,2024-06-06 00:00:00,ON,2024,6,6,,,,,,,,,,,,,,,,,,,,,,,,,42424
-80.38333333333334,43.45,WATERLOO WELLINGTON 2,6149389,6149389.2024.6.7,2024-06-07 00:00:00,ON,2024,6,7,,,,,,,,,,,,,,,,,,,,,,,,,42424
-80.38333333333334,43.45,WATERLOO WELLINGTON 2,6149389,6149389.2024.6.8,2024-06-08 00:00:00,ON,2024,6,8,,,,,,,,,,,,,,,,,,,,,,,,,42424
-80.38333333333334,43.45,WATERLOO WELLINGTON 2,6149389,6149389.2024.6.9,2024-06-09 00:00:00,ON,2024,6,9,,,,,,,,,,,,,,,,,,,,,,,,,42424
-80.38333333333334,43.45,WATERLOO WELLINGTON 2,6149389,6149389.2024.6.10,2024-06-10 00:00:00,ON,2024,6,10,,,,,,,,,,,,,,,,,,,,,,,,,42424
-80.38333333333334,43.45,WATERLOO WELLINGTON 2,6149389,6149389.2024.6.11,2024-06-11 00:00:00,ON,2024,6,11,,,,,,,,,,,,,,,,,,,,,,,,,42424
-80.38333333333334,43.45,WATERLOO WELLINGTON 2,6149389,6149389.2024.6.12,2024-06-12 00:00:00,ON,2024,6,12,,,,,,,,,,,,,,,,,,,,,,,,,42424
-80.38333333333334,43.45,WATERLOO WELLINGTON 2,6149389,6149389.2024.6.13,2024-06-13 00:00:00,ON,2024,6,13,,,,,,,,,,,,,,,,,,,,,,,,,42424
-80.38333333333334,43.45,WATERLOO WELLINGTON 2,6149389,6149389.2024.6.14,2024-06-14 00:00:00,ON,2024,6,14,,,,,,,,,,,,,,,,,,,,,,,,,42424
-80.38333333333334,43.45,WATERLOO WELLINGTON 2,6149389,6149389.2024.6.15,2024-06-15 00:00:00,ON,2024,6,15,,,,,,,,,,,,,,,,,,,,,,,,,42424
-80.38333333333334,43.45,WATERLOO WELLINGTON 2,6149389,6149389.2024.6.16,2024-06-16 00:00:00,ON,2024,6,16,,,,,,,,,,,,,,,,,,,,,,,,,42424
-80.38333333333334,43.45,WATERLOO WELLINGTON 2,6149389,6149389.2024.6.17,2024-06-17 00:00:00,ON,2024,6,17,,,,,,,,,,,,,,,,,,,,,,,,,42424
-80.38333333333334,43.45,WATERLOO WELLINGTON 2,6149389,6149389.2024.6.18,2024-06-18 00:00:00,ON,2024,6,18,,,,,,,,,,,,,,,,,,,,,,,,,42424
-80.38333333333334,43.45,WATERLOO WELLINGTON 2,6149389,6149389.2024.6.19,2024-06-19 00:00:00,ON,2024,6,19,,,,,,,,,,,,,,,,,,,,,,,,,42424
-80.38333333333334,43.45,WATERLOO WELLINGTON 2,6149389,6149389.2024.6.20,2024-06-20 00:00:00,ON,2024,6,20,,,,,,,,,,,,,,,,,,,,,,,,,42424
-80.38333333333334,43.45,WATERLOO WELLINGTON 2,6149389,6149389.2024.6.21,2024-06-21 00:00:00,ON,2024,6,21,,,,,,,,,,,,,,,,,,,,,,,,,42424
-80.38333333333334,43.45,WATERLOO WELLINGTON 2,6149389,6149389.2024.6.22,2024-06-22 00:00:00,ON,2024,6,22,,,,,,,,,,,,,,,,,,,,,,,,,42424
-80.38333333333334,43.45,WATERLOO WELLINGTON 2,6149389,6149389.2024.6.23,2024-06-23 00:00:00,ON,2024,6,23,,,,,,,,,,,,,,,,,,,,,,,,,42424
-80.38333333333334,43.45,WATERLOO WELLINGTON 2,6149389,6149389.2024.6.24,2024-06-24 00:00:00,ON,2024,6,24,,,,,,,,,,,,,,,,,,,,,,,,,42424
-80.38333333333334,43.45,WATERLOO WELLINGTON 2,6149389,6149389.2024.6.25,2024-06-25 00:00:00,ON,2024,6,25,,,,,,,,,,,,,,,,,,,,,,,,,42424
-80.38333333333334,43.45,WATERLOO WELLINGTON 2,6149389,6149389.2024.6.26,2024-06-26 00:00:00,ON,2024,6,26,,,,,,,,,,,,,,,,,,,,,,,,,42424
-80.38333333333334,43.45,WATERLOO WELLINGTON 2,6149389,6149389.2024.6.27,2024-06-27 00:00:00,ON,2024,6,27,,,,,,,,,,,,,,,,,,,,,,,,,42424
-80.38333333333334,43.45,WATERLOO WELLINGTON 2,6149389,6149389.2024.6.28,2024-06-28 00:00:00,ON,2024,6,28,,,,,,,,,,,,,,,,,,,,,,,,,42424
-80.38333333333334,43.45,WATERLOO WELLINGTON 2,6149389,6149389.2024.6.29,2024-06-29 00:00:00,ON,2024,6,29,,,,,,,,,,,,,,,,,,,,,,,,,42424
-80.38333333333334,43.45,WATERLOO WELLINGTON 2,6149389,6149389.2024.6.30,2024-06-30 00:00:00,ON,2024,6,30,,,,,,,,,,,,,,,,,,,,,,,,,42424
-80.38333333333334,43.45,WATERLOO WELLINGTON 2,6149389,6149389.2024.7.1,2024-07-01 00:00:00,ON,2024,7,1,,,,,,,,,,,,,,,,,,,,,,,,,42424
-80.38333333333334,43.45,WATERLOO WELLINGTON 2,6149389,6149389.2024.7.2,2024-07-02 00:00:00,ON,2024,7,2,,,,,,,,,,,,,,,,,,,,,,,,,42424
-80.38333333333334,43.45,WATERLOO WELLINGTON 2,6149389,6149389.2024.7.3,2024-07-03 00:00:00,ON,2024,7,3,,,,,,,,,,,,,,,,,,,,,,,,,42424
-80.38333333333334,43.45,WATERLOO WELLINGTON 2,6149389,6149389.2024.7.4,2024-07-04 00:00:00,ON,2024,7,4,,,,,,,,,,,,,,,,,,,,,,,,,42424
-80.38333333333334,43.45,WATERLOO WELLINGTON 2,6149389,6149389.2024.7.5,2024-07-05 00:00:00,ON,2024,7,5,,,,,,,,,,,,,,,,,,,,,,,,,42424
-80.38333333333334,43.45,WATERLOO WELLINGTON 2,6149389,6149389.2024.7.6,2024-07-06 00:00:00,ON,2024,7,6,,,,,,,,,,,,,,,,,,,,,,,,,42424
-80.38333333333334,43.45,WATERLOO WELLINGTON 2,6149389,6149389.2024.7.7,2024-07-07 00:00:00,ON,2024,7,7,,,,,,,,,,,,,,,,,,,,,,,,,42424
-80.38333333333334,43.45,WATERLOO WELLINGTON 2,6149389,6149389.2024.7.8,2024-07-08 00:00:00,ON,2024,7,8,,,,,,,,,,,,,,,,,,,,,,,,,42424
-80.38333333333334,43.45,WATERLOO WELLINGTON 2,6149389,6149389.2024.7.9,2024-07-09 00:00:00,ON,2024,7,9,,,,,,,,,,,,,,,,,,,,,,,,,42424
-80.38333333333334,43.45,WATERLOO WELLINGTON 2,6149389,6149389.2024.7.10,2024-07-10 00:00:00,ON,2024,7,10,,,,,,,,,,,,,,,,,,,,,,,,,42424
-80.38333333333334,43.45,WATERLOO WELLINGTON 2,6149389,6149389.2024.7.11,2024-07-11 00:00:00,ON,2024,7,11,,,,,,,,,,,,,,,,,,,,,,,,,42424
-80.38333333333334,43.45,WATERLOO WELLINGTON 2,6149389,6149389.2024.7.12,2024-07-12 00:00:00,ON,2024,7,12,,,,,,,,,,,,,,,,,,,,,,,,,42424
-80.38333333333334,43.45,WATERLOO WELLINGTON 2,6149389,6149389.2024.7.13,2024-07-13 00:00:00,ON,2024,7,13,,,,,,,,,,,,,,,,,,,,,,,,,42424
-80.38333333333334,43.45,WATERLOO WELLINGTON 2,6149389,6149389.2024.7.14,2024-07-14 00:00:00,ON,2024,7,14,,,,,,,,,,,,,,,,,,,,,,,,,42424
-80.38333333333334,43.45,WATERLOO WELLINGTON 2,6149389,6149389.2024.7.15,2024-07-15 00:00:00,ON,2024,7,15,,,,,,,,,,,,,,,,,,,,,,,,,42424
-80.38333333333334,43.45,WATERLOO WELLINGTON 2,6149389,6149389.2024.7.16,2024-07-16 00:00:00,ON,2024,7,16,,,,,,,,,,,,,,,,,,,,,,,,,42424
-80.38333333333334,43.45,WATERLOO WELLINGTON 2,6149389,6149389.2024.7.17,2024-07-17 00:00:00,ON,2024,7,17,,,,,,,,,,,,,,,,,,,,,,,,,42424
-80.38333333333334,43.45,WATERLOO WELLINGTON 2,6149389,6149389.2024.7.18,2024-07-18 00:00:00,ON,2024,7,18,,,,,,,,,,,,,,,,,,,,,,,,,42424
-80.38333333333334,43.45,WATERLOO WELLINGTON 2,6149389,6149389.2024.7.19,2024-07-19 00:00:00,ON,2024,7,19,,,,,,,,,,,,,,,,,,,,,,,,,42424
-80.38333333333334,43.45,WATERLOO WELLINGTON 2,6149389,6149389.2024.7.20,2024-07-20 00:00:00,ON,2024,7,20,,,,,,,,,,,,,,,,,,,,,,,,,42424
-80.38333333333334,43.45,WATERLOO WELLINGTON 2,6149389,6149389.2024.7.21,2024-07-21 00:00:00,ON,2024,7,21,,,,,,,,,,,,,,,,,,,,,,,,,42424
-80.38333333333334,43.45,WATERLOO WELLINGTON 2,6149389,6149389.2024.7.22,2024-07-22 00:00:00,ON,2024,7,22,,,,,,,,,,,,,,,,,,,,,,,,,42424
-80.38333333333334,43.45,WATERLOO WELLINGTON 2,6149389,6149389.2024.7.23,2024-07-23 00:00:00,ON,2024,7,23,,,,,,,,,,,,,,,,,,,,,,,,,42424
-80.38333333333334,43.45,WATERLOO WELLINGTON 2,6149389,6149389.2024.7.24,2024-07-24 00:00:00,ON,2024,7,24,,,,,,,,,,,,,,,,,,,,,,,,,42424
-80.38333333333334,43.45,WATERLOO WELLINGTON 2,6149389,6149389.2024.7.25,2024-07-25 00:00:00,ON,2024,7,25,,,,,,,,,,,,,,,,,,,,,,,,,42424
-80.38333333333334,43.45,WATERLOO WELLINGTON 2,6149389,6149389.2024.7.26,2024-07-26 00:00:00,ON,2024,7,26,,,,,,,,,,,,,,,,,,,,,,,,,42424
-80.38333333333334,43.45,WATERLOO WELLINGTON 2,6149389,6149389.2024.7.27,2024-07-27 00:00:00,ON,2024,7,27,,,,,,,,,,,,,,,,,,,,,,,,,42424
-80.38333333333334,43.45,WATERLOO WELLINGTON 2,6149389,6149389.2024.7.28,2024-07-28 00:00:00,ON,2024,7,28,,,,,,,,,,,,,,,,,,,,,,,,,42424
-80.38333333333334,43.45,WATERLOO WELLINGTON 2,6149389,6149389.2024.7.29,2024-07-29 00:00:00,ON,2024,7,29,,,,,,,,,,,,,,,,,,,,,,,,,42424
-80.38333333333334,43.45,WATERLOO WELLINGTON 2,6149389,6149389.2024.7.30,2024-07-30 00:00:00,ON,2024,7,30,,,,,,,,,,,,,,,,,,,,,,,,,42424
-80.38333333333334,43.45,WATERLOO WELLINGTON 2,6149389,6149389.2024.7.31,2024-07-31 00:00:00,ON,2024,7,31,,,,,,,,,,,,,,,,,,,,,,,,,42424
-80.38333333333334,43.45,WATERLOO WELLINGTON 2,6149389,6149389.2024.8.1,2024-08-01 00:00:00,ON,2024,8,1,,,,,,,,,,,,,,,,,,,,,,,,,42424
-80.38333333333334,43.45,WATERLOO WELLINGTON 2,6149389,6149389.2024.8.2,2024-08-02 00:00:00,ON,2024,8,2,,,,,,,,,,,,,,,,,,,,,,,,,42424
-80.38333333333334,43.45,WATERLOO WELLINGTON 2,6149389,6149389.2024.8.3,2024-08-03 00:00:00,ON,2024,8,3,,,,,,,,,,,,,,,,,,,,,,,,,42424
-80.38333333333334,43.45,WATERLOO WELLINGTON 2,6149389,6149389.2024.8.4,2024-08-04 00:00:00,ON,2024,8,4,,,,,,,,,,,,,,,,,,,,,,,,,42424
-80.38333333333334,43.45,WATERLOO WELLINGTON 2,6149389,6149389.2024.8.5,2024-08-05 00:00:00,ON,2024,8,5,,,,,,,,,,,,,,,,,,,,,,,,,42424
-80.38333333333334,43.45,WATERLOO WELLINGTON 2,6149389,6149389.2024.8.6,2024-08-06 00:00:00,ON,2024,8,6,,,,,,,,,,,,,,,,,,,,,,,,,42424
-80.38333333333334,43.45,WATERLOO WELLINGTON 2,6149389,6149389.2024.8.7,2024-08-07 00:00:00,ON,2024,8,7,,,,,,,,,,,,,,,,,,,,,,,,,42424
-80.38333333333334,43.45,WATERLOO WELLINGTON 2,6149389,6149389.2024.8.8,2024-08-08 00:00:00,ON,2024,8,8,,,,,,,,,,,,,,,,,,,,,,,,,42424
-80.38333333333334,43.45,WATERLOO WELLINGTON 2,6149389,6149389.2024.8.9,2024-08-09 00:00:00,ON,2024,8,9,,,,,,,,,,,,,,,,,,,,,,,,,42424
-80.38333333333334,43.45,WATERLOO WELLINGTON 2,6149389,6149389.2024.8.10,2024-08-10 00:00:00,ON,2024,8,10,,,,,,,,,,,,,,,,,,,,,,,,,42424
-80.38333333333334,43.45,WATERLOO WELLINGTON 2,6149389,6149389.2024.8.11,2024-08-11 00:00:00,ON,2024,8,11,,,,,,,,,,,,,,,,,,,,,,,,,42424
-80.38333333333334,43.45,WATERLOO WELLINGTON 2,6149389,6149389.2024.8.12,2024-08-12 00:00:00,ON,2024,8,12,,,,,,,,,,,,,,,,,,,,,,,,,42424
-80.38333333333334,43.45,WATERLOO WELLINGTON 2,6149389,6149389.2024.8.13,2024-08-13 00:00:00,ON,2024,8,13,,,,,,,,,,,,,,,,,,,,,,,,,42424
-80.38333333333334,43.45,WATERLOO WELLINGTON 2,6149389,6149389.2024.8.14,2024-08-14 00:00:00,ON,2024,8,14,,,,,,,,,,,,,,,,,,,,,,,,,42424
-80.38333333333334,43.45,WATERLOO WELLINGTON 2,6149389,6149389.2024.8.15,2024-08-15 00:00:00,ON,2024,8,15,,,,,,,,,,,,,,,,,,,,,,,,,42424
-80.38333333333334,43.45,WATERLOO WELLINGTON 2,6149389,6149389.2024.8.16,2024-08-16 00:00:00,ON,2024,8,16,,,,,,,,,,,,,,,,,,,,,,,,,42424
-80.38333333333334,43.45,WATERLOO WELLINGTON 2,6149389,6149389.2024.8.17,2024-08-17 00:00:00,ON,2024,8,17,,,,,,,,,,,,,,,,,,,,,,,,,42424
-80.38333333333334,43.45,WATERLOO WELLINGTON 2,6149389,6149389.2024.8.18,2024-08-18 00:00:00,ON,2024,8,18,,,,,,,,,,,,,,,,,,,,,,,,,42424
-80.38333333333334,43.45,WATERLOO WELLINGTON 2,6149389,6149389.2024.8.19,2024-08-19 00:00:00,ON,2024,8,19,,,,,,,,,,,,,,,,,,,,,,,,,42424
-80.38333333333334,43.45,WATERLOO WELLINGTON 2,6149389,6149389.2024.8.20,2024-08-20 00:00:00,ON,2024,8,20,,,,,,,,,,,,,,,,,,,,,,,,,42424
-80.38333333333334,43.45,WATERLOO WELLINGTON 2,6149389,6149389.2024.8.21,2024-08-21 00:00:00,ON,2024,8,21,,,,,,,,,,,,,,,,,,,,,,,,,42424
-80.38333333333334,43.45,WATERLOO WELLINGTON 2,6149389,6149389.2024.8.22,2024-08-22 00:00:00,ON,2024,8,22,,,,,,,,,,,,,,,,,,,,,,,,,42424
-80.38333333333334,43.45,WATERLOO WELLINGTON 2,6149389,6149389.2024.8.23,2024-08-23 00:00:00,ON,2024,8,23,,,,,,,,,,,,,,,,,,,,,,,,,42424
-80.38333333333334,43.45,WATERLOO WELLINGTON 2,6149389,6149389.2024.8.24,2024-08-24 00:00:00,ON,2024,8,24,,,,,,,,,,,,,,,,,,,,,,,,,42424
-80.38333333333334,43.45,WATERLOO WELLINGTON 2,6149389,6149389.2024.8.25,2024-08-25 00:00:00,ON,2024,8,25,,,,,,,,,,,,,,,,,,,,,,,,,42424
-80.38333333333334,43.45,WATERLOO WELLINGTON 2,6149389,6149389.2024.8.26,2024-08-26 00:00:00,ON,2024,8,26,,,,,,,,,,,,,,,,,,,,,,,,,42424
-80.38333333333334,43.45,WATERLOO WELLINGTON 2,6149389,6149389.2024.8.27,2024-08-27 00:00:00,ON,2024,8,27,,,,,,,,,,,,,,,,,,,,,,,,,42424
-80.38333333333334,43.45,WATERLOO WELLINGTON 2,6149389,6149389.2024.8.28,2024-08-28 00:00:00,ON,2024,8,28,,,,,,,,,,,,,,,,,,,,,,,,,42424
-80.38333333333334,43.45,WATERLOO WELLINGTON 2,6149389,6149389.2024.8.29,2024-08-29 00:00:00,ON,2024,8,29,,,,,,,,,,,,,,,,,,,,,,,,,42424
-80.38333333333334,43.45,WATERLOO WELLINGTON 2,6149389,6149389.2024.8.30,2024-08-30 00:00:00,ON,2024,8,30,,,,,,,,,,,,,,,,,,,,,,,,,42424
-80.38333333333334,43.45,WATERLOO WELLINGTON 2,6149389,6149389.2024.8.31,2024-08-31 00:00:00,ON,2024,8,31,,,,,,,,,,,,,,,,,,,,,,,,,42424
-80.38333333333334,43.45,WATERLOO WELLINGTON 2,6149389,6149389.2024.9.1,2024-09-01 00:00:00,ON,2024,9,1,,,,,,,,,,,,,,,,,,,,,,,,,42424
-80.38333333333334,43.45,WATERLOO WELLINGTON 2,6149389,6149389.2024.9.2,2024-09-02 00:00:00,ON,2024,9,2,,,,,,,,,,,,,,,,,,,,,,,,,42424
-80.38333333333334,43.45,WATERLOO WELLINGTON 2,6149389,6149389.2024.9.3,2024-09-03 00:00:00,ON,2024,9,3,,,,,,,,,,,,,,,,,,,,,,,,,42424
-80.38333333333334,43.45,WATERLOO WELLINGTON 2,6149389,6149389.2024.9.4,2024-09-04 00:00:00,ON,2024,9,4,,,,,,,,,,,,,,,,,,,,,,,,,42424
-80.38333333333334,43.45,WATERLOO WELLINGTON 2,6149389,6149389.2024.9.5,2024-09-05 00:00:00,ON,2024,9,5,,,,,,,,,,,,,,,,,,,,,,,,,42424
-80.38333333333334,43.45,WATERLOO WELLINGTON 2,6149389,6149389.2024.9.6,2024-09-06 00:00:00,ON,2024,9,6,,,,,,,,,,,,,,,,,,,,,,,,,42424
-80.38333333333334,43.45,WATERLOO WELLINGTON 2,6149389,6149389.2024.9.7,2024-09-07 00:00:00,ON,2024,9,7,,,,,,,,,,,,,,,,,,,,,,,,,42424
-80.38333333333334,43.45,WATERLOO WELLINGTON 2,6149389,6149389.2024.9.8,2024-09-08 00:00:00,ON,2024,9,8,,,,,,,,,,,,,,,,,,,,,,,,,42424
-80.38333333333334,43.45,WATERLOO WELLINGTON 2,6149389,6149389.2024.9.9,2024-09-09 00:00:00,ON,2024,9,9,,,,,,,,,,,,,,,,,,,,,,,,,42424
-80.38333333333334,43.45,WATERLOO WELLINGTON 2,6149389,6149389.2024.9.10,2024-09-10 00:00:00,ON,2024,9,10,,,,,,,,,,,,,,,,,,,,,,,,,42424
-80.38333333333334,43.45,WATERLOO WELLINGTON 2,6149389,6149389.2024.9.11,2024-09-11 00:00:00,ON,2024,9,11,,,,,,,,,,,,,,,,,,,,,,,,,42424
-80.38333333333334,43.45,WATERLOO WELLINGTON 2,6149389,6149389.2024.9.12,2024-09-12 00:00:00,ON,2024,9,12,,,,,,,,,,,,,,,,,,,,,,,,,42424
-80.38333333333334,43.45,WATERLOO WELLINGTON 2,6149389,6149389.2024.9.13,2024-09-13 00:00:00,ON,2024,9,13,,,,,,,,,,,,,,,,,,,,,,,,,42424
-80.38333333333334,43.45,WATERLOO WELLINGTON 2,6149389,6149389.2024.9.14,2024-09-14 00:00:00,ON,2024,9,14,,,,,,,,,,,,,,,,,,,,,,,,,42424
-80.38333333333334,43.45,WATERLOO WELLINGTON 2,6149389,6149389.2024.9.15,2024-09-15 00:00:00,ON,2024,9,15,,,,,,,,,,,,,,,,,,,,,,,,,42424
-80.38333333333334,43.45,WATERLOO WELLINGTON 2,6149389,6149389.2024.9.16,2024-09-16 00:00:00,ON,2024,9,16,,,,,,,,,,,,,,,,,,,,,,,,,42424
-80.38333333333334,43.45,WATERLOO WELLINGTON 2,6149389,6149389.2024.9.17,2024-09-17 00:00:00,ON,2024,9,17,,,,,,,,,,,,,,,,,,,,,,,,,42424
-80.38333333333334,43.45,WATERLOO WELLINGTON 2,6149389,6149389.2024.9.18,2024-09-18 00:00:00,ON,2024,9,18,,,,,,,,,,,,,,,,,,,,,,,,,42424
-80.38333333333334,43.45,WATERLOO WELLINGTON 2,6149389,6149389.2024.9.19,2024-09-19 00:00:00,ON,2024,9,19,,,,,,,,,,,,,,,,,,,,,,,,,42424
-80.38333333333334,43.45,WATERLOO WELLINGTON 2,6149389,6149389.2024.9.20,2024-09-20 00:00:00,ON,2024,9,20,,,,,,,,,,,,,,,,,,,,,,,,,42424
-80.38333333333334,43.45,WATERLOO WELLINGTON 2,6149389,6149389.2024.9.21,2024-09-21 00:00:00,ON,2024,9,21,,,,,,,,,,,,,,,,,,,,,,,,,42424
-80.38333333333334,43.45,WATERLOO WELLINGTON 2,6149389,6149389.2024.9.22,2024-09-22 00:00:00,ON,2024,9,22,,,,,,,,,,,,,,,,,,,,,,,,,42424
-80.38333333333334,43.45,WATERLOO WELLINGTON 2,6149389,6149389.2024.9.23,2024-09-23 00:00:00,ON,2024,9,23,,,,,,,,,,,,,,,,,,,,,,,,,42424
-80.38333333333334,43.45,WATERLOO WELLINGTON 2,6149389,6149389.2024.9.24,2024-09-24 00:00:00,ON,2024,9,24,,,,,,,,,,,,,,,,,,,,,,,,,42424
-80.38333333333334,43.45,WATERLOO WELLINGTON 2,6149389,6149389.2024.9.25,2024-09-25 00:00:00,ON,2024,9,25,,,,,,,,,,,,,,,,,,,,,,,,,42424
-80.38333333333334,43.45,WATERLOO WELLINGTON 2,6149389,6149389.2024.9.26,2024-09-26 00:00:00,ON,2024,9,26,,,,,,,,,,,,,,,,,,,,,,,,,42424
-80.38333333333334,43.45,WATERLOO WELLINGTON 2,6149389,6149389.2024.9.27,2024-09-27 00:00:00,ON,2024,9,27,,,,,,,,,,,,,,,,,,,,,,,,,42424
-80.38333333333334,43.45,WATERLOO WELLINGTON 2,6149389,6149389.2024.9.28,2024-09-28 00:00:00,ON,2024,9,28,,,,,,,,,,,,,,,,,,,,,,,,,42424
-80.38333333333334,43.45,WATERLOO WELLINGTON 2,6149389,6149389.2024.9.29,2024-09-29 00:00:00,ON,2024,9,29,,,,,,,,,,,,,,,,,,,,,,,,,42424
-80.38333333333334,43.45,WATERLOO WELLINGTON 2,6149389,6149389.2024.9.30,2024-09-30 00:00:00,ON,2024,9,30,,,,,,,,,,,,,,,,,,,,,,,,,42424
-80.38333333333334,43.45,WATERLOO WELLINGTON 2,6149389,6149389.2024.10.1,2024-10-01 00:00:00,ON,2024,10,1,,,,,,,,,,,,,,,,,,,,,,,,,42424
-80.38333333333334,43.45,WATERLOO WELLINGTON 2,6149389,6149389.2024.10.2,2024-10-02 00:00:00,ON,2024,10,2,,,,,,,,,,,,,,,,,,,,,,,,,42424
-80.38333333333334,43.45,WATERLOO WELLINGTON 2,6149389,6149389.2024.10.3,2024-10-03 00:00:00,ON,2024,10,3,,,,,,,,,,,,,,,,,,,,,,,,,42424
-80.38333333333334,43.45,WATERLOO WELLINGTON 2,6149389,6149389.2024.10.4,2024-10-04 00:00:00,ON,2024,10,4,,,,,,,,,,,,,,,,,,,,,,,,,42424
-80.38333333333334,43.45,WATERLOO WELLINGTON 2,6149389,6149389.2024.10.5,2024-10-05 00:00:00,ON,2024,10,5,,,,,,,,,,,,,,,,,,,,,,,,,42424
-80.38333333333334,43.45,WATERLOO WELLINGTON 2,6149389,6149389.2024.10.6,2024-10-06 00:00:00,ON,2024,10,6,,,,,,,,,,,,,,,,,,,,,,,,,42424
-80.38333333333334,43.45,WATERLOO WELLINGTON 2,6149389,6149389.2024.10.7,2024-10-07 00:00:00,ON,2024,10,7,,,,,,,,,,,,,,,,,,,,,,,,,42424
-80.38333333333334,43.45,WATERLOO WELLINGTON 2,6149389,6149389.2024.10.8,2024-10-08 00:00:00,ON,2024,10,8,,,,,,,,,,,,,,,,,,,,,,,,,42424
-80.38333333333334,43.45,WATERLOO WELLINGTON 2,6149389,6149389.2024.10.9,2024-10-09 00:00:00,ON,2024,10,9,,,,,,,,,,,,,,,,,,,,,,,,,42424
-80.38333333333334,43.45,WATERLOO WELLINGTON 2,6149389,6149389.2024.10.10,2024-10-10 00:00:00,ON,2024,10,10,,,,,,,,,,,,,,,,,,,,,,,,,42424
-80.38333333333334,43.45,WATERLOO WELLINGTON 2,6149389,6149389.2024.10.11,2024-10-11 00:00:00,ON,2024,10,11,,,,,,,,,,,,,,,,,,,,,,,,,42424
-80.38333333333334,43.45,WATERLOO WELLINGTON 2,6149389,6149389.2024.10.12,2024-10-12 00:00:00,ON,2024,10,12,,,,,,,,,,,,,,,,,,,,,,,,,42424
-80.38333333333334,43.45,WATERLOO WELLINGTON 2,6149389,6149389.2024.10.13,2024-10-13 00:00:00,ON,2024,10,13,,,,,,,,,,,,,,,,,,,,,,,,,42424
-80.38333333333334,43.45,WATERLOO WELLINGTON 2,6149389,6149389.2024.10.14,2024-10-14 00:00:00,ON,2024,10,14,,,,,,,,,,,,,,,,,,,,,,,,,42424
-80.38333333333334,43.45,WATERLOO WELLINGTON 2,6149389,6149389.2024.10.15,2024-10-15 00:00:00,ON,2024,10,15,,,,,,,,,,,,,,,,,,,,,,,,,42424
-80.38333333333334,43.45,WATERLOO WELLINGTON 2,6149389,6149389.2024.10.16,2024-10-16 00:00:00,ON,2024,10,16,,,,,,,,,,,,,,,,,,,,,,,,,42424
-80.38333333333334,43.45,WATERLOO WELLINGTON 2,6149389,6149389.2024.10.17,2024-10-17 00:00:00,ON,2024,10,17,,,,,,,,,,,,,,,,,,,,,,,,,42424
-80.38333333333334,43.45,WATERLOO WELLINGTON 2,6149389,6149389.2024.10.18,2024-10-18 00:00:00,ON,2024,10,18,,,,,,,,,,,,,,,,,,,,,,,,,42424
-80.38333333333334,43.45,WATERLOO WELLINGTON 2,6149389,6149389.2024.10.19,2024-10-19 00:00:00,ON,2024,10,19,,,,,,,,,,,,,,,,,,,,,,,,,42424
-80.38333333333334,43.45,WATERLOO WELLINGTON 2,6149389,6149389.2024.10.20,2024-10-20 00:00:00,ON,2024,10,20,,,,,,,,,,,,,,,,,,,,,,,,,42424
-80.38333333333334,43.45,WATERLOO WELLINGTON 2,6149389,6149389.2024.10.21,2024-10-21 00:00:00,ON,2024,10,21,,,,,,,,,,,,,,,,,,,,,,,,,42424
-80.38333333333334,43.45,WATERLOO WELLINGTON 2,6149389,6149389.2024.10.22,2024-10-22 00:00:00,ON,2024,10,22,,,,,,,,,,,,,,,,,,,,,,,,,42424
-80.38333333333334,43.45,WATERLOO WELLINGTON 2,6149389,6149389.2024.10.23,2024-10-23 00:00:00,ON,2024,10,23,,,,,,,,,,,,,,,,,,,,,,,,,42424
-80.38333333333334,43.45,WATERLOO WELLINGTON 2,6149389,6149389.2024.10.24,2024-10-24 00:00:00,ON,2024,10,24,,,,,,,,,,,,,,,,,,,,,,,,,42424
-80.38333333333334,43.45,WATERLOO WELLINGTON 2,6149389,6149389.2024.10.25,2024-10-25 00:00:00,ON,2024,10,25,,,,,,,,,,,,,,,,,,,,,,,,,42424
-80.38333333333334,43.45,WATERLOO WELLINGTON 2,6149389,6149389.2024.10.26,2024-10-26 00:00:00,ON,2024,10,26,,,,,,,,,,,,,,,,,,,,,,,,,42424
-80.38333333333334,43.45,WATERLOO WELLINGTON 2,6149389,6149389.2024.10.27,2024-10-27 00:00:00,ON,2024,10,27,,,,,,,,,,,,,,,,,,,,,,,,,42424
-80.38333333333334,43.45,WATERLOO WELLINGTON 2,6149389,6149389.2024.10.28,2024-10-28 00:00:00,ON,2024,10,28,,,,,,,,,,,,,,,,,,,,,,,,,42424
-80.38333333333334,43.45,WATERLOO WELLINGTON 2,6149389,6149389.2024.10.29,2024-10-29 00:00:00,ON,2024,10,29,,,,,,,,,,,,,,,,,,,,,,,,,42424
-80.38333333333334,43.45,WATERLOO WELLINGTON 2,6149389,6149389.2024.10.30,2024-10-30 00:00:00,ON,2024,10,30,,,,,,,,,,,,,,,,,,,,,,,,,42424
-80.38333333333334,43.45,WATERLOO WELLINGTON 2,6149389,6149389.2024.10.31,2024-10-31 00:00:00,ON,2024,10,31,,,,,,,,,,,,,,,,,,,,,,,,,42424
-80.38333333333334,43.45,WATERLOO WELLINGTON 2,6149389,6149389.2024.11.1,2024-11-01 00:00:00,ON,2024,11,1,,,,,,,,,,,,,,,,,,,,,,,,,42424
-80.38333333333334,43.45,WATERLOO WELLINGTON 2,6149389,6149389.2024.11.2,2024-11-02 00:00:00,ON,2024,11,2,,,,,,,,,,,,,,,,,,,,,,,,,42424
-80.38333333333334,43.45,WATERLOO WELLINGTON 2,6149389,6149389.2024.11.3,2024-11-03 00:00:00,ON,2024,11,3,,,,,,,,,,,,,,,,,,,,,,,,,42424
-80.38333333333334,43.45,WATERLOO WELLINGTON 2,6149389,6149389.2024.11.4,2024-11-04 00:00:00,ON,2024,11,4,,,,,,,,,,,,,,,,,,,,,,,,,42424
-80.38333333333334,43.45,WATERLOO WELLINGTON 2,6149389,6149389.2024.11.5,2024-11-05 00:00:00,ON,2024,11,5,,,,,,,,,,,,,,,,,,,,,,,,,42424
-80.38333333333334,43.45,WATERLOO WELLINGTON 2,6149389,6149389.2024.11.6,2024-11-06 00:00:00,ON,2024,11,6,,,,,,,,,,,,,,,,,,,,,,,,,42424
-80.38333333333334,43.45,WATERLOO WELLINGTON 2,6149389,6149389.2024.11.7,2024-11-07 00:00:00,ON,2024,11,7,,,,,,,,,,,,,,,,,,,,,,,,,42424
-80.38333333333334,43.45,WATERLOO WELLINGTON 2,6149389,6149389.2024.11.8,2024-11-08 00:00:00,ON,2024,11,8,,,,,,,,,,,,,,,,,,,,,,,,,42424
-80.38333333333334,43.45,WATERLOO WELLINGTON 2,6149389,6149389.2024.11.9,2024-11-09 00:00:00,ON,2024,11,9,,,,,,,,,,,,,,,,,,,,,,,,,42424
-80.38333333333334,43.45,WATERLOO WELLINGTON 2,6149389,6149389.2024.11.10,2024-11-10 00:00:00,ON,2024,11,10,,,,,,,,,,,,,,,,,,,,,,,,,42424
-80.38333333333334,43.45,WATERLOO WELLINGTON 2,6149389,6149389.2024.11.11,2024-11-11 00:00:00,ON,2024,11,11,,,,,,,,,,,,,,,,,,,,,,,,,42424
-80.38333333333334,43.45,WATERLOO WELLINGTON 2,6149389,6149389.2024.11.12,2024-11-12 00:00:00,ON,2024,11,12,,,,,,,,,,,,,,,,,,,,,,,,,42424
-80.38333333333334,43.45,WATERLOO WELLINGTON 2,6149389,6149389.2024.11.13,2024-11-13 00:00:00,ON,2024,11,13,,,,,,,,,,,,,,,,,,,,,,,,,42424
-80.38333333333334,43.45,WATERLOO WELLINGTON 2,6149389,6149389.2024.11.14,2024-11-14 00:00:00,ON,2024,11,14,,,,,,,,,,,,,,,,,,,,,,,,,42424
-80.38333333333334,43.45,WATERLOO WELLINGTON 2,6149389,6149389.2024.11.15,2024-11-15 00:00:00,ON,2024,11,15,,,,,,,,,,,,,,,,,,,,,,,,,42424
-80.38333333333334,43.45,WATERLOO WELLINGTON 2,6149389,6149389.2024.11.16,2024-11-16 00:00:00,ON,2024,11,16,,,,,,,,,,,,,,,,,,,,,,,,,42424
-80.38333333333334,43.45,WATERLOO WELLINGTON 2,6149389,6149389.2024.11.17,2024-11-17 00:00:00,ON,2024,11,17,,,,,,,,,,,,,,,,,,,,,,,,,42424
-80.38333333333334,43.45,WATERLOO WELLINGTON 2,6149389,6149389.2024.11.18,2024-11-18 00:00:00,ON,2024,11,18,,,,,,,,,,,,,,,,,,,,,,,,,42424
-80.38333333333334,43.45,WATERLOO WELLINGTON 2,6149389,6149389.2024.11.19,2024-11-19 00:00:00,ON,2024,11,19,,,,,,,,,,,,,,,,,,,,,,,,,42424
-80.38333333333334,43.45,WATERLOO WELLINGTON 2,6149389,6149389.2024.11.20,2024-11-20 00:00:00,ON,2024,11,20,,,,,,,,,,,,,,,,,,,,,,,,,42424
-80.38333333333334,43.45,WATERLOO WELLINGTON 2,6149389,6149389.2024.11.21,2024-11-21 00:00:00,ON,2024,11,21,,,,,,,,,,,,,,,,,,,,,,,,,42424
-80.38333333333334,43.45,WATERLOO WELLINGTON 2,6149389,6149389.2024.11.22,2024-11-22 00:00:00,ON,2024,11,22,,,,,,,,,,,,,,,,,,,,,,,,,42424
-80.38333333333334,43.45,WATERLOO WELLINGTON 2,6149389,6149389.2024.11.23,2024-11-23 00:00:00,ON,2024,11,23,,,,,,,,,,,,,,,,,,,,,,,,,42424
-80.38333333333334,43.45,WATERLOO WELLINGTON 2,6149389,6149389.2024.11.24,2024-11-24 00:00:00,ON,2024,11,24,,,,,,,,,,,,,,,,,,,,,,,,,42424
-80.38333333333334,43.45,WATERLOO WELLINGTON 2,6149389,6149389.2024.11.25,2024-11-25 00:00:00,ON,2024,11,25,,,,,,,,,,,,,,,,,,,,,,,,,42424
-80.38333333333334,43.45,WATERLOO WELLINGTON 2,6149389,6149389.2024.11.26,2024-11-26 00:00:00,ON,2024,11,26,,,,,,,,,,,,,,,,,,,,,,,,,42424
-80.38333333333334,43.45,WATERLOO WELLINGTON 2,6149389,6149389.2024.11.27,2024-11-27 00:00:00,ON,2024,11,27,,,,,,,,,,,,,,,,,,,,,,,,,42424
-80.38333333333334,43.45,WATERLOO WELLINGTON 2,6149389,6149389.2024.11.28,2024-11-28 00:00:00,ON,2024,11,28,,,,,,,,,,,,,,,,,,,,,,,,,42424
-80.38333333333334,43.45,WATERLOO WELLINGTON 2,6149389,6149389.2024.11.29,2024-11-29 00:00:00,ON,2024,11,29,,,,,,,,,,,,,,,,,,,,,,,,,42424
-80.38333333333334,43.45,WATERLOO WELLINGTON 2,6149389,6149389.2024.11.30,2024-11-30 00:00:00,ON,2024,11,30,,,,,,,,,,,,,,,,,,,,,,,,,42424
-80.38333333333334,43.45,WATERLOO WELLINGTON 2,6149389,6149389.2024.12.1,2024-12-01 00:00:00,ON,2024,12,1,,,,,,,,,,,,,,,,,,,,,,,,,42424
-80.38333333333334,43.45,WATERLOO WELLINGTON 2,6149389,6149389.2024.12.2,2024-12-02 00:00:00,ON,2024,12,2,,,,,,,,,,,,,,,,,,,,,,,,,42424
-80.38333333333334,43.45,WATERLOO WELLINGTON 2,6149389,6149389.2024.12.3,2024-12-03 00:00:00,ON,2024,12,3,,,,,,,,,,,,,,,,,,,,,,,,,42424
-80.38333333333334,43.45,WATERLOO WELLINGTON 2,6149389,6149389.2024.12.4,2024-12-04 00:00:00,ON,2024,12,4,,,,,,,,,,,,,,,,,,,,,,,,,42424
-80.38333333333334,43.45,WATERLOO WELLINGTON 2,6149389,6149389.2024.12.5,2024-12-05 00:00:00,ON,2024,12,5,,,,,,,,,,,,,,,,,,,,,,,,,42424
-80.38333333333334,43.45,WATERLOO WELLINGTON 2,6149389,6149389.2024.12.6,2024-12-06 00:00:00,ON,2024,12,6,,,,,,,,,,,,,,,,,,,,,,,,,42424
-80.38333333333334,43.45,WATERLOO WELLINGTON 2,6149389,6149389.2024.12.7,2024-12-07 00:00:00,ON,2024,12,7,,,,,,,,,,,,,,,,,,,,,,,,,42424
-80.38333333333334,43.45,WATERLOO WELLINGTON 2,6149389,6149389.2024.12.8,2024-12-08 00:00:00,ON,2024,12,8,,,,,,,,,,,,,,,,,,,,,,,,,42424
-80.38333333333334,43.45,WATERLOO WELLINGTON 2,6149389,6149389.2024.12.9,2024-12-09 00:00:00,ON,2024,12,9,,,,,,,,,,,,,,,,,,,,,,,,,42424
-80.38333333333334,43.45,WATERLOO WELLINGTON 2,6149389,6149389.2024.12.10,2024-12-10 00:00:00,ON,2024,12,10,,,,,,,,,,,,,,,,,,,,,,,,,42424
-80.38333333333334,43.45,WATERLOO WELLINGTON 2,6149389,6149389.2024.12.11,2024-12-11 00:00:00,ON,2024,12,11,,,,,,,,,,,,,,,,,,,,,,,,,42424
-80.38333333333334,43.45,WATERLOO WELLINGTON 2,6149389,6149389.2024.12.12,2024-12-12 00:00:00,ON,2024,12,12,,,,,,,,,,,,,,,,,,,,,,,,,42424
-80.38333333333334,43.45,WATERLOO WELLINGTON 2,6149389,6149389.2024.12.13,2024-12-13 00:00:00,ON,2024,12,13,,,,,,,,,,,,,,,,,,,,,,,,,42424
-80.38333333333334,43.45,WATERLOO WELLINGTON 2,6149389,6149389.2024.12.14,2024-12-14 00:00:00,ON,2024,12,14,,,,,,,,,,,,,,,,,,,,,,,,,42424
-80.38333333333334,43.45,WATERLOO WELLINGTON 2,6149389,6149389.2024.12.15,2024-12-15 00:00:00,ON,2024,12,15,,,,,,,,,,,,,,,,,,,,,,,,,42424
-80.38333333333334,43.45,WATERLOO WELLINGTON 2,6149389,6149389.2024.12.16,2024-12-16 00:00:00,ON,2024,12,16,,,,,,,,,,,,,,,,,,,,,,,,,42424
-80.38333333333334,43.45,WATERLOO WELLINGTON 2,6149389,6149389.2024.12.17,2024-12-17 00:00:00,ON,2024,12,17,,,,,,,,,,,,,,,,,,,,,,,,,42424
-80.38333333333334,43.45,WATERLOO WELLINGTON 2,6149389,6149389.2024.12.18,2024-12-18 00:00:00,ON,2024,12,18,,,,,,,,,,,,,,,,,,,,,,,,,42424
-80.38333333333334,43.45,WATERLOO WELLINGTON 2,6149389,6149389.2024.12.19,2024-12-19 00:00:00,ON,2024,12,19,,,,,,,,,,,,,,,,,,,,,,,,,42424
-80.38333333333334,43.45,WATERLOO WELLINGTON 2,6149389,6149389.2024.12.20,2024-12-20 00:00:00,ON,2024,12,20,,,,,,,,,,,,,,,,,,,,,,,,,42424
-80.38333333333334,43.45,WATERLOO WELLINGTON 2,6149389,6149389.2024.12.21,2024-12-21 00:00:00,ON,2024,12,21,,,,,,,,,,,,,,,,,,,,,,,,,42424
-80.38333333333334,43.45,WATERLOO WELLINGTON 2,6149389,6149389.2024.12.22,2024-12-22 00:00:00,ON,2024,12,22,,,,,,,,,,,,,,,,,,,,,,,,,42424
-80.38333333333334,43.45,WATERLOO WELLINGTON 2,6149389,6149389.2024.12.23,2024-12-23 00:00:00,ON,2024,12,23,,,,,,,,,,,,,,,,,,,,,,,,,42424
-80.38333333333334,43.45,WATERLOO WELLINGTON 2,6149389,6149389.2024.12.24,2024-12-24 00:00:00,ON,2024,12,24,,,,,,,,,,,,,,,,,,,,,,,,,42424
-80.38333333333334,43.45,WATERLOO WELLINGTON 2,6149389,6149389.2024.12.25,2024-12-25 00:00:00,ON,2024,12,25,,,,,,,,,,,,,,,,,,,,,,,,,42424
-80.38333333333334,43.45,WATERLOO WELLINGTON 2,6149389,6149389.2024.12.26,2024-12-26 00:00:00,ON,2024,12,26,,,,,,,,,,,,,,,,,,,,,,,,,42424
-80.38333333333334,43.45,WATERLOO WELLINGTON 2,6149389,6149389.2024.12.27,2024-12-27 00:00:00,ON,2024,12,27,,,,,,,,,,,,,,,,,,,,,,,,,42424
-80.38333333333334,43.45,WATERLOO WELLINGTON 2,6149389,6149389.2024.12.28,2024-12-28 00:00:00,ON,2024,12,28,,,,,,,,,,,,,,,,,,,,,,,,,42424
-80.38333333333334,43.45,WATERLOO WELLINGTON 2,6149389,6149389.2024.12.29,2024-12-29 00:00:00,ON,2024,12,29,,,,,,,,,,,,,,,,,,,,,,,,,42424
-80.38333333333334,43.45,WATERLOO WELLINGTON 2,6149389,6149389.2024.12.30,2024-12-30 00:00:00,ON,2024,12,30,,,,,,,,,,,,,,,,,,,,,,,,,42424
-80.38333333333334,43.45,WATERLOO WELLINGTON 2,6149389,6149389.2024.12.31,2024-12-31 00:00:00,ON,2024,12,31,,,,,,,,,,,,,,,,,,,,,,,,,42424
-80.38333333333334,43.45,WATERLOO WELLINGTON 2,6149389,6149389.2025.1.1,2025-01-01 00:00:00,ON,2025,1,1,,,,,,,,,,,,,,,,,,,,,,,,,42424
-80.38333333333334,43.45,WATERLOO WELLINGTON 2,6149389,6149389.2025.1.2,2025-01-02 00:00:00,ON,2025,1,2,,,,,,,,,,,,,,,,,,,,,,,,,42424
-80.38333333333334,43.45,WATERLOO WELLINGTON 2,6149389,6149389.2025.1.3,2025-01-03 00:00:00,ON,2025,1,3,,,,,,,,,,,,,,,,,,,,,,,,,42424
-80.38333333333334,43.45,WATERLOO WELLINGTON 2,6149389,6149389.2025.1.4,2025-01-04 00:00:00,ON,2025,1,4,,,,,,,,,,,,,,,,,,,,,,,,,42424
-80.38333333333334,43.45,WATERLOO WELLINGTON 2,6149389,6149389.2025.1.5,2025-01-05 00:00:00,ON,2025,1,5,,,,,,,,,,,,,,,,,,,,,,,,,42424
-80.38333333333334,43.45,WATERLOO WELLINGTON 2,6149389,6149389.2025.1.6,2025-01-06 00:00:00,ON,2025,1,6,,,,,,,,,,,,,,,,,,,,,,,,,42424
-80.38333333333334,43.45,WATERLOO WELLINGTON 2,6149389,6149389.2025.1.7,2025-01-07 00:00:00,ON,2025,1,7,,,,,,,,,,,,,,,,,,,,,,,,,42424
-80.38333333333334,43.45,WATERLOO WELLINGTON 2,6149389,6149389.2025.1.8,2025-01-08 00:00:00,ON,2025,1,8,,,,,,,,,,,,,,,,,,,,,,,,,42424
-80.38333333333334,43.45,WATERLOO WELLINGTON 2,6149389,6149389.2025.1.9,2025-01-09 00:00:00,ON,2025,1,9,,,,,,,,,,,,,,,,,,,,,,,,,42424
-80.38333333333334,43.45,WATERLOO WELLINGTON 2,6149389,6149389.2025.1.10,2025-01-10 00:00:00,ON,2025,1,10,,,,,,,,,,,,,,,,,,,,,,,,,42424
-80.38333333333334,43.45,WATERLOO WELLINGTON 2,6149389,6149389.2025.1.11,2025-01-11 00:00:00,ON,2025,1,11,,,,,,,,,,,,,,,,,,,,,,,,,42424
-80.38333333333334,43.45,WATERLOO WELLINGTON 2,6149389,6149389.2025.1.12,2025-01-12 00:00:00,ON,2025,1,12,,,,,,,,,,,,,,,,,,,,,,,,,42424
-80.38333333333334,43.45,WATERLOO WELLINGTON 2,6149389,6149389.2025.1.13,2025-01-13 00:00:00,ON,2025,1,13,,,,,,,,,,,,,,,,,,,,,,,,,42424
-80.38333333333334,43.45,WATERLOO WELLINGTON 2,6149389,6149389.2025.1.14,2025-01-14 00:00:00,ON,2025,1,14,,,,,,,,,,,,,,,,,,,,,,,,,42424
-80.38333333333334,43.45,WATERLOO WELLINGTON 2,6149389,6149389.2025.1.15,2025-01-15 00:00:00,ON,2025,1,15,,,,,,,,,,,,,,,,,,,,,,,,,42424
-80.38333333333334,43.45,WATERLOO WELLINGTON 2,6149389,6149389.2025.1.16,2025-01-16 00:00:00,ON,2025,1,16,,,,,,,,,,,,,,,,,,,,,,,,,42424
-80.38333333333334,43.45,WATERLOO WELLINGTON 2,6149389,6149389.2025.1.17,2025-01-17 00:00:00,ON,2025,1,17,,,,,,,,,,,,,,,,,,,,,,,,,42424
-80.38333333333334,43.45,WATERLOO WELLINGTON 2,6149389,6149389.2025.1.18,2025-01-18 00:00:00,ON,2025,1,18,,,,,,,,,,,,,,,,,,,,,,,,,42424
-80.38333333333334,43.45,WATERLOO WELLINGTON 2,6149389,6149389.2025.1.19,2025-01-19 00:00:00,ON,2025,1,19,,,,,,,,,,,,,,,,,,,,,,,,,42424
-80.38333333333334,43.45,WATERLOO WELLINGTON 2,6149389,6149389.2025.1.20,2025-01-20 00:00:00,ON,2025,1,20,,,,,,,,,,,,,,,,,,,,,,,,,42424
-80.38333333333334,43.45,WATERLOO WELLINGTON 2,6149389,6149389.2025.1.21,2025-01-21 00:00:00,ON,2025,1,21,,,,,,,,,,,,,,,,,,,,,,,,,42424
-80.38333333333334,43.45,WATERLOO WELLINGTON 2,6149389,6149389.2025.1.22,2025-01-22 00:00:00,ON,2025,1,22,,,,,,,,,,,,,,,,,,,,,,,,,42424
-80.38333333333334,43.45,WATERLOO WELLINGTON 2,6149389,6149389.2025.1.23,2025-01-23 00:00:00,ON,2025,1,23,,,,,,,,,,,,,,,,,,,,,,,,,42424
-80.38333333333334,43.45,WATERLOO WELLINGTON 2,6149389,6149389.2025.1.24,2025-01-24 00:00:00,ON,2025,1,24,,,,,,,,,,,,,,,,,,,,,,,,,42424
-80.38333333333334,43.45,WATERLOO WELLINGTON 2,6149389,6149389.2025.1.25,2025-01-25 00:00:00,ON,2025,1,25,,,,,,,,,,,,,,,,,,,,,,,,,42424
-80.38333333333334,43.45,WATERLOO WELLINGTON 2,6149389,6149389.2025.1.26,2025-01-26 00:00:00,ON,2025,1,26,,,,,,,,,,,,,,,,,,,,,,,,,42424
-80.38333333333334,43.45,WATERLOO WELLINGTON 2,6149389,6149389.2025.1.27,2025-01-27 00:00:00,ON,2025,1,27,,,,,,,,,,,,,,,,,,,,,,,,,42424
-80.38333333333334,43.45,WATERLOO WELLINGTON 2,6149389,6149389.2025.1.28,2025-01-28 00:00:00,ON,2025,1,28,,,,,,,,,,,,,,,,,,,,,,,,,42424
-80.38333333333334,43.45,WATERLOO WELLINGTON 2,6149389,6149389.2025.1.29,2025-01-29 00:00:00,ON,2025,1,29,,,,,,,,,,,,,,,,,,,,,,,,,42424
-80.38333333333334,43.45,WATERLOO WELLINGTON 2,6149389,6149389.2025.1.30,2025-01-30 00:00:00,ON,2025,1,30,,,,,,,,,,,,,,,,,,,,,,,,,42424
-80.38333333333334,43.45,WATERLOO WELLINGTON 2,6149389,6149389.2025.1.31,2025-01-31 00:00:00,ON,2025,1,31,,,,,,,,,,,,,,,,,,,,,,,,,42424
-80.38333333333334,43.45,WATERLOO WELLINGTON 2,6149389,6149389.2025.2.1,2025-02-01 00:00:00,ON,2025,2,1,,,,,,,,,,,,,,,,,,,,,,,,,42424
-80.38333333333334,43.45,WATERLOO WELLINGTON 2,6149389,6149389.2025.2.2,2025-02-02 00:00:00,ON,2025,2,2,,,,,,,,,,,,,,,,,,,,,,,,,42424
-80.38333333333334,43.45,WATERLOO WELLINGTON 2,6149389,6149389.2025.2.3,2025-02-03 00:00:00,ON,2025,2,3,,,,,,,,,,,,,,,,,,,,,,,,,42424
-80.38333333333334,43.45,WATERLOO WELLINGTON 2,6149389,6149389.2025.2.4,2025-02-04 00:00:00,ON,2025,2,4,,,,,,,,,,,,,,,,,,,,,,,,,42424
-80.38333333333334,43.45,WATERLOO WELLINGTON 2,6149389,6149389.2025.2.5,2025-02-05 00:00:00,ON,2025,2,5,,,,,,,,,,,,,,,,,,,,,,,,,42424
-80.38333333333334,43.45,WATERLOO WELLINGTON 2,6149389,6149389.2025.2.6,2025-02-06 00:00:00,ON,2025,2,6,,,,,,,,,,,,,,,,,,,,,,,,,42424
-80.38333333333334,43.45,WATERLOO WELLINGTON 2,6149389,6149389.2025.2.7,2025-02-07 00:00:00,ON,2025,2,7,,,,,,,,,,,,,,,,,,,,,,,,,42424
-80.38333333333334,43.45,WATERLOO WELLINGTON 2,6149389,6149389.2025.2.8,2025-02-08 00:00:00,ON,2025,2,8,,,,,,,,,,,,,,,,,,,,,,,,,42424
-80.38333333333334,43.45,WATERLOO WELLINGTON 2,6149389,6149389.2025.2.9,2025-02-09 00:00:00,ON,2025,2,9,,,,,,,,,,,,,,,,,,,,,,,,,42424
-80.38333333333334,43.45,WATERLOO WELLINGTON 2,6149389,6149389.2025.2.10,2025-02-10 00:00:00,ON,2025,2,10,,,,,,,,,,,,,,,,,,,,,,,,,42424
-80.38333333333334,43.45,WATERLOO WELLINGTON 2,6149389,6149389.2025.2.11,2025-02-11 00:00:00,ON,2025,2,11,,,,,,,,,,,,,,,,,,,,,,,,,42424
-80.38333333333334,43.45,WATERLOO WELLINGTON 2,6149389,6149389.2025.2.12,2025-02-12 00:00:00,ON,2025,2,12,,,,,,,,,,,,,,,,,,,,,,,,,42424
-80.38333333333334,43.45,WATERLOO WELLINGTON 2,6149389,6149389.2025.2.13,2025-02-13 00:00:00,ON,2025,2,13,,,,,,,,,,,,,,,,,,,,,,,,,42424
-80.38333333333334,43.45,WATERLOO WELLINGTON 2,6149389,6149389.2025.2.14,2025-02-14 00:00:00,ON,2025,2,14,,,,,,,,,,,,,,,,,,,,,,,,,42424
-80.38333333333334,43.45,WATERLOO WELLINGTON 2,6149389,6149389.2025.2.15,2025-02-15 00:00:00,ON,2025,2,15,,,,,,,,,,,,,,,,,,,,,,,,,42424
-80.38333333333334,43.45,WATERLOO WELLINGTON 2,6149389,6149389.2025.2.16,2025-02-16 00:00:00,ON,2025,2,16,,,,,,,,,,,,,,,,,,,,,,,,,42424
-80.38333333333334,43.45,WATERLOO WELLINGTON 2,6149389,6149389.2025.2.17,2025-02-17 00:00:00,ON,2025,2,17,,,,,,,,,,,,,,,,,,,,,,,,,42424
-80.38333333333334,43.45,WATERLOO WELLINGTON 2,6149389,6149389.2025.2.18,2025-02-18 00:00:00,ON,2025,2,18,,,,,,,,,,,,,,,,,,,,,,,,,42424
-80.38333333333334,43.45,WATERLOO WELLINGTON 2,6149389,6149389.2025.2.19,2025-02-19 00:00:00,ON,2025,2,19,,,,,,,,,,,,,,,,,,,,,,,,,42424
-80.38333333333334,43.45,WATERLOO WELLINGTON 2,6149389,6149389.2025.2.20,2025-02-20 00:00:00,ON,2025,2,20,,,,,,,,,,,,,,,,,,,,,,,,,42424
-80.38333333333334,43.45,WATERLOO WELLINGTON 2,6149389,6149389.2025.2.21,2025-02-21 00:00:00,ON,2025,2,21,,,,,,,,,,,,,,,,,,,,,,,,,42424
-80.38333333333334,43.45,WATERLOO WELLINGTON 2,6149389,6149389.2025.2.22,2025-02-22 00:00:00,ON,2025,2,22,,,,,,,,,,,,,,,,,,,,,,,,,42424
-80.38333333333334,43.45,WATERLOO WELLINGTON 2,6149389,6149389.2025.2.23,2025-02-23 00:00:00,ON,2025,2,23,,,,,,,,,,,,,,,,,,,,,,,,,42424
-80.38333333333334,43.45,WATERLOO WELLINGTON 2,6149389,6149389.2025.2.24,2025-02-24 00:00:00,ON,2025,2,24,,,,,,,,,,,,,,,,,,,,,,,,,42424
-80.38333333333334,43.45,WATERLOO WELLINGTON 2,6149389,6149389.2025.2.25,2025-02-25 00:00:00,ON,2025,2,25,,,,,,,,,,,,,,,,,,,,,,,,,42424
-80.38333333333334,43.45,WATERLOO WELLINGTON 2,6149389,6149389.2025.2.26,2025-02-26 00:00:00,ON,2025,2,26,,,,,,,,,,,,,,,,,,,,,,,,,42424
-80.38333333333334,43.45,WATERLOO WELLINGTON 2,6149389,6149389.2025.2.27,2025-02-27 00:00:00,ON,2025,2,27,,,,,,,,,,,,,,,,,,,,,,,,,42424
-80.38333333333334,43.45,WATERLOO WELLINGTON 2,6149389,6149389.2025.2.28,2025-02-28 00:00:00,ON,2025,2,28,,,,,,,,,,,,,,,,,,,,,,,,,42424
-80.38333333333334,43.45,WATERLOO WELLINGTON 2,6149389,6149389.2025.3.1,2025-03-01 00:00:00,ON,2025,3,1,,,,,,,,,,,,,,,,,,,,,,,,,42424
-80.38333333333334,43.45,WATERLOO WELLINGTON 2,6149389,6149389.2025.3.2,2025-03-02 00:00:00,ON,2025,3,2,,,,,,,,,,,,,,,,,,,,,,,,,42424
-80.38333333333334,43.45,WATERLOO WELLINGTON 2,6149389,6149389.2025.3.3,2025-03-03 00:00:00,ON,2025,3,3,,,,,,,,,,,,,,,,,,,,,,,,,42424
-80.38333333333334,43.45,WATERLOO WELLINGTON 2,6149389,6149389.2025.3.4,2025-03-04 00:00:00,ON,2025,3,4,,,,,,,,,,,,,,,,,,,,,,,,,42424
-80.38333333333334,43.45,WATERLOO WELLINGTON 2,6149389,6149389.2025.3.5,2025-03-05 00:00:00,ON,2025,3,5,,,,,,,,,,,,,,,,,,,,,,,,,42424
-80.38333333333334,43.45,WATERLOO WELLINGTON 2,6149389,6149389.2025.3.6,2025-03-06 00:00:00,ON,2025,3,6,,,,,,,,,,,,,,,,,,,,,,,,,42424
-80.38333333333334,43.45,WATERLOO WELLINGTON 2,6149389,6149389.2025.3.7,2025-03-07 00:00:00,ON,2025,3,7,,,,,,,,,,,,,,,,,,,,,,,,,42424
-80.38333333333334,43.45,WATERLOO WELLINGTON 2,6149389,6149389.2025.3.8,2025-03-08 00:00:00,ON,2025,3,8,,,,,,,,,,,,,,,,,,,,,,,,,42424
-80.38333333333334,43.45,WATERLOO WELLINGTON 2,6149389,6149389.2025.3.9,2025-03-09 00:00:00,ON,2025,3,9,,,,,,,,,,,,,,,,,,,,,,,,,42424
-80.38333333333334,43.45,WATERLOO WELLINGTON 2,6149389,6149389.2025.3.10,2025-03-10 00:00:00,ON,2025,3,10,,,,,,,,,,,,,,,,,,,,,,,,,42424
-80.38333333333334,43.45,WATERLOO WELLINGTON 2,6149389,6149389.2025.3.11,2025-03-11 00:00:00,ON,2025,3,11,,,,,,,,,,,,,,,,,,,,,,,,,42424
-80.38333333333334,43.45,WATERLOO WELLINGTON 2,6149389,6149389.2025.3.12,2025-03-12 00:00:00,ON,2025,3,12,,,,,,,,,,,,,,,,,,,,,,,,,42424
-80.38333333333334,43.45,WATERLOO WELLINGTON 2,6149389,6149389.2025.3.13,2025-03-13 00:00:00,ON,2025,3,13,,,,,,,,,,,,,,,,,,,,,,,,,42424
-80.38333333333334,43.45,WATERLOO WELLINGTON 2,6149389,6149389.2025.3.14,2025-03-14 00:00:00,ON,2025,3,14,,,,,,,,,,,,,,,,,,,,,,,,,42424
-80.38333333333334,43.45,WATERLOO WELLINGTON 2,6149389,6149389.2025.3.15,2025-03-15 00:00:00,ON,2025,3,15,,,,,,,,,,,,,,,,,,,,,,,,,42424
-80.38333333333334,43.45,WATERLOO WELLINGTON 2,6149389,6149389.2025.3.16,2025-03-16 00:00:00,ON,2025,3,16,,,,,,,,,,,,,,,,,,,,,,,,,42424
-80.38333333333334,43.45,WATERLOO WELLINGTON 2,6149389,6149389.2025.3.17,2025-03-17 00:00:00,ON,2025,3,17,,,,,,,,,,,,,,,,,,,,,,,,,42424
-80.38333333333334,43.45,WATERLOO WELLINGTON 2,6149389,6149389.2025.3.18,2025-03-18 00:00:00,ON,2025,3,18,,,,,,,,,,,,,,,,,,,,,,,,,42424
-80.38333333333334,43.45,WATERLOO WELLINGTON 2,6149389,6149389.2025.3.19,2025-03-19 00:00:00,ON,2025,3,19,,,,,,,,,,,,,,,,,,,,,,,,,42424
-80.38333333333334,43.45,WATERLOO WELLINGTON 2,6149389,6149389.2025.3.20,2025-03-20 00:00:00,ON,2025,3,20,,,,,,,,,,,,,,,,,,,,,,,,,42424
-80.38333333333334,43.45,WATERLOO WELLINGTON 2,6149389,6149389.2025.3.21,2025-03-21 00:00:00,ON,2025,3,21,,,,,,,,,,,,,,,,,,,,,,,,,42424
-80.38333333333334,43.45,WATERLOO WELLINGTON 2,6149389,6149389.2025.3.22,2025-03-22 00:00:00,ON,2025,3,22,,,,,,,,,,,,,,,,,,,,,,,,,42424
-80.38333333333334,43.45,WATERLOO WELLINGTON 2,6149389,6149389.2025.3.23,2025-03-23 00:00:00,ON,2025,3,23,,,,,,,,,,,,,,,,,,,,,,,,,42424
-80.38333333333334,43.45,WATERLOO WELLINGTON 2,6149389,6149389.2025.3.24,2025-03-24 00:00:00,ON,2025,3,24,,,,,,,,,,,,,,,,,,,,,,,,,42424
-80.38333333333334,43.45,WATERLOO WELLINGTON 2,6149389,6149389.2025.3.25,2025-03-25 00:00:00,ON,2025,3,25,,,,,,,,,,,,,,,,,,,,,,,,,42424
-80.38333333333334,43.45,WATERLOO WELLINGTON 2,6149389,6149389.2025.3.26,2025-03-26 00:00:00,ON,2025,3,26,,,,,,,,,,,,,,,,,,,,,,,,,42424
-80.38333333333334,43.45,WATERLOO WELLINGTON 2,6149389,6149389.2025.3.27,2025-03-27 00:00:00,ON,2025,3,27,,,,,,,,,,,,,,,,,,,,,,,,,42424
-80.38333333333334,43.45,WATERLOO WELLINGTON 2,6149389,6149389.2025.3.28,2025-03-28 00:00:00,ON,2025,3,28,,,,,,,,,,,,,,,,,,,,,,,,,42424
-80.38333333333334,43.45,WATERLOO WELLINGTON 2,6149389,6149389.2025.3.29,2025-03-29 00:00:00,ON,2025,3,29,,,,,,,,,,,,,,,,,,,,,,,,,42424
-80.38333333333334,43.45,WATERLOO WELLINGTON 2,6149389,6149389.2025.3.30,2025-03-30 00:00:00,ON,2025,3,30,,,,,,,,,,,,,,,,,,,,,,,,,42424
-80.38333333333334,43.45,WATERLOO WELLINGTON 2,6149389,6149389.2025.3.31,2025-03-31 00:00:00,ON,2025,3,31,,,,,,,,,,,,,,,,,,,,,,,,,42424
-80.38333333333334,43.45,WATERLOO WELLINGTON 2,6149389,6149389.2025.4.1,2025-04-01 00:00:00,ON,2025,4,1,,,,,,,,,,,,,,,,,,,,,,,,,42424
-80.38333333333334,43.45,WATERLOO WELLINGTON 2,6149389,6149389.2025.4.2,2025-04-02 00:00:00,ON,2025,4,2,,,,,,,,,,,,,,,,,,,,,,,,,42424
-80.38333333333334,43.45,WATERLOO WELLINGTON 2,6149389,6149389.2025.4.3,2025-04-03 00:00:00,ON,2025,4,3,,,,,,,,,,,,,,,,,,,,,,,,,42424
-80.38333333333334,43.45,WATERLOO WELLINGTON 2,6149389,6149389.2025.4.4,2025-04-04 00:00:00,ON,2025,4,4,,,,,,,,,,,,,,,,,,,,,,,,,42424
-80.38333333333334,43.45,WATERLOO WELLINGTON 2,6149389,6149389.2025.4.5,2025-04-05 00:00:00,ON,2025,4,5,,,,,,,,,,,,,,,,,,,,,,,,,42424
-80.38333333333334,43.45,WATERLOO WELLINGTON 2,6149389,6149389.2025.4.6,2025-04-06 00:00:00,ON,2025,4,6,,,,,,,,,,,,,,,,,,,,,,,,,42424
-80.38333333333334,43.45,WATERLOO WELLINGTON 2,6149389,6149389.2025.4.7,2025-04-07 00:00:00,ON,2025,4,7,,,,,,,,,,,,,,,,,,,,,,,,,42424
-80.38333333333334,43.45,WATERLOO WELLINGTON 2,6149389,6149389.2025.4.8,2025-04-08 00:00:00,ON,2025,4,8,,,,,,,,,,,,,,,,,,,,,,,,,42424
-80.38333333333334,43.45,WATERLOO WELLINGTON 2,6149389,6149389.2025.4.9,2025-04-09 00:00:00,ON,2025,4,9,,,,,,,,,,,,,,,,,,,,,,,,,42424
-80.38333333333334,43.45,WATERLOO WELLINGTON 2,6149389,6149389.2025.4.10,2025-04-10 00:00:00,ON,2025,4,10,,,,,,,,,,,,,,,,,,,,,,,,,42424
-80.38333333333334,43.45,WATERLOO WELLINGTON 2,6149389,6149389.2025.4.11,2025-04-11 00:00:00,ON,2025,4,11,,,,,,,,,,,,,,,,,,,,,,,,,42424
-80.38333333333334,43.45,WATERLOO WELLINGTON 2,6149389,6149389.2025.4.12,2025-04-12 00:00:00,ON,2025,4,12,,,,,,,,,,,,,,,,,,,,,,,,,42424
-80.38333333333334,43.45,WATERLOO WELLINGTON 2,6149389,6149389.2025.4.13,2025-04-13 00:00:00,ON,2025,4,13,,,,,,,,,,,,,,,,,,,,,,,,,42424
-80.38333333333334,43.45,WATERLOO WELLINGTON 2,6149389,6149389.2025.4.14,2025-04-14 00:00:00,ON,2025,4,14,,,,,,,,,,,,,,,,,,,,,,,,,42424
-80.38333333333334,43.45,WATERLOO WELLINGTON 2,6149389,6149389.2025.4.15,2025-04-15 00:00:00,ON,2025,4,15,,,,,,,,,,,,,,,,,,,,,,,,,42424
-80.38333333333334,43.45,WATERLOO WELLINGTON 2,6149389,6149389.2025.4.16,2025-04-16 00:00:00,ON,2025,4,16,,,,,,,,,,,,,,,,,,,,,,,,,42424
-80.38333333333334,43.45,WATERLOO WELLINGTON 2,6149389,6149389.2025.4.17,2025-04-17 00:00:00,ON,2025,4,17,,,,,,,,,,,,,,,,,,,,,,,,,42424
-80.38333333333334,43.45,WATERLOO WELLINGTON 2,6149389,6149389.2025.4.18,2025-04-18 00:00:00,ON,2025,4,18,,,,,,,,,,,,,,,,,,,,,,,,,42424
-80.38333333333334,43.45,WATERLOO WELLINGTON 2,6149389,6149389.2025.4.19,2025-04-19 00:00:00,ON,2025,4,19,,,,,,,,,,,,,,,,,,,,,,,,,42424
-80.38333333333334,43.45,WATERLOO WELLINGTON 2,6149389,6149389.2025.4.20,2025-04-20 00:00:00,ON,2025,4,20,,,,,,,,,,,,,,,,,,,,,,,,,42424
-80.38333333333334,43.45,WATERLOO WELLINGTON 2,6149389,6149389.2025.4.21,2025-04-21 00:00:00,ON,2025,4,21,,,,,,,,,,,,,,,,,,,,,,,,,42424
-80.38333333333334,43.45,WATERLOO WELLINGTON 2,6149389,6149389.2025.4.22,2025-04-22 00:00:00,ON,2025,4,22,,,,,,,,,,,,,,,,,,,,,,,,,42424
-80.38333333333334,43.45,WATERLOO WELLINGTON 2,6149389,6149389.2025.4.23,2025-04-23 00:00:00,ON,2025,4,23,,,,,,,,,,,,,,,,,,,,,,,,,42424
-80.38333333333334,43.45,WATERLOO WELLINGTON 2,6149389,6149389.2025.4.24,2025-04-24 00:00:00,ON,2025,4,24,,,,,,,,,,,,,,,,,,,,,,,,,42424
-80.38333333333334,43.45,WATERLOO WELLINGTON 2,6149389,6149389.2025.4.25,2025-04-25 00:00:00,ON,2025,4,25,,,,,,,,,,,,,,,,,,,,,,,,,42424
-80.38333333333334,43.45,WATERLOO WELLINGTON 2,6149389,6149389.2025.4.26,2025-04-26 00:00:00,ON,2025,4,26,,,,,,,,,,,,,,,,,,,,,,,,,42424
-80.38333333333334,43.45,WATERLOO WELLINGTON 2,6149389,6149389.2025.4.27,2025-04-27 00:00:00,ON,2025,4,27,,,,,,,,,,,,,,,,,,,,,,,,,42424
-80.38333333333334,43.45,WATERLOO WELLINGTON 2,6149389,6149389.2025.4.28,2025-04-28 00:00:00,ON,2025,4,28,,,,,,,,,,,,,,,,,,,,,,,,,42424
-80.38333333333334,43.45,WATERLOO WELLINGTON 2,6149389,6149389.2025.4.29,2025-04-29 00:00:00,ON,2025,4,29,,,,,,,,,,,,,,,,,,,,,,,,,42424
-80.38333333333334,43.45,WATERLOO WELLINGTON 2,6149389,6149389.2025.4.30,2025-04-30 00:00:00,ON,2025,4,30,,,,,,,,,,,,,,,,,,,,,,,,,42424
-80.38333333333334,43.45,WATERLOO WELLINGTON 2,6149389,6149389.2025.5.1,2025-05-01 00:00:00,ON,2025,5,1,,,,,,,,,,,,,,,,,,,,,,,,,42424
-80.38333333333334,43.45,WATERLOO WELLINGTON 2,6149389,6149389.2025.5.2,2025-05-02 00:00:00,ON,2025,5,2,,,,,,,,,,,,,,,,,,,,,,,,,42424
-80.38333333333334,43.45,WATERLOO WELLINGTON 2,6149389,6149389.2025.5.3,2025-05-03 00:00:00,ON,2025,5,3,,,,,,,,,,,,,,,,,,,,,,,,,42424
-80.38333333333334,43.45,WATERLOO WELLINGTON 2,6149389,6149389.2025.5.4,2025-05-04 00:00:00,ON,2025,5,4,,,,,,,,,,,,,,,,,,,,,,,,,42424
-80.38333333333334,43.45,WATERLOO WELLINGTON 2,6149389,6149389.2025.5.5,2025-05-05 00:00:00,ON,2025,5,5,,,,,,,,,,,,,,,,,,,,,,,,,42424
-80.38333333333334,43.45,WATERLOO WELLINGTON 2,6149389,6149389.2025.5.6,2025-05-06 00:00:00,ON,2025,5,6,,,,,,,,,,,,,,,,,,,,,,,,,42424
-80.38333333333334,43.45,WATERLOO WELLINGTON 2,6149389,6149389.2025.5.7,2025-05-07 00:00:00,ON,2025,5,7,,,,,,,,,,,,,,,,,,,,,,,,,42424
-80.38333333333334,43.45,WATERLOO WELLINGTON 2,6149389,6149389.2025.5.8,2025-05-08 00:00:00,ON,2025,5,8,,,,,,,,,,,,,,,,,,,,,,,,,42424
-80.38333333333334,43.45,WATERLOO WELLINGTON 2,6149389,6149389.2025.5.9,2025-05-09 00:00:00,ON,2025,5,9,,,,,,,,,,,,,,,,,,,,,,,,,42424
-80.38333333333334,43.45,WATERLOO WELLINGTON 2,6149389,6149389.2025.5.10,2025-05-10 00:00:00,ON,2025,5,10,,,,,,,,,,,,,,,,,,,,,,,,,42424
-80.38333333333334,43.45,WATERLOO WELLINGTON 2,6149389,6149389.2025.5.11,2025-05-11 00:00:00,ON,2025,5,11,,,,,,,,,,,,,,,,,,,,,,,,,42424
-80.38333333333334,43.45,WATERLOO WELLINGTON 2,6149389,6149389.2025.5.12,2025-05-12 00:00:00,ON,2025,5,12,,,,,,,,,,,,,,,,,,,,,,,,,42424
-80.38333333333334,43.45,WATERLOO WELLINGTON 2,6149389,6149389.2025.5.13,2025-05-13 00:00:00,ON,2025,5,13,,,,,,,,,,,,,,,,,,,,,,,,,42424
-80.38333333333334,43.45,WATERLOO WELLINGTON 2,6149389,6149389.2025.5.14,2025-05-14 00:00:00,ON,2025,5,14,,,,,,,,,,,,,,,,,,,,,,,,,42424
-80.38333333333334,43.45,WATERLOO WELLINGTON 2,6149389,6149389.2025.5.15,2025-05-15 00:00:00,ON,2025,5,15,,,,,,,,,,,,,,,,,,,,,,,,,42424
-80.38333333333334,43.45,WATERLOO WELLINGTON 2,6149389,6149389.2025.5.16,2025-05-16 00:00:00,ON,2025,5,16,,,,,,,,,,,,,,,,,,,,,,,,,42424
-80.38333333333334,43.45,WATERLOO WELLINGTON 2,6149389,6149389.2025.5.17,2025-05-17 00:00:00,ON,2025,5,17,,,,,,,,,,,,,,,,,,,,,,,,,42424
-80.38333333333334,43.45,WATERLOO WELLINGTON 2,6149389,6149389.2025.5.18,2025-05-18 00:00:00,ON,2025,5,18,,,,,,,,,,,,,,,,,,,,,,,,,42424
-80.38333333333334,43.45,WATERLOO WELLINGTON 2,6149389,6149389.2025.5.19,2025-05-19 00:00:00,ON,2025,5,19,,,,,,,,,,,,,,,,,,,,,,,,,42424
-80.38333333333334,43.45,WATERLOO WELLINGTON 2,6149389,6149389.2025.5.20,2025-05-20 00:00:00,ON,2025,5,20,,,,,,,,,,,,,,,,,,,,,,,,,42424
-80.38333333333334,43.45,WATERLOO WELLINGTON 2,6149389,6149389.2025.5.21,2025-05-21 00:00:00,ON,2025,5,21,,,,,,,,,,,,,,,,,,,,,,,,,42424
-80.38333333333334,43.45,WATERLOO WELLINGTON 2,6149389,6149389.2025.5.22,2025-05-22 00:00:00,ON,2025,5,22,,,,,,,,,,,,,,,,,,,,,,,,,42424
-80.38333333333334,43.45,WATERLOO WELLINGTON 2,6149389,6149389.2025.5.23,2025-05-23 00:00:00,ON,2025,5,23,,,,,,,,,,,,,,,,,,,,,,,,,42424
-80.38333333333334,43.45,WATERLOO WELLINGTON 2,6149389,6149389.2025.5.24,2025-05-24 00:00:00,ON,2025,5,24,,,,,,,,,,,,,,,,,,,,,,,,,42424
-80.38333333333334,43.45,WATERLOO WELLINGTON 2,6149389,6149389.2025.5.25,2025-05-25 00:00:00,ON,2025,5,25,,,,,,,,,,,,,,,,,,,,,,,,,42424
-80.38333333333334,43.45,WATERLOO WELLINGTON 2,6149389,6149389.2025.5.26,2025-05-26 00:00:00,ON,2025,5,26,,,,,,,,,,,,,,,,,,,,,,,,,42424
-80.38333333333334,43.45,WATERLOO WELLINGTON 2,6149389,6149389.2025.5.27,2025-05-27 00:00:00,ON,2025,5,27,,,,,,,,,,,,,,,,,,,,,,,,,42424
-80.38333333333334,43.45,WATERLOO WELLINGTON 2,6149389,6149389.2025.5.28,2025-05-28 00:00:00,ON,2025,5,28,,,,,,,,,,,,,,,,,,,,,,,,,42424
-80.38333333333334,43.45,WATERLOO WELLINGTON 2,6149389,6149389.2025.5.29,2025-05-29 00:00:00,ON,2025,5,29,,,,,,,,,,,,,,,,,,,,,,,,,42424
-80.38333333333334,43.45,WATERLOO WELLINGTON 2,6149389,6149389.2025.5.30,2025-05-30 00:00:00,ON,2025,5,30,,,,,,,,,,,,,,,,,,,,,,,,,42424
-80.38333333333334,43.45,WATERLOO WELLINGTON 2,6149389,6149389.2025.5.31,2025-05-31 00:00:00,ON,2025,5,31,,,,,,,,,,,,,,,,,,,,,,,,,42424
-80.38333333333334,43.45,WATERLOO WELLINGTON 2,6149389,6149389.2025.6.1,2025-06-01 00:00:00,ON,2025,6,1,,,,,,,,,,,,,,,,,,,,,,,,,42424
-80.38333333333334,43.45,WATERLOO WELLINGTON 2,6149389,6149389.2025.6.2,2025-06-02 00:00:00,ON,2025,6,2,,,,,,,,,,,,,,,,,,,,,,,,,42424
-80.38333333333334,43.45,WATERLOO WELLINGTON 2,6149389,6149389.2025.6.3,2025-06-03 00:00:00,ON,2025,6,3,,,,,,,,,,,,,,,,,,,,,,,,,42424
-80.38333333333334,43.45,WATERLOO WELLINGTON 2,6149389,6149389.2025.6.4,2025-06-04 00:00:00,ON,2025,6,4,,,,,,,,,,,,,,,,,,,,,,,,,42424
-80.38333333333334,43.45,WATERLOO WELLINGTON 2,6149389,6149389.2025.6.5,2025-06-05 00:00:00,ON,2025,6,5,,,,,,,,,,,,,,,,,,,,,,,,,42424
-80.38333333333334,43.45,WATERLOO WELLINGTON 2,6149389,6149389.2025.6.6,2025-06-06 00:00:00,ON,2025,6,6,,,,,,,,,,,,,,,,,,,,,,,,,42424
-80.38333333333334,43.45,WATERLOO WELLINGTON 2,6149389,6149389.2025.6.7,2025-06-07 00:00:00,ON,2025,6,7,,,,,,,,,,,,,,,,,,,,,,,,,42424
-80.38333333333334,43.45,WATERLOO WELLINGTON 2,6149389,6149389.2025.6.8,2025-06-08 00:00:00,ON,2025,6,8,,,,,,,,,,,,,,,,,,,,,,,,,42424
-80.38333333333334,43.45,WATERLOO WELLINGTON 2,6149389,6149389.2025.6.9,2025-06-09 00:00:00,ON,2025,6,9,,,,,,,,,,,,,,,,,,,,,,,,,42424
-80.38333333333334,43.45,WATERLOO WELLINGTON 2,6149389,6149389.2025.6.10,2025-06-10 00:00:00,ON,2025,6,10,,,,,,,,,,,,,,,,,,,,,,,,,42424
-80.38333333333334,43.45,WATERLOO WELLINGTON 2,6149389,6149389.2025.6.11,2025-06-11 00:00:00,ON,2025,6,11,,,,,,,,,,,,,,,,,,,,,,,,,42424
-80.38333333333334,43.45,WATERLOO WELLINGTON 2,6149389,6149389.2025.6.12,2025-06-12 00:00:00,ON,2025,6,12,,,,,,,,,,,,,,,,,,,,,,,,,42424
-80.38333333333334,43.45,WATERLOO WELLINGTON 2,6149389,6149389.2025.6.13,2025-06-13 00:00:00,ON,2025,6,13,,,,,,,,,,,,,,,,,,,,,,,,,42424
-80.38333333333334,43.45,WATERLOO WELLINGTON 2,6149389,6149389.2025.6.14,2025-06-14 00:00:00,ON,2025,6,14,,,,,,,,,,,,,,,,,,,,,,,,,42424
-80.38333333333334,43.45,WATERLOO WELLINGTON 2,6149389,6149389.2025.6.15,2025-06-15 00:00:00,ON,2025,6,15,,,,,,,,,,,,,,,,,,,,,,,,,42424
-80.38333333333334,43.45,WATERLOO WELLINGTON 2,6149389,6149389.2025.6.16,2025-06-16 00:00:00,ON,2025,6,16,,,,,,,,,,,,,,,,,,,,,,,,,42424
-80.38333333333334,43.45,WATERLOO WELLINGTON 2,6149389,6149389.2025.6.17,2025-06-17 00:00:00,ON,2025,6,17,,,,,,,,,,,,,,,,,,,,,,,,,42424
-80.38333333333334,43.45,WATERLOO WELLINGTON 2,6149389,6149389.2025.6.18,2025-06-18 00:00:00,ON,2025,6,18,,,,,,,,,,,,,,,,,,,,,,,,,42424
-80.38333333333334,43.45,WATERLOO WELLINGTON 2,6149389,6149389.2025.6.19,2025-06-19 00:00:00,ON,2025,6,19,,,,,,,,,,,,,,,,,,,,,,,,,42424
-80.38333333333334,43.45,WATERLOO WELLINGTON 2,6149389,6149389.2025.6.20,2025-06-20 00:00:00,ON,2025,6,20,,,,,,,,,,,,,,,,,,,,,,,,,42424
-80.38333333333334,43.45,WATERLOO WELLINGTON 2,6149389,6149389.2025.6.21,2025-06-21 00:00:00,ON,2025,6,21,,,,,,,,,,,,,,,,,,,,,,,,,42424
-80.38333333333334,43.45,WATERLOO WELLINGTON 2,6149389,6149389.2025.6.22,2025-06-22 00:00:00,ON,2025,6,22,,,,,,,,,,,,,,,,,,,,,,,,,42424
-80.38333333333334,43.45,WATERLOO WELLINGTON 2,6149389,6149389.2025.6.23,2025-06-23 00:00:00,ON,2025,6,23,,,,,,,,,,,,,,,,,,,,,,,,,42424
-80.38333333333334,43.45,WATERLOO WELLINGTON 2,6149389,6149389.2025.6.24,2025-06-24 00:00:00,ON,2025,6,24,,,,,,,,,,,,,,,,,,,,,,,,,42424
-80.38333333333334,43.45,WATERLOO WELLINGTON 2,6149389,6149389.2025.6.25,2025-06-25 00:00:00,ON,2025,6,25,,,,,,,,,,,,,,,,,,,,,,,,,42424
-80.38333333333334,43.45,WATERLOO WELLINGTON 2,6149389,6149389.2025.6.26,2025-06-26 00:00:00,ON,2025,6,26,,,,,,,,,,,,,,,,,,,,,,,,,42424
-80.38333333333334,43.45,WATERLOO WELLINGTON 2,6149389,6149389.2025.6.27,2025-06-27 00:00:00,ON,2025,6,27,,,,,,,,,,,,,,,,,,,,,,,,,42424
-80.38333333333334,43.45,WATERLOO WELLINGTON 2,6149389,6149389.2025.6.28,2025-06-28 00:00:00,ON,2025,6,28,,,,,,,,,,,,,,,,,,,,,,,,,42424
-80.38333333333334,43.45,WATERLOO WELLINGTON 2,6149389,6149389.2025.6.29,2025-06-29 00:00:00,ON,2025,6,29,,,,,,,,,,,,,,,,,,,,,,,,,42424
-80.38333333333334,43.45,WATERLOO WELLINGTON 2,6149389,6149389.2025.6.30,2025-06-30 00:00:00,ON,2025,6,30,,,,,,,,,,,,,,,,,,,,,,,,,42424
-80.38333333333334,43.45,WATERLOO WELLINGTON 2,6149389,6149389.2025.7.1,2025-07-01 00:00:00,ON,2025,7,1,,,,,,,,,,,,,,,,,,,,,,,,,42424
-80.38333333333334,43.45,WATERLOO WELLINGTON 2,6149389,6149389.2025.7.2,2025-07-02 00:00:00,ON,2025,7,2,,,,,,,,,,,,,,,,,,,,,,,,,42424
-80.38333333333334,43.45,WATERLOO WELLINGTON 2,6149389,6149389.2025.7.3,2025-07-03 00:00:00,ON,2025,7,3,,,,,,,,,,,,,,,,,,,,,,,,,42424
-80.38333333333334,43.45,WATERLOO WELLINGTON 2,6149389,6149389.2025.7.4,2025-07-04 00:00:00,ON,2025,7,4,,,,,,,,,,,,,,,,,,,,,,,,,42424
-80.38333333333334,43.45,WATERLOO WELLINGTON 2,6149389,6149389.2025.7.5,2025-07-05 00:00:00,ON,2025,7,5,,,,,,,,,,,,,,,,,,,,,,,,,42424
-80.38333333333334,43.45,WATERLOO WELLINGTON 2,6149389,6149389.2025.7.6,2025-07-06 00:00:00,ON,2025,7,6,,,,,,,,,,,,,,,,,,,,,,,,,42424
-80.38333333333334,43.45,WATERLOO WELLINGTON 2,6149389,6149389.2025.7.7,2025-07-07 00:00:00,ON,2025,7,7,,,,,,,,,,,,,,,,,,,,,,,,,42424
-80.38333333333334,43.45,WATERLOO WELLINGTON 2,6149389,6149389.2025.7.8,2025-07-08 00:00:00,ON,2025,7,8,,,,,,,,,,,,,,,,,,,,,,,,,42424
-80.38333333333334,43.45,WATERLOO WELLINGTON 2,6149389,6149389.2025.7.9,2025-07-09 00:00:00,ON,2025,7,9,,,,,,,,,,,,,,,,,,,,,,,,,42424
-80.38333333333334,43.45,WATERLOO WELLINGTON 2,6149389,6149389.2025.7.10,2025-07-10 00:00:00,ON,2025,7,10,,,,,,,,,,,,,,,,,,,,,,,,,42424
-80.38333333333334,43.45,WATERLOO WELLINGTON 2,6149389,6149389.2025.7.11,2025-07-11 00:00:00,ON,2025,7,11,,,,,,,,,,,,,,,,,,,,,,,,,42424
-80.38333333333334,43.45,WATERLOO WELLINGTON 2,6149389,6149389.2025.7.12,2025-07-12 00:00:00,ON,2025,7,12,,,,,,,,,,,,,,,,,,,,,,,,,42424
-80.38333333333334,43.45,WATERLOO WELLINGTON 2,6149389,6149389.2025.7.13,2025-07-13 00:00:00,ON,2025,7,13,,,,,,,,,,,,,,,,,,,,,,,,,42424
-80.38333333333334,43.45,WATERLOO WELLINGTON 2,6149389,6149389.2025.7.14,2025-07-14 00:00:00,ON,2025,7,14,,,,,,,,,,,,,,,,,,,,,,,,,42424
-80.38333333333334,43.45,WATERLOO WELLINGTON 2,6149389,6149389.2025.7.15,2025-07-15 00:00:00,ON,2025,7,15,,,,,,,,,,,,,,,,,,,,,,,,,42424
-80.38333333333334,43.45,WATERLOO WELLINGTON 2,6149389,6149389.2025.7.16,2025-07-16 00:00:00,ON,2025,7,16,,,,,,,,,,,,,,,,,,,,,,,,,42424
-80.38333333333334,43.45,WATERLOO WELLINGTON 2,6149389,6149389.2025.7.17,2025-07-17 00:00:00,ON,2025,7,17,,,,,,,,,,,,,,,,,,,,,,,,,42424
-80.38333333333334,43.45,WATERLOO WELLINGTON 2,6149389,6149389.2025.7.18,2025-07-18 00:00:00,ON,2025,7,18,,,,,,,,,,,,,,,,,,,,,,,,,42424
-80.38333333333334,43.45,WATERLOO WELLINGTON 2,6149389,6149389.2025.7.19,2025-07-19 00:00:00,ON,2025,7,19,,,,,,,,,,,,,,,,,,,,,,,,,42424
-80.38333333333334,43.45,WATERLOO WELLINGTON 2,6149389,6149389.2025.7.20,2025-07-20 00:00:00,ON,2025,7,20,,,,,,,,,,,,,,,,,,,,,,,,,42424
-80.38333333333334,43.45,WATERLOO WELLINGTON 2,6149389,6149389.2025.7.21,2025-07-21 00:00:00,ON,2025,7,21,,,,,,,,,,,,,,,,,,,,,,,,,42424
-80.38333333333334,43.45,WATERLOO WELLINGTON 2,6149389,6149389.2025.7.22,2025-07-22 00:00:00,ON,2025,7,22,,,,,,,,,,,,,,,,,,,,,,,,,42424
-80.38333333333334,43.45,WATERLOO WELLINGTON 2,6149389,6149389.2025.7.23,2025-07-23 00:00:00,ON,2025,7,23,,,,,,,,,,,,,,,,,,,,,,,,,42424
-80.38333333333334,43.45,WATERLOO WELLINGTON 2,6149389,6149389.2025.7.24,2025-07-24 00:00:00,ON,2025,7,24,,,,,,,,,,,,,,,,,,,,,,,,,42424
-80.38333333333334,43.45,WATERLOO WELLINGTON 2,6149389,6149389.2025.7.25,2025-07-25 00:00:00,ON,2025,7,25,,,,,,,,,,,,,,,,,,,,,,,,,42424
-80.38333333333334,43.45,WATERLOO WELLINGTON 2,6149389,6149389.2025.7.26,2025-07-26 00:00:00,ON,2025,7,26,,,,,,,,,,,,,,,,,,,,,,,,,42424
-80.38333333333334,43.45,WATERLOO WELLINGTON 2,6149389,6149389.2025.7.27,2025-07-27 00:00:00,ON,2025,7,27,,,,,,,,,,,,,,,,,,,,,,,,,42424
-80.38333333333334,43.45,WATERLOO WELLINGTON 2,6149389,6149389.2025.7.28,2025-07-28 00:00:00,ON,2025,7,28,,,,,,,,,,,,,,,,,,,,,,,,,42424
-80.38333333333334,43.45,WATERLOO WELLINGTON 2,6149389,6149389.2025.7.29,2025-07-29 00:00:00,ON,2025,7,29,,,,,,,,,,,,,,,,,,,,,,,,,42424
-80.38333333333334,43.45,WATERLOO WELLINGTON 2,6149389,6149389.2025.7.30,2025-07-30 00:00:00,ON,2025,7,30,,,,,,,,,,,,,,,,,,,,,,,,,42424
-80.38333333333334,43.45,WATERLOO WELLINGTON 2,6149389,6149389.2025.7.31,2025-07-31 00:00:00,ON,2025,7,31,,,,,,,,,,,,,,,,,,,,,,,,,42424
-80.38333333333334,43.45,WATERLOO WELLINGTON 2,6149389,6149389.2025.8.1,2025-08-01 00:00:00,ON,2025,8,1,,,,,,,,,,,,,,,,,,,,,,,,,42424
-80.38333333333334,43.45,WATERLOO WELLINGTON 2,6149389,6149389.2025.8.2,2025-08-02 00:00:00,ON,2025,8,2,,,,,,,,,,,,,,,,,,,,,,,,,42424
-80.38333333333334,43.45,WATERLOO WELLINGTON 2,6149389,6149389.2025.8.3,2025-08-03 00:00:00,ON,2025,8,3,,,,,,,,,,,,,,,,,,,,,,,,,42424
-80.38333333333334,43.45,WATERLOO WELLINGTON 2,6149389,6149389.2025.8.4,2025-08-04 00:00:00,ON,2025,8,4,,,,,,,,,,,,,,,,,,,,,,,,,42424
-80.38333333333334,43.45,WATERLOO WELLINGTON 2,6149389,6149389.2025.8.5,2025-08-05 00:00:00,ON,2025,8,5,,,,,,,,,,,,,,,,,,,,,,,,,42424
-80.38333333333334,43.45,WATERLOO WELLINGTON 2,6149389,6149389.2025.8.6,2025-08-06 00:00:00,ON,2025,8,6,,,,,,,,,,,,,,,,,,,,,,,,,42424
-80.38333333333334,43.45,WATERLOO WELLINGTON 2,6149389,6149389.2025.8.7,2025-08-07 00:00:00,ON,2025,8,7,,,,,,,,,,,,,,,,,,,,,,,,,42424
-80.38333333333334,43.45,WATERLOO WELLINGTON 2,6149389,6149389.2025.8.8,2025-08-08 00:00:00,ON,2025,8,8,,,,,,,,,,,,,,,,,,,,,,,,,42424
-80.38333333333334,43.45,WATERLOO WELLINGTON 2,6149389,6149389.2025.8.9,2025-08-09 00:00:00,ON,2025,8,9,,,,,,,,,,,,,,,,,,,,,,,,,42424
-80.38333333333334,43.45,WATERLOO WELLINGTON 2,6149389,6149389.2025.8.10,2025-08-10 00:00:00,ON,2025,8,10,,,,,,,,,,,,,,,,,,,,,,,,,42424
-80.38333333333334,43.45,WATERLOO WELLINGTON 2,6149389,6149389.2025.8.11,2025-08-11 00:00:00,ON,2025,8,11,,,,,,,,,,,,,,,,,,,,,,,,,42424
-80.38333333333334,43.45,WATERLOO WELLINGTON 2,6149389,6149389.2025.8.12,2025-08-12 00:00:00,ON,2025,8,12,,,,,,,,,,,,,,,,,,,,,,,,,42424
-80.38333333333334,43.45,WATERLOO WELLINGTON 2,6149389,6149389.2025.8.13,2025-08-13 00:00:00,ON,2025,8,13,,,,,,,,,,,,,,,,,,,,,,,,,42424
-80.38333333333334,43.45,WATERLOO WELLINGTON 2,6149389,6149389.2025.8.14,2025-08-14 00:00:00,ON,2025,8,14,,,,,,,,,,,,,,,,,,,,,,,,,42424
-80.38333333333334,43.45,WATERLOO WELLINGTON 2,6149389,6149389.2025.8.15,2025-08-15 00:00:00,ON,2025,8,15,,,,,,,,,,,,,,,,,,,,,,,,,42424
-80.38333333333334,43.45,WATERLOO WELLINGTON 2,6149389,6149389.2025.8.16,2025-08-16 00:00:00,ON,2025,8,16,,,,,,,,,,,,,,,,,,,,,,,,,42424
-80.38333333333334,43.45,WATERLOO WELLINGTON 2,6149389,6149389.2025.8.17,2025-08-17 00:00:00,ON,2025,8,17,,,,,,,,,,,,,,,,,,,,,,,,,42424
-80.38333333333334,43.45,WATERLOO WELLINGTON 2,6149389,6149389.2025.8.18,2025-08-18 00:00:00,ON,2025,8,18,,,,,,,,,,,,,,,,,,,,,,,,,42424
-80.38333333333334,43.45,WATERLOO WELLINGTON 2,6149389,6149389.2025.8.19,2025-08-19 00:00:00,ON,2025,8,19,,,,,,,,,,,,,,,,,,,,,,,,,42424
-80.38333333333334,43.45,WATERLOO WELLINGTON 2,6149389,6149389.2025.8.20,2025-08-20 00:00:00,ON,2025,8,20,,,,,,,,,,,,,,,,,,,,,,,,,42424
-80.38333333333334,43.45,WATERLOO WELLINGTON 2,6149389,6149389.2025.8.21,2025-08-21 00:00:00,ON,2025,8,21,,,,,,,,,,,,,,,,,,,,,,,,,42424
-80.38333333333334,43.45,WATERLOO WELLINGTON 2,6149389,6149389.2025.8.22,2025-08-22 00:00:00,ON,2025,8,22,,,,,,,,,,,,,,,,,,,,,,,,,42424
-80.38333333333334,43.45,WATERLOO WELLINGTON 2,6149389,6149389.2025.8.23,2025-08-23 00:00:00,ON,2025,8,23,,,,,,,,,,,,,,,,,,,,,,,,,42424
-80.38333333333334,43.45,WATERLOO WELLINGTON 2,6149389,6149389.2025.8.24,2025-08-24 00:00:00,ON,2025,8,24,,,,,,,,,,,,,,,,,,,,,,,,,42424
-80.38333333333334,43.45,WATERLOO WELLINGTON 2,6149389,6149389.2025.8.25,2025-08-25 00:00:00,ON,2025,8,25,,,,,,,,,,,,,,,,,,,,,,,,,42424
-80.38333333333334,43.45,WATERLOO WELLINGTON 2,6149389,6149389.2025.8.26,2025-08-26 00:00:00,ON,2025,8,26,,,,,,,,,,,,,,,,,,,,,,,,,42424
-80.38333333333334,43.45,WATERLOO WELLINGTON 2,6149389,6149389.2025.8.27,2025-08-27 00:00:00,ON,2025,8,27,,,,,,,,,,,,,,,,,,,,,,,,,42424
-80.38333333333334,43.45,WATERLOO WELLINGTON 2,6149389,6149389.2025.8.28,2025-08-28 00:00:00,ON,2025,8,28,,,,,,,,,,,,,,,,,,,,,,,,,42424
-80.38333333333334,43.45,WATERLOO WELLINGTON 2,6149389,6149389.2025.8.29,2025-08-29 00:00:00,ON,2025,8,29,,,,,,,,,,,,,,,,,,,,,,,,,42424
-80.38333333333334,43.45,WATERLOO WELLINGTON 2,6149389,6149389.2025.8.30,2025-08-30 00:00:00,ON,2025,8,30,,,,,,,,,,,,,,,,,,,,,,,,,42424
-80.38333333333334,43.45,WATERLOO WELLINGTON 2,6149389,6149389.2025.8.31,2025-08-31 00:00:00,ON,2025,8,31,,,,,,,,,,,,,,,,,,,,,,,,,42424
-80.38333333333334,43.45,WATERLOO WELLINGTON 2,6149389,6149389.2025.9.1,2025-09-01 00:00:00,ON,2025,9,1,,,,,,,,,,,,,,,,,,,,,,,,,42424
-80.38333333333334,43.45,WATERLOO WELLINGTON 2,6149389,6149389.2025.9.2,2025-09-02 00:00:00,ON,2025,9,2,,,,,,,,,,,,,,,,,,,,,,,,,42424
-80.38333333333334,43.45,WATERLOO WELLINGTON 2,6149389,6149389.2025.9.3,2025-09-03 00:00:00,ON,2025,9,3,,,,,,,,,,,,,,,,,,,,,,,,,42424
-80.38333333333334,43.45,WATERLOO WELLINGTON 2,6149389,6149389.2025.9.4,2025-09-04 00:00:00,ON,2025,9,4,,,,,,,,,,,,,,,,,,,,,,,,,42424
-80.38333333333334,43.45,WATERLOO WELLINGTON 2,6149389,6149389.2025.9.5,2025-09-05 00:00:00,ON,2025,9,5,,,,,,,,,,,,,,,,,,,,,,,,,42424
-80.38333333333334,43.45,WATERLOO WELLINGTON 2,6149389,6149389.2025.9.6,2025-09-06 00:00:00,ON,2025,9,6,,,,,,,,,,,,,,,,,,,,,,,,,42424
-80.38333333333334,43.45,WATERLOO WELLINGTON 2,6149389,6149389.2025.9.7,2025-09-07 00:00:00,ON,2025,9,7,,,,,,,,,,,,,,,,,,,,,,,,,42424
-80.38333333333334,43.45,WATERLOO WELLINGTON 2,6149389,6149389.2025.9.8,2025-09-08 00:00:00,ON,2025,9,8,,,,,,,,,,,,,,,,,,,,,,,,,42424
-80.38333333333334,43.45,WATERLOO WELLINGTON 2,6149389,6149389.2025.9.9,2025-09-09 00:00:00,ON,2025,9,9,,,,,,,,,,,,,,,,,,,,,,,,,42424
-80.38333333333334,43.45,WATERLOO WELLINGTON 2,6149389,6149389.2025.9.10,2025-09-10 00:00:00,ON,2025,9,10,,,,,,,,,,,,,,,,,,,,,,,,,42424
-80.38333333333334,43.45,WATERLOO WELLINGTON 2,6149389,6149389.2025.9.11,2025-09-11 00:00:00,ON,2025,9,11,,,,,,,,,,,,,,,,,,,,,,,,,42424
-80.38333333333334,43.45,WATERLOO WELLINGTON 2,6149389,6149389.2025.9.12,2025-09-12 00:00:00,ON,2025,9,12,,,,,,,,,,,,,,,,,,,,,,,,,42424
-80.38333333333334,43.45,WATERLOO WELLINGTON 2,6149389,6149389.2025.9.13,2025-09-13 00:00:00,ON,2025,9,13,,,,,,,,,,,,,,,,,,,,,,,,,42424
-80.38333333333334,43.45,WATERLOO WELLINGTON 2,6149389,6149389.2025.9.14,2025-09-14 00:00:00,ON,2025,9,14,,,,,,,,,,,,,,,,,,,,,,,,,42424
-80.38333333333334,43.45,WATERLOO WELLINGTON 2,6149389,6149389.2025.9.15,2025-09-15 00:00:00,ON,2025,9,15,,,,,,,,,,,,,,,,,,,,,,,,,42424
-80.38333333333334,43.45,WATERLOO WELLINGTON 2,6149389,6149389.2025.9.16,2025-09-16 00:00:00,ON,2025,9,16,,,,,,,,,,,,,,,,,,,,,,,,,42424
-80.38333333333334,43.45,WATERLOO WELLINGTON 2,6149389,6149389.2025.9.17,2025-09-17 00:00:00,ON,2025,9,17,,,,,,,,,,,,,,,,,,,,,,,,,42424
-80.38333333333334,43.45,WATERLOO WELLINGTON 2,6149389,6149389.2025.9.18,2025-09-18 00:00:00,ON,2025,9,18,,,,,,,,,,,,,,,,,,,,,,,,,42424
-80.38333333333334,43.45,WATERLOO WELLINGTON 2,6149389,6149389.2025.9.19,2025-09-19 00:00:00,ON,2025,9,19,,,,,,,,,,,,,,,,,,,,,,,,,42424
-80.38333333333334,43.45,WATERLOO WELLINGTON 2,6149389,6149389.2025.9.20,2025-09-20 00:00:00,ON,2025,9,20,,,,,,,,,,,,,,,,,,,,,,,,,42424
-80.38333333333334,43.45,WATERLOO WELLINGTON 2,6149389,6149389.2025.9.21,2025-09-21 00:00:00,ON,2025,9,21,,,,,,,,,,,,,,,,,,,,,,,,,42424
-80.38333333333334,43.45,WATERLOO WELLINGTON 2,6149389,6149389.2025.9.22,2025-09-22 00:00:00,ON,2025,9,22,,,,,,,,,,,,,,,,,,,,,,,,,42424
-80.38333333333334,43.45,WATERLOO WELLINGTON 2,6149389,6149389.2025.9.23,2025-09-23 00:00:00,ON,2025,9,23,,,,,,,,,,,,,,,,,,,,,,,,,42424
-80.38333333333334,43.45,WATERLOO WELLINGTON 2,6149389,6149389.2025.9.24,2025-09-24 00:00:00,ON,2025,9,24,,,,,,,,,,,,,,,,,,,,,,,,,42424
-80.38333333333334,43.45,WATERLOO WELLINGTON 2,6149389,6149389.2025.9.25,2025-09-25 00:00:00,ON,2025,9,25,,,,,,,,,,,,,,,,,,,,,,,,,42424
-80.38333333333334,43.45,WATERLOO WELLINGTON 2,6149389,6149389.2025.9.26,2025-09-26 00:00:00,ON,2025,9,26,,,,,,,,,,,,,,,,,,,,,,,,,42424
-80.38333333333334,43.45,WATERLOO WELLINGTON 2,6149389,6149389.2025.9.27,2025-09-27 00:00:00,ON,2025,9,27,,,,,,,,,,,,,,,,,,,,,,,,,42424
-80.38333333333334,43.45,WATERLOO WELLINGTON 2,6149389,6149389.2025.9.28,2025-09-28 00:00:00,ON,2025,9,28,,,,,,,,,,,,,,,,,,,,,,,,,42424
-80.38333333333334,43.45,WATERLOO WELLINGTON 2,6149389,6149389.2025.9.29,2025-09-29 00:00:00,ON,2025,9,29,,,,,,,,,,,,,,,,,,,,,,,,,42424
-80.38333333333334,43.45,WATERLOO WELLINGTON 2,6149389,6149389.2025.9.30,2025-09-30 00:00:00,ON,2025,9,30,,,,,,,,,,,,,,,,,,,,,,,,,42424
-80.38333333333334,43.45,WATERLOO WELLINGTON 2,6149389,6149389.2025.10.1,2025-10-01 00:00:00,ON,2025,10,1,,,,,,,,,,,,,,,,,,,,,,,,,42424
-80.38333333333334,43.45,WATERLOO WELLINGTON 2,6149389,6149389.2025.10.2,2025-10-02 00:00:00,ON,2025,10,2,,,,,,,,,,,,,,,,,,,,,,,,,42424
-80.38333333333334,43.45,WATERLOO WELLINGTON 2,6149389,6149389.2025.10.3,2025-10-03 00:00:00,ON,2025,10,3,,,,,,,,,,,,,,,,,,,,,,,,,42424
-80.38333333333334,43.45,WATERLOO WELLINGTON 2,6149389,6149389.2025.10.4,2025-10-04 00:00:00,ON,2025,10,4,,,,,,,,,,,,,,,,,,,,,,,,,42424
-80.38333333333334,43.45,WATERLOO WELLINGTON 2,6149389,6149389.2025.10.5,2025-10-05 00:00:00,ON,2025,10,5,,,,,,,,,,,,,,,,,,,,,,,,,42424
-80.38333333333334,43.45,WATERLOO WELLINGTON 2,6149389,6149389.2025.10.6,2025-10-06 00:00:00,ON,2025,10,6,,,,,,,,,,,,,,,,,,,,,,,,,42424
-80.38333333333334,43.45,WATERLOO WELLINGTON 2,6149389,6149389.2025.10.7,2025-10-07 00:00:00,ON,2025,10,7,,,,,,,,,,,,,,,,,,,,,,,,,42424
-80.38333333333334,43.45,WATERLOO WELLINGTON 2,6149389,6149389.2025.10.8,2025-10-08 00:00:00,ON,2025,10,8,,,,,,,,,,,,,,,,,,,,,,,,,42424
-80.38333333333334,43.45,WATERLOO WELLINGTON 2,6149389,6149389.2025.10.9,2025-10-09 00:00:00,ON,2025,10,9,,,,,,,,,,,,,,,,,,,,,,,,,42424
-80.38333333333334,43.45,WATERLOO WELLINGTON 2,6149389,6149389.2025.10.10,2025-10-10 00:00:00,ON,2025,10,10,,,,,,,,,,,,,,,,,,,,,,,,,42424
-80.38333333333334,43.45,WATERLOO WELLINGTON 2,6149389,6149389.2025.10.11,2025-10-11 00:00:00,ON,2025,10,11,,,,,,,,,,,,,,,,,,,,,,,,,42424
-80.38333333333334,43.45,WATERLOO WELLINGTON 2,6149389,6149389.2025.10.12,2025-10-12 00:00:00,ON,2025,10,12,,,,,,,,,,,,,,,,,,,,,,,,,42424
-80.38333333333334,43.45,WATERLOO WELLINGTON 2,6149389,6149389.2025.10.13,2025-10-13 00:00:00,ON,2025,10,13,,,,,,,,,,,,,,,,,,,,,,,,,42424
-80.38333333333334,43.45,WATERLOO WELLINGTON 2,6149389,6149389.2025.10.14,2025-10-14 00:00:00,ON,2025,10,14,,,,,,,,,,,,,,,,,,,,,,,,,42424
-80.38333333333334,43.45,WATERLOO WELLINGTON 2,6149389,6149389.2025.10.15,2025-10-15 00:00:00,ON,2025,10,15,,,,,,,,,,,,,,,,,,,,,,,,,42424
-80.38333333333334,43.45,WATERLOO WELLINGTON 2,6149389,6149389.2025.10.16,2025-10-16 00:00:00,ON,2025,10,16,,,,,,,,,,,,,,,,,,,,,,,,,42424
-80.38333333333334,43.45,WATERLOO WELLINGTON 2,6149389,6149389.2025.10.17,2025-10-17 00:00:00,ON,2025,10,17,,,,,,,,,,,,,,,,,,,,,,,,,42424
-80.38333333333334,43.45,WATERLOO WELLINGTON 2,6149389,6149389.2025.10.18,2025-10-18 00:00:00,ON,2025,10,18,,,,,,,,,,,,,,,,,,,,,,,,,42424
-80.38333333333334,43.45,WATERLOO WELLINGTON 2,6149389,6149389.2025.10.19,2025-10-19 00:00:00,ON,2025,10,19,,,,,,,,,,,,,,,,,,,,,,,,,42424
-80.38333333333334,43.45,WATERLOO WELLINGTON 2,6149389,6149389.2025.10.20,2025-10-20 00:00:00,ON,2025,10,20,,,,,,,,,,,,,,,,,,,,,,,,,42424
-80.38333333333334,43.45,WATERLOO WELLINGTON 2,6149389,6149389.2025.10.21,2025-10-21 00:00:00,ON,2025,10,21,,,,,,,,,,,,,,,,,,,,,,,,,42424
-80.38333333333334,43.45,WATERLOO WELLINGTON 2,6149389,6149389.2025.10.22,2025-10-22 00:00:00,ON,2025,10,22,,,,,,,,,,,,,,,,,,,,,,,,,42424
-80.38333333333334,43.45,WATERLOO WELLINGTON 2,6149389,6149389.2025.10.23,2025-10-23 00:00:00,ON,2025,10,23,,,,,,,,,,,,,,,,,,,,,,,,,42424
-80.38333333333334,43.45,WATERLOO WELLINGTON 2,6149389,6149389.2025.10.24,2025-10-24 00:00:00,ON,2025,10,24,,,,,,,,,,,,,,,,,,,,,,,,,42424
-80.38333333333334,43.45,WATERLOO WELLINGTON 2,6149389,6149389.2025.10.25,2025-10-25 00:00:00,ON,2025,10,25,,,,,,,,,,,,,,,,,,,,,,,,,42424
-80.38333333333334,43.45,WATERLOO WELLINGTON 2,6149389,6149389.2025.10.26,2025-10-26 00:00:00,ON,2025,10,26,,,,,,,,,,,,,,,,,,,,,,,,,42424
-80.38333333333334,43.45,WATERLOO WELLINGTON 2,6149389,6149389.2025.10.27,2025-10-27 00:00:00,ON,2025,10,27,,,,,,,,,,,,,,,,,,,,,,,,,42424
-80.38333333333334,43.45,WATERLOO WELLINGTON 2,6149389,6149389.2025.10.28,2025-10-28 00:00:00,ON,2025,10,28,,,,,,,,,,,,,,,,,,,,,,,,,42424
-80.38333333333334,43.45,WATERLOO WELLINGTON 2,6149389,6149389.2025.10.29,2025-10-29 00:00:00,ON,2025,10,29,,,,,,,,,,,,,,,,,,,,,,,,,42424
-80.38333333333334,43.45,WATERLOO WELLINGTON 2,6149389,6149389.2025.10.30,2025-10-30 00:00:00,ON,2025,10,30,,,,,,,,,,,,,,,,,,,,,,,,,42424
-80.38333333333334,43.45,WATERLOO WELLINGTON 2,6149389,6149389.2025.10.31,2025-10-31 00:00:00,ON,2025,10,31,,,,,,,,,,,,,,,,,,,,,,,,,42424
-80.38333333333334,43.45,WATERLOO WELLINGTON 2,6149389,6149389.2025.11.1,2025-11-01 00:00:00,ON,2025,11,1,,,,,,,,,,,,,,,,,,,,,,,,,42424
-80.38333333333334,43.45,WATERLOO WELLINGTON 2,6149389,6149389.2025.11.2,2025-11-02 00:00:00,ON,2025,11,2,,,,,,,,,,,,,,,,,,,,,,,,,42424
-80.38333333333334,43.45,WATERLOO WELLINGTON 2,6149389,6149389.2025.11.3,2025-11-03 00:00:00,ON,2025,11,3,,,,,,,,,,,,,,,,,,,,,,,,,42424
-80.38333333333334,43.45,WATERLOO WELLINGTON 2,6149389,6149389.2025.11.4,2025-11-04 00:00:00,ON,2025,11,4,,,,,,,,,,,,,,,,,,,,,,,,,42424
-80.38333333333334,43.45,WATERLOO WELLINGTON 2,6149389,6149389.2025.11.5,2025-11-05 00:00:00,ON,2025,11,5,,,,,,,,,,,,,,,,,,,,,,,,,42424
-80.38333333333334,43.45,WATERLOO WELLINGTON 2,6149389,6149389.2025.11.6,2025-11-06 00:00:00,ON,2025,11,6,,,,,,,,,,,,,,,,,,,,,,,,,42424
-80.38333333333334,43.45,WATERLOO WELLINGTON 2,6149389,6149389.2025.11.7,2025-11-07 00:00:00,ON,2025,11,7,,,,,,,,,,,,,,,,,,,,,,,,,42424
-80.38333333333334,43.45,WATERLOO WELLINGTON 2,6149389,6149389.2025.11.8,2025-11-08 00:00:00,ON,2025,11,8,,,,,,,,,,,,,,,,,,,,,,,,,42424
-80.38333333333334,43.45,WATERLOO WELLINGTON 2,6149389,6149389.2025.11.9,2025-11-09 00:00:00,ON,2025,11,9,,,,,,,,,,,,,,,,,,,,,,,,,42424
-80.38333333333334,43.45,WATERLOO WELLINGTON 2,6149389,6149389.2025.11.10,2025-11-10 00:00:00,ON,2025,11,10,,,,,,,,,,,,,,,,,,,,,,,,,42424
-80.38333333333334,43.45,WATERLOO WELLINGTON 2,6149389,6149389.2025.11.11,2025-11-11 00:00:00,ON,2025,11,11,,,,,,,,,,,,,,,,,,,,,,,,,42424
-80.38333333333334,43.45,WATERLOO WELLINGTON 2,6149389,6149389.2025.11.12,2025-11-12 00:00:00,ON,2025,11,12,,,,,,,,,,,,,,,,,,,,,,,,,42424
-80.38333333333334,43.45,WATERLOO WELLINGTON 2,6149389,6149389.2025.11.13,2025-11-13 00:00:00,ON,2025,11,13,,,,,,,,,,,,,,,,,,,,,,,,,42424
-80.38333333333334,43.45,WATERLOO WELLINGTON 2,6149389,6149389.2025.11.14,2025-11-14 00:00:00,ON,2025,11,14,,,,,,,,,,,,,,,,,,,,,,,,,42424
-80.38333333333334,43.45,WATERLOO WELLINGTON 2,6149389,6149389.2025.11.15,2025-11-15 00:00:00,ON,2025,11,15,,,,,,,,,,,,,,,,,,,,,,,,,42424
-80.38333333333334,43.45,WATERLOO WELLINGTON 2,6149389,6149389.2025.11.16,2025-11-16 00:00:00,ON,2025,11,16,,,,,,,,,,,,,,,,,,,,,,,,,42424
-80.38333333333334,43.45,WATERLOO WELLINGTON 2,6149389,6149389.2025.11.17,2025-11-17 00:00:00,ON,2025,11,17,,,,,,,,,,,,,,,,,,,,,,,,,42424
-80.38333333333334,43.45,WATERLOO WELLINGTON 2,6149389,6149389.2025.11.18,2025-11-18 00:00:00,ON,2025,11,18,,,,,,,,,,,,,,,,,,,,,,,,,42424
-80.38333333333334,43.45,WATERLOO WELLINGTON 2,6149389,6149389.2025.11.19,2025-11-19 00:00:00,ON,2025,11,19,,,,,,,,,,,,,,,,,,,,,,,,,42424
-80.38333333333334,43.45,WATERLOO WELLINGTON 2,6149389,6149389.2025.11.20,2025-11-20 00:00:00,ON,2025,11,20,,,,,,,,,,,,,,,,,,,,,,,,,42424
-80.38333333333334,43.45,WATERLOO WELLINGTON 2,6149389,6149389.2025.11.21,2025-11-21 00:00:00,ON,2025,11,21,,,,,,,,,,,,,,,,,,,,,,,,,42424
-80.38333333333334,43.45,WATERLOO WELLINGTON 2,6149389,6149389.2025.11.22,2025-11-22 00:00:00,ON,2025,11,22,,,,,,,,,,,,,,,,,,,,,,,,,42424
-80.38333333333334,43.45,WATERLOO WELLINGTON 2,6149389,6149389.2025.11.23,2025-11-23 00:00:00,ON,2025,11,23,,,,,,,,,,,,,,,,,,,,,,,,,42424
-80.38333333333334,43.45,WATERLOO WELLINGTON 2,6149389,6149389.2025.11.24,2025-11-24 00:00:00,ON,2025,11,24,,,,,,,,,,,,,,,,,,,,,,,,,42424
-80.38333333333334,43.45,WATERLOO WELLINGTON 2,6149389,6149389.2025.11.25,2025-11-25 00:00:00,ON,2025,11,25,,,,,,,,,,,,,,,,,,,,,,,,,42424
-80.38333333333334,43.45,WATERLOO WELLINGTON 2,6149389,6149389.2025.11.26,2025-11-26 00:00:00,ON,2025,11,26,,,,,,,,,,,,,,,,,,,,,,,,,42424
-80.38333333333334,43.45,WATERLOO WELLINGTON 2,6149389,6149389.2025.11.27,2025-11-27 00:00:00,ON,2025,11,27,,,,,,,,,,,,,,,,,,,,,,,,,42424
-80.38333333333334,43.45,WATERLOO WELLINGTON 2,6149389,6149389.2025.11.28,2025-11-28 00:00:00,ON,2025,11,28,,,,,,,,,,,,,,,,,,,,,,,,,42424
-80.38333333333334,43.45,WATERLOO WELLINGTON 2,6149389,6149389.2025.11.29,2025-11-29 00:00:00,ON,2025,11,29,,,,,,,,,,,,,,,,,,,,,,,,,42424
-80.38333333333334,43.45,WATERLOO WELLINGTON 2,6149389,6149389.2025.11.30,2025-11-30 00:00:00,ON,2025,11,30,,,,,,,,,,,,,,,,,,,,,,,,,42424
-80.38333333333334,43.45,WATERLOO WELLINGTON 2,6149389,6149389.2025.12.1,2025-12-01 00:00:00,ON,2025,12,1,,,,,,,,,,,,,,,,,,,,,,,,,42424
-80.38333333333334,43.45,WATERLOO WELLINGTON 2,6149389,6149389.2025.12.2,2025-12-02 00:00:00,ON,2025,12,2,,,,,,,,,,,,,,,,,,,,,,,,,42424
-80.38333333333334,43.45,WATERLOO WELLINGTON 2,6149389,6149389.2025.12.3,2025-12-03 00:00:00,ON,2025,12,3,,,,,,,,,,,,,,,,,,,,,,,,,42424
-80.38333333333334,43.45,WATERLOO WELLINGTON 2,6149389,6149389.2025.12.4,2025-12-04 00:00:00,ON,2025,12,4,,,,,,,,,,,,,,,,,,,,,,,,,42424
-80.38333333333334,43.45,WATERLOO WELLINGTON 2,6149389,6149389.2025.12.5,2025-12-05 00:00:00,ON,2025,12,5,,,,,,,,,,,,,,,,,,,,,,,,,42424
-80.38333333333334,43.45,WATERLOO WELLINGTON 2,6149389,6149389.2025.12.6,2025-12-06 00:00:00,ON,2025,12,6,,,,,,,,,,,,,,,,,,,,,,,,,42424
-80.38333333333334,43.45,WATERLOO WELLINGTON 2,6149389,6149389.2025.12.7,2025-12-07 00:00:00,ON,2025,12,7,,,,,,,,,,,,,,,,,,,,,,,,,42424
-80.38333333333334,43.45,WATERLOO WELLINGTON 2,6149389,6149389.2025.12.8,2025-12-08 00:00:00,ON,2025,12,8,,,,,,,,,,,,,,,,,,,,,,,,,42424
-80.38333333333334,43.45,WATERLOO WELLINGTON 2,6149389,6149389.2025.12.9,2025-12-09 00:00:00,ON,2025,12,9,,,,,,,,,,,,,,,,,,,,,,,,,42424
-80.38333333333334,43.45,WATERLOO WELLINGTON 2,6149389,6149389.2025.12.10,2025-12-10 00:00:00,ON,2025,12,10,,,,,,,,,,,,,,,,,,,,,,,,,42424
-80.38333333333334,43.45,WATERLOO WELLINGTON 2,6149389,6149389.2025.12.11,2025-12-11 00:00:00,ON,2025,12,11,,,,,,,,,,,,,,,,,,,,,,,,,42424
-80.38333333333334,43.45,WATERLOO WELLINGTON 2,6149389,6149389.2025.12.12,2025-12-12 00:00:00,ON,2025,12,12,,,,,,,,,,,,,,,,,,,,,,,,,42424
-80.38333333333334,43.45,WATERLOO WELLINGTON 2,6149389,6149389.2025.12.13,2025-12-13 00:00:00,ON,2025,12,13,,,,,,,,,,,,,,,,,,,,,,,,,42424
-80.38333333333334,43.45,WATERLOO WELLINGTON 2,6149389,6149389.2025.12.14,2025-12-14 00:00:00,ON,2025,12,14,,,,,,,,,,,,,,,,,,,,,,,,,42424
-80.38333333333334,43.45,WATERLOO WELLINGTON 2,6149389,6149389.2025.12.15,2025-12-15 00:00:00,ON,2025,12,15,,,,,,,,,,,,,,,,,,,,,,,,,42424
-80.38333333333334,43.45,WATERLOO WELLINGTON 2,6149389,6149389.2025.12.16,2025-12-16 00:00:00,ON,2025,12,16,,,,,,,,,,,,,,,,,,,,,,,,,42424
-80.38333333333334,43.45,WATERLOO WELLINGTON 2,6149389,6149389.2025.12.17,2025-12-17 00:00:00,ON,2025,12,17,,,,,,,,,,,,,,,,,,,,,,,,,42424
-80.38333333333334,43.45,WATERLOO WELLINGTON 2,6149389,6149389.2025.12.18,2025-12-18 00:00:00,ON,2025,12,18,,,,,,,,,,,,,,,,,,,,,,,,,42424
-80.38333333333334,43.45,WATERLOO WELLINGTON 2,6149389,6149389.2025.12.19,2025-12-19 00:00:00,ON,2025,12,19,,,,,,,,,,,,,,,,,,,,,,,,,42424
-80.38333333333334,43.45,WATERLOO WELLINGTON 2,6149389,6149389.2025.12.20,2025-12-20 00:00:00,ON,2025,12,20,,,,,,,,,,,,,,,,,,,,,,,,,42424
-80.38333333333334,43.45,WATERLOO WELLINGTON 2,6149389,6149389.2025.12.21,2025-12-21 00:00:00,ON,2025,12,21,,,,,,,,,,,,,,,,,,,,,,,,,42424
-80.38333333333334,43.45,WATERLOO WELLINGTON 2,6149389,6149389.2025.12.22,2025-12-22 00:00:00,ON,2025,12,22,,,,,,,,,,,,,,,,,,,,,,,,,42424
-80.38333333333334,43.45,WATERLOO WELLINGTON 2,6149389,6149389.2025.12.23,2025-12-23 00:00:00,ON,2025,12,23,,,,,,,,,,,,,,,,,,,,,,,,,42424
-80.38333333333334,43.45,WATERLOO WELLINGTON 2,6149389,6149389.2025.12.24,2025-12-24 00:00:00,ON,2025,12,24,,,,,,,,,,,,,,,,,,,,,,,,,42424
-80.38333333333334,43.45,WATERLOO WELLINGTON 2,6149389,6149389.2025.12.25,2025-12-25 00:00:00,ON,2025,12,25,,,,,,,,,,,,,,,,,,,,,,,,,42424
-80.38333333333334,43.45,WATERLOO WELLINGTON 2,6149389,6149389.2025.12.26,2025-12-26 00:00:00,ON,2025,12,26,,,,,,,,,,,,,,,,,,,,,,,,,42424
-80.38333333333334,43.45,WATERLOO WELLINGTON 2,6149389,6149389.2025.12.27,2025-12-27 00:00:00,ON,2025,12,27,,,,,,,,,,,,,,,,,,,,,,,,,42424
-80.38333333333334,43.45,WATERLOO WELLINGTON 2,6149389,6149389.2025.12.28,2025-12-28 00:00:00,ON,2025,12,28,,,,,,,,,,,,,,,,,,,,,,,,,42424
-80.38333333333334,43.45,WATERLOO WELLINGTON 2,6149389,6149389.2025.12.29,2025-12-29 00:00:00,ON,2025,12,29,,,,,,,,,,,,,,,,,,,,,,,,,42424
-80.38333333333334,43.45,WATERLOO WELLINGTON 2,6149389,6149389.2025.12.30,2025-12-30 00:00:00,ON,2025,12,30,,,,,,,,,,,,,,,,,,,,,,,,,42424
-80.38333333333334,43.45,WATERLOO WELLINGTON 2,6149389,6149389.2025.12.31,2025-12-31 00:00:00,ON,2025,12,31,,,,,,,,,,,,,,,,,,,,,,,,,42424
-80.38333333333334,43.45,WATERLOO WELLINGTON 2,6149389,6149389.2026.1.1,2026-01-01 00:00:00,ON,2026,1,1,,,,,,,,,,,,,,,,,,,,,,,,,42424
-80.38333333333334,43.45,WATERLOO WELLINGTON 2,6149389,6149389.2026.1.2,2026-01-02 00:00:00,ON,2026,1,2,,,,,,,,,,,,,,,,,,,,,,,,,42424
-80.38333333333334,43.45,WATERLOO WELLINGTON 2,6149389,6149389.2026.1.3,2026-01-03 00:00:00,ON,2026,1,3,,,,,,,,,,,,,,,,,,,,,,,,,42424
-80.38333333333334,43.45,WATERLOO WELLINGTON 2,6149389,6149389.2026.1.4,2026-01-04 00:00:00,ON,2026,1,4,,,,,,,,,,,,,,,,,,,,,,,,,42424
-80.38333333333334,43.45,WATERLOO WELLINGTON 2,6149389,6149389.2026.1.5,2026-01-05 00:00:00,ON,2026,1,5,,,,,,,,,,,,,,,,,,,,,,,,,42424
-80.38333333333334,43.45,WATERLOO WELLINGTON 2,6149389,6149389.2026.1.6,2026-01-06 00:00:00,ON,2026,1,6,,,,,,,,,,,,,,,,,,,,,,,,,42424
-80.38333333333334,43.45,WATERLOO WELLINGTON 2,6149389,6149389.2026.1.7,2026-01-07 00:00:00,ON,2026,1,7,,,,,,,,,,,,,,,,,,,,,,,,,42424
-80.38333333333334,43.45,WATERLOO WELLINGTON 2,6149389,6149389.2026.1.8,2026-01-08 00:00:00,ON,2026,1,8,,,,,,,,,,,,,,,,,,,,,,,,,42424
-80.38333333333334,43.45,WATERLOO WELLINGTON 2,6149389,6149389.2026.1.9,2026-01-09 00:00:00,ON,2026,1,9,,,,,,,,,,,,,,,,,,,,,,,,,42424
-80.38333333333334,43.45,WATERLOO WELLINGTON 2,6149389,6149389.2026.1.10,2026-01-10 00:00:00,ON,2026,1,10,,,,,,,,,,,,,,,,,,,,,,,,,42424
-80.38333333333334,43.45,WATERLOO WELLINGTON 2,6149389,6149389.2026.1.11,2026-01-11 00:00:00,ON,2026,1,11,,,,,,,,,,,,,,,,,,,,,,,,,42424
-80.38333333333334,43.45,WATERLOO WELLINGTON 2,6149389,6149389.2026.1.12,2026-01-12 00:00:00,ON,2026,1,12,,,,,,,,,,,,,,,,,,,,,,,,,42424
-80.38333333333334,43.45,WATERLOO WELLINGTON 2,6149389,6149389.2026.1.13,2026-01-13 00:00:00,ON,2026,1,13,,,,,,,,,,,,,,,,,,,,,,,,,42424
-80.38333333333334,43.45,WATERLOO WELLINGTON 2,6149389,6149389.2026.1.14,2026-01-14 00:00:00,ON,2026,1,14,,,,,,,,,,,,,,,,,,,,,,,,,42424
-80.38333333333334,43.45,WATERLOO WELLINGTON 2,6149389,6149389.2026.1.15,2026-01-15 00:00:00,ON,2026,1,15,,,,,,,,,,,,,,,,,,,,,,,,,42424
-80.38333333333334,43.45,WATERLOO WELLINGTON 2,6149389,6149389.2026.1.16,2026-01-16 00:00:00,ON,2026,1,16,,,,,,,,,,,,,,,,,,,,,,,,,42424
-80.38333333333334,43.45,WATERLOO WELLINGTON 2,6149389,6149389.2026.1.17,2026-01-17 00:00:00,ON,2026,1,17,,,,,,,,,,,,,,,,,,,,,,,,,42424
-80.38333333333334,43.45,WATERLOO WELLINGTON 2,6149389,6149389.2026.1.18,2026-01-18 00:00:00,ON,2026,1,18,,,,,,,,,,,,,,,,,,,,,,,,,42424
-80.38333333333334,43.45,WATERLOO WELLINGTON 2,6149389,6149389.2026.1.19,2026-01-19 00:00:00,ON,2026,1,19,,,,,,,,,,,,,,,,,,,,,,,,,42424
-80.38333333333334,43.45,WATERLOO WELLINGTON 2,6149389,6149389.2026.1.20,2026-01-20 00:00:00,ON,2026,1,20,,,,,,,,,,,,,,,,,,,,,,,,,42424
-80.38333333333334,43.45,WATERLOO WELLINGTON 2,6149389,6149389.2026.1.21,2026-01-21 00:00:00,ON,2026,1,21,,,,,,,,,,,,,,,,,,,,,,,,,42424
-80.38333333333334,43.45,WATERLOO WELLINGTON 2,6149389,6149389.2026.1.22,2026-01-22 00:00:00,ON,2026,1,22,,,,,,,,,,,,,,,,,,,,,,,,,42424
-80.38333333333334,43.45,WATERLOO WELLINGTON 2,6149389,6149389.2026.1.23,2026-01-23 00:00:00,ON,2026,1,23,,,,,,,,,,,,,,,,,,,,,,,,,42424
-80.38333333333334,43.45,WATERLOO WELLINGTON 2,6149389,6149389.2026.1.24,2026-01-24 00:00:00,ON,2026,1,24,,,,,,,,,,,,,,,,,,,,,,,,,42424
-80.38333333333334,43.45,WATERLOO WELLINGTON 2,6149389,6149389.2026.1.25,2026-01-25 00:00:00,ON,2026,1,25,,,,,,,,,,,,,,,,,,,,,,,,,42424
-80.38333333333334,43.45,WATERLOO WELLINGTON 2,6149389,6149389.2026.1.26,2026-01-26 00:00:00,ON,2026,1,26,,,,,,,,,,,,,,,,,,,,,,,,,42424
-80.38333333333334,43.45,WATERLOO WELLINGTON 2,6149389,6149389.2026.1.27,2026-01-27 00:00:00,ON,2026,1,27,,,,,,,,,,,,,,,,,,,,,,,,,42424
-80.38333333333334,43.45,WATERLOO WELLINGTON 2,6149389,6149389.2026.1.28,2026-01-28 00:00:00,ON,2026,1,28,,,,,,,,,,,,,,,,,,,,,,,,,42424
-80.38333333333334,43.45,WATERLOO WELLINGTON 2,6149389,6149389.2026.1.29,2026-01-29 00:00:00,ON,2026,1,29,,,,,,,,,,,,,,,,,,,,,,,,,42424
-80.38333333333334,43.45,WATERLOO WELLINGTON 2,6149389,6149389.2026.1.30,2026-01-30 00:00:00,ON,2026,1,30,,,,,,,,,,,,,,,,,,,,,,,,,42424
-80.38333333333334,43.45,WATERLOO WELLINGTON 2,6149389,6149389.2026.1.31,2026-01-31 00:00:00,ON,2026,1,31,,,,,,,,,,,,,,,,,,,,,,,,,42424
-80.38333333333334,43.45,WATERLOO WELLINGTON 2,6149389,6149389.2026.2.1,2026-02-01 00:00:00,ON,2026,2,1,,,,,,,,,,,,,,,,,,,,,,,,,42424
-80.38333333333334,43.45,WATERLOO WELLINGTON 2,6149389,6149389.2026.2.2,2026-02-02 00:00:00,ON,2026,2,2,,,,,,,,,,,,,,,,,,,,,,,,,42424
-80.38333333333334,43.45,WATERLOO WELLINGTON 2,6149389,6149389.2026.2.3,2026-02-03 00:00:00,ON,2026,2,3,,,,,,,,,,,,,,,,,,,,,,,,,42424
-80.38333333333334,43.45,WATERLOO WELLINGTON 2,6149389,6149389.2026.2.4,2026-02-04 00:00:00,ON,2026,2,4,,,,,,,,,,,,,,,,,,,,,,,,,42424
-80.38333333333334,43.45,WATERLOO WELLINGTON 2,6149389,6149389.2026.2.5,2026-02-05 00:00:00,ON,2026,2,5,,,,,,,,,,,,,,,,,,,,,,,,,42424
-80.38333333333334,43.45,WATERLOO WELLINGTON 2,6149389,6149389.2026.2.6,2026-02-06 00:00:00,ON,2026,2,6,,,,,,,,,,,,,,,,,,,,,,,,,42424
-80.38333333333334,43.45,WATERLOO WELLINGTON 2,6149389,6149389.2026.2.7,2026-02-07 00:00:00,ON,2026,2,7,,,,,,,,,,,,,,,,,,,,,,,,,42424
-80.38333333333334,43.45,WATERLOO WELLINGTON 2,6149389,6149389.2026.2.8,2026-02-08 00:00:00,ON,2026,2,8,,,,,,,,,,,,,,,,,,,,,,,,,42424
-80.38333333333334,43.45,WATERLOO WELLINGTON 2,6149389,6149389.2026.2.9,2026-02-09 00:00:00,ON,2026,2,9,,,,,,,,,,,,,,,,,,,,,,,,,42424
-80.38333333333334,43.45,WATERLOO WELLINGTON 2,6149389,6149389.2026.2.10,2026-02-10 00:00:00,ON,2026,2,10,,,,,,,,,,,,,,,,,,,,,,,,,42424
-80.38333333333334,43.45,WATERLOO WELLINGTON 2,6149389,6149389.2026.2.11,2026-02-11 00:00:00,ON,2026,2,11,,,,,,,,,,,,,,,,,,,,,,,,,42424
-80.38333333333334,43.45,WATERLOO WELLINGTON 2,6149389,6149389.2026.2.12,2026-02-12 00:00:00,ON,2026,2,12,,,,,,,,,,,,,,,,,,,,,,,,,42424
-80.38333333333334,43.45,WATERLOO WELLINGTON 2,6149389,6149389.2026.2.13,2026-02-13 00:00:00,ON,2026,2,13,,,,,,,,,,,,,,,,,,,,,,,,,42424
-80.38333333333334,43.45,WATERLOO WELLINGTON 2,6149389,6149389.2026.2.14,2026-02-14 00:00:00,ON,2026,2,14,,,,,,,,,,,,,,,,,,,,,,,,,42424
-80.38333333333334,43.45,WATERLOO WELLINGTON 2,6149389,6149389.2026.2.15,2026-02-15 00:00:00,ON,2026,2,15,,,,,,,,,,,,,,,,,,,,,,,,,42424
-80.38333333333334,43.45,WATERLOO WELLINGTON 2,6149389,6149389.2026.2.16,2026-02-16 00:00:00,ON,2026,2,16,,,,,,,,,,,,,,,,,,,,,,,,,42424
-80.38333333333334,43.45,WATERLOO WELLINGTON 2,6149389,6149389.2026.2.17,2026-02-17 00:00:00,ON,2026,2,17,,,,,,,,,,,,,,,,,,,,,,,,,42424
-80.38333333333334,43.45,WATERLOO WELLINGTON 2,6149389,6149389.2026.2.18,2026-02-18 00:00:00,ON,2026,2,18,,,,,,,,,,,,,,,,,,,,,,,,,42424
-80.38333333333334,43.45,WATERLOO WELLINGTON 2,6149389,6149389.2026.2.19,2026-02-19 00:00:00,ON,2026,2,19,,,,,,,,,,,,,,,,,,,,,,,,,42424
-80.38333333333334,43.45,WATERLOO WELLINGTON 2,6149389,6149389.2026.2.20,2026-02-20 00:00:00,ON,2026,2,20,,,,,,,,,,,,,,,,,,,,,,,,,42424
-80.38333333333334,43.45,WATERLOO WELLINGTON 2,6149389,6149389.2026.2.21,2026-02-21 00:00:00,ON,2026,2,21,,,,,,,,,,,,,,,,,,,,,,,,,42424
-80.38333333333334,43.45,WATERLOO WELLINGTON 2,6149389,6149389.2026.2.22,2026-02-22 00:00:00,ON,2026,2,22,,,,,,,,,,,,,,,,,,,,,,,,,42424
-80.38333333333334,43.45,WATERLOO WELLINGTON 2,6149389,6149389.2026.2.23,2026-02-23 00:00:00,ON,2026,2,23,,,,,,,,,,,,,,,,,,,,,,,,,42424
-80.38333333333334,43.45,WATERLOO WELLINGTON 2,6149389,6149389.2026.2.24,2026-02-24 00:00:00,ON,2026,2,24,,,,,,,,,,,,,,,,,,,,,,,,,42424
-80.38333333333334,43.45,WATERLOO WELLINGTON 2,6149389,6149389.2026.2.25,2026-02-25 00:00:00,ON,2026,2,25,,,,,,,,,,,,,,,,,,,,,,,,,42424
-80.38333333333334,43.45,WATERLOO WELLINGTON 2,6149389,6149389.2026.2.26,2026-02-26 00:00:00,ON,2026,2,26,,,,,,,,,,,,,,,,,,,,,,,,,42424
-80.38333333333334,43.45,WATERLOO WELLINGTON 2,6149389,6149389.2026.2.27,2026-02-27 00:00:00,ON,2026,2,27,,,,,,,,,,,,,,,,,,,,,,,,,42424
-80.38333333333334,43.45,WATERLOO WELLINGTON 2,6149389,6149389.2026.2.28,2026-02-28 00:00:00,ON,2026,2,28,,,,,,,,,,,,,,,,,,,,,,,,,42424
-80.38333333333334,43.45,WATERLOO WELLINGTON 2,6149389,6149389.2026.3.1,2026-03-01 00:00:00,ON,2026,3,1,,,,,,,,,,,,,,,,,,,,,,,,,42424
-80.38333333333334,43.45,WATERLOO WELLINGTON 2,6149389,6149389.2026.3.2,2026-03-02 00:00:00,ON,2026,3,2,,,,,,,,,,,,,,,,,,,,,,,,,42424
-80.38333333333334,43.45,WATERLOO WELLINGTON 2,6149389,6149389.2026.3.3,2026-03-03 00:00:00,ON,2026,3,3,,,,,,,,,,,,,,,,,,,,,,,,,42424
-80.38333333333334,43.45,WATERLOO WELLINGTON 2,6149389,6149389.2026.3.4,2026-03-04 00:00:00,ON,2026,3,4,,,,,,,,,,,,,,,,,,,,,,,,,42424
-80.38333333333334,43.45,WATERLOO WELLINGTON 2,6149389,6149389.2026.3.5,2026-03-05 00:00:00,ON,2026,3,5,,,,,,,,,,,,,,,,,,,,,,,,,42424
-80.38333333333334,43.45,WATERLOO WELLINGTON 2,6149389,6149389.2026.3.6,2026-03-06 00:00:00,ON,2026,3,6,,,,,,,,,,,,,,,,,,,,,,,,,42424
-80.38333333333334,43.45,WATERLOO WELLINGTON 2,6149389,6149389.2026.3.7,2026-03-07 00:00:00,ON,2026,3,7,,,,,,,,,,,,,,,,,,,,,,,,,42424
-80.38333333333334,43.45,WATERLOO WELLINGTON 2,6149389,6149389.2026.3.8,2026-03-08 00:00:00,ON,2026,3,8,,,,,,,,,,,,,,,,,,,,,,,,,42424
-80.38333333333334,43.45,WATERLOO WELLINGTON 2,6149389,6149389.2026.3.9,2026-03-09 00:00:00,ON,2026,3,9,,,,,,,,,,,,,,,,,,,,,,,,,42424
-80.38333333333334,43.45,WATERLOO WELLINGTON 2,6149389,6149389.2026.3.10,2026-03-10 00:00:00,ON,2026,3,10,,,,,,,,,,,,,,,,,,,,,,,,,42424
-80.38333333333334,43.45,WATERLOO WELLINGTON 2,6149389,6149389.2026.3.11,2026-03-11 00:00:00,ON,2026,3,11,,,,,,,,,,,,,,,,,,,,,,,,,42424
-80.38333333333334,43.45,WATERLOO WELLINGTON 2,6149389,6149389.2026.3.12,2026-03-12 00:00:00,ON,2026,3,12,,,,,,,,,,,,,,,,,,,,,,,,,42424
-80.38333333333334,43.45,WATERLOO WELLINGTON 2,6149389,6149389.2026.3.13,2026-03-13 00:00:00,ON,2026,3,13,,,,,,,,,,,,,,,,,,,,,,,,,42424
-80.38333333333334,43.45,WATERLOO WELLINGTON 2,6149389,6149389.2026.3.14,2026-03-14 00:00:00,ON,2026,3,14,,,,,,,,,,,,,,,,,,,,,,,,,42424
-80.38333333333334,43.45,WATERLOO WELLINGTON 2,6149389,6149389.2026.3.15,2026-03-15 00:00:00,ON,2026,3,15,,,,,,,,,,,,,,,,,,,,,,,,,42424
-80.38333333333334,43.45,WATERLOO WELLINGTON 2,6149389,6149389.2026.3.16,2026-03-16 00:00:00,ON,2026,3,16,,,,,,,,,,,,,,,,,,,,,,,,,42424
-80.38333333333334,43.45,WATERLOO WELLINGTON 2,6149389,6149389.2026.3.17,2026-03-17 00:00:00,ON,2026,3,17,,,,,,,,,,,,,,,,,,,,,,,,,42424
-80.38333333333334,43.45,WATERLOO WELLINGTON 2,6149389,6149389.2026.3.18,2026-03-18 00:00:00,ON,2026,3,18,,,,,,,,,,,,,,,,,,,,,,,,,42424
-80.38333333333334,43.45,WATERLOO WELLINGTON 2,6149389,6149389.2026.3.19,2026-03-19 00:00:00,ON,2026,3,19,,,,,,,,,,,,,,,,,,,,,,,,,42424
-80.38333333333334,43.45,WATERLOO WELLINGTON 2,6149389,6149389.2026.3.20,2026-03-20 00:00:00,ON,2026,3,20,,,,,,,,,,,,,,,,,,,,,,,,,42424
-80.38333333333334,43.45,WATERLOO WELLINGTON 2,6149389,6149389.2026.3.21,2026-03-21 00:00:00,ON,2026,3,21,,,,,,,,,,,,,,,,,,,,,,,,,42424
-80.38333333333334,43.45,WATERLOO WELLINGTON 2,6149389,6149389.2026.3.22,2026-03-22 00:00:00,ON,2026,3,22,,,,,,,,,,,,,,,,,,,,,,,,,42424
-80.38333333333334,43.45,WATERLOO WELLINGTON 2,6149389,6149389.2026.3.23,2026-03-23 00:00:00,ON,2026,3,23,,,,,,,,,,,,,,,,,,,,,,,,,42424
-80.38333333333334,43.45,WATERLOO WELLINGTON 2,6149389,6149389.2026.3.24,2026-03-24 00:00:00,ON,2026,3,24,,,,,,,,,,,,,,,,,,,,,,,,,42424
-80.38333333333334,43.45,WATERLOO WELLINGTON 2,6149389,6149389.2026.3.25,2026-03-25 00:00:00,ON,2026,3,25,,,,,,,,,,,,,,,,,,,,,,,,,42424
-80.38333333333334,43.45,WATERLOO WELLINGTON 2,6149389,6149389.2026.3.26,2026-03-26 00:00:00,ON,2026,3,26,,,,,,,,,,,,,,,,,,,,,,,,,42424
-80.38333333333334,43.45,WATERLOO WELLINGTON 2,6149389,6149389.2026.3.27,2026-03-27 00:00:00,ON,2026,3,27,,,,,,,,,,,,,,,,,,,,,,,,,42424
-80.38333333333334,43.45,WATERLOO WELLINGTON 2,6149389,6149389.2026.3.28,2026-03-28 00:00:00,ON,2026,3,28,,,,,,,,,,,,,,,,,,,,,,,,,42424
-80.38333333333334,43.45,WATERLOO WELLINGTON 2,6149389,6149389.2026.3.29,2026-03-29 00:00:00,ON,2026,3,29,,,,,,,,,,,,,,,,,,,,,,,,,42424
-80.38333333333334,43.45,WATERLOO WELLINGTON 2,6149389,6149389.2026.3.30,2026-03-30 00:00:00,ON,2026,3,30,,,,,,,,,,,,,,,,,,,,,,,,,42424
-80.38333333333334,43.45,WATERLOO WELLINGTON 2,6149389,6149389.2026.3.31,2026-03-31 00:00:00,ON,2026,3,31,,,,,,,,,,,,,,,,,,,,,,,,,42424
-80.38333333333334,43.45,WATERLOO WELLINGTON 2,6149389,6149389.2026.4.1,2026-04-01 00:00:00,ON,2026,4,1,,,,,,,,,,,,,,,,,,,,,,,,,42424
-80.38333333333334,43.45,WATERLOO WELLINGTON 2,6149389,6149389.2026.4.2,2026-04-02 00:00:00,ON,2026,4,2,,,,,,,,,,,,,,,,,,,,,,,,,42424
-80.38333333333334,43.45,WATERLOO WELLINGTON 2,6149389,6149389.2026.4.3,2026-04-03 00:00:00,ON,2026,4,3,,,,,,,,,,,,,,,,,,,,,,,,,42424
-80.38333333333334,43.45,WATERLOO WELLINGTON 2,6149389,6149389.2026.4.4,2026-04-04 00:00:00,ON,2026,4,4,,,,,,,,,,,,,,,,,,,,,,,,,42424
-80.38333333333334,43.45,WATERLOO WELLINGTON 2,6149389,6149389.2026.4.5,2026-04-05 00:00:00,ON,2026,4,5,,,,,,,,,,,,,,,,,,,,,,,,,42424
-80.38333333333334,43.45,WATERLOO WELLINGTON 2,6149389,6149389.2026.4.6,2026-04-06 00:00:00,ON,2026,4,6,,,,,,,,,,,,,,,,,,,,,,,,,42424
-80.38333333333334,43.45,WATERLOO WELLINGTON 2,6149389,6149389.2026.4.7,2026-04-07 00:00:00,ON,2026,4,7,,,,,,,,,,,,,,,,,,,,,,,,,42424
-80.38333333333334,43.45,WATERLOO WELLINGTON 2,6149389,6149389.2026.4.8,2026-04-08 00:00:00,ON,2026,4,8,,,,,,,,,,,,,,,,,,,,,,,,,42424
-80.38333333333334,43.45,WATERLOO WELLINGTON 2,6149389,6149389.2026.4.9,2026-04-09 00:00:00,ON,2026,4,9,,,,,,,,,,,,,,,,,,,,,,,,,42424
-80.38333333333334,43.45,WATERLOO WELLINGTON 2,6149389,6149389.2026.4.10,2026-04-10 00:00:00,ON,2026,4,10,,,,,,,,,,,,,,,,,,,,,,,,,42424
-80.38333333333334,43.45,WATERLOO WELLINGTON 2,6149389,6149389.2026.4.11,2026-04-11 00:00:00,ON,2026,4,11,,,,,,,,,,,,,,,,,,,,,,,,,42424
-80.38333333333334,43.45,WATERLOO WELLINGTON 2,6149389,6149389.2026.4.12,2026-04-12 00:00:00,ON,2026,4,12,,,,,,,,,,,,,,,,,,,,,,,,,42424
-80.38333333333334,43.45,WATERLOO WELLINGTON 2,6149389,6149389.2026.4.13,2026-04-13 00:00:00,ON,2026,4,13,,,,,,,,,,,,,,,,,,,,,,,,,42424
-80.38333333333334,43.45,WATERLOO WELLINGTON 2,6149389,6149389.2026.4.14,2026-04-14 00:00:00,ON,2026,4,14,,,,,,,,,,,,,,,,,,,,,,,,,42424
-80.38333333333334,43.45,WATERLOO WELLINGTON 2,6149389,6149389.2026.4.15,2026-04-15 00:00:00,ON,2026,4,15,,,,,,,,,,,,,,,,,,,,,,,,,42424
-80.38333333333334,43.45,WATERLOO WELLINGTON 2,6149389,6149389.2026.4.16,2026-04-16 00:00:00,ON,2026,4,16,,,,,,,,,,,,,,,,,,,,,,,,,42424
-80.38333333333334,43.45,WATERLOO WELLINGTON 2,6149389,6149389.2026.4.17,2026-04-17 00:00:00,ON,2026,4,17,,,,,,,,,,,,,,,,,,,,,,,,,42424
-80.38333333333334,43.45,WATERLOO WELLINGTON 2,6149389,6149389.2026.4.18,2026-04-18 00:00:00,ON,2026,4,18,,,,,,,,,,,,,,,,,,,,,,,,,42424
-80.38333333333334,43.45,WATERLOO WELLINGTON 2,6149389,6149389.2026.4.19,2026-04-19 00:00:00,ON,2026,4,19,,,,,,,,,,,,,,,,,,,,,,,,,42424
-80.38333333333334,43.45,WATERLOO WELLINGTON 2,6149389,6149389.2026.4.20,2026-04-20 00:00:00,ON,2026,4,20,,,,,,,,,,,,,,,,,,,,,,,,,42424
-80.38333333333334,43.45,WATERLOO WELLINGTON 2,6149389,6149389.2026.4.21,2026-04-21 00:00:00,ON,2026,4,21,,,,,,,,,,,,,,,,,,,,,,,,,42424
-80.38333333333334,43.45,WATERLOO WELLINGTON 2,6149389,6149389.2026.4.22,2026-04-22 00:00:00,ON,2026,4,22,,,,,,,,,,,,,,,,,,,,,,,,,42424
-80.38333333333334,43.45,WATERLOO WELLINGTON 2,6149389,6149389.2026.4.23,2026-04-23 00:00:00,ON,2026,4,23,,,,,,,,,,,,,,,,,,,,,,,,,42424
-80.38333333333334,43.45,WATERLOO WELLINGTON 2,6149389,6149389.2026.4.24,2026-04-24 00:00:00,ON,2026,4,24,,,,,,,,,,,,,,,,,,,,,,,,,42424
-80.38333333333334,43.45,WATERLOO WELLINGTON 2,6149389,6149389.2026.4.25,2026-04-25 00:00:00,ON,2026,4,25,,,,,,,,,,,,,,,,,,,,,,,,,42424
-80.38333333333334,43.45,WATERLOO WELLINGTON 2,6149389,6149389.2026.4.26,2026-04-26 00:00:00,ON,2026,4,26,,,,,,,,,,,,,,,,,,,,,,,,,42424
-80.38333333333334,43.45,WATERLOO WELLINGTON 2,6149389,6149389.2026.4.27,2026-04-27 00:00:00,ON,2026,4,27,,,,,,,,,,,,,,,,,,,,,,,,,42424
-80.38333333333334,43.45,WATERLOO WELLINGTON 2,6149389,6149389.2026.4.28,2026-04-28 00:00:00,ON,2026,4,28,,,,,,,,,,,,,,,,,,,,,,,,,42424
-80.38333333333334,43.45,WATERLOO WELLINGTON 2,6149389,6149389.2026.4.29,2026-04-29 00:00:00,ON,2026,4,29,,,,,,,,,,,,,,,,,,,,,,,,,42424
-80.38333333333334,43.45,WATERLOO WELLINGTON 2,6149389,6149389.2026.4.30,2026-04-30 00:00:00,ON,2026,4,30,,,,,,,,,,,,,,,,,,,,,,,,,42424
-80.38333333333334,43.45,WATERLOO WELLINGTON 2,6149389,6149389.2026.5.1,2026-05-01 00:00:00,ON,2026,5,1,,,,,,,,,,,,,,,,,,,,,,,,,42424
-80.38333333333334,43.45,WATERLOO WELLINGTON 2,6149389,6149389.2026.5.2,2026-05-02 00:00:00,ON,2026,5,2,,,,,,,,,,,,,,,,,,,,,,,,,42424
-80.38333333333334,43.45,WATERLOO WELLINGTON 2,6149389,6149389.2026.5.3,2026-05-03 00:00:00,ON,2026,5,3,,,,,,,,,,,,,,,,,,,,,,,,,42424
-80.38333333333334,43.45,WATERLOO WELLINGTON 2,6149389,6149389.2026.5.4,2026-05-04 00:00:00,ON,2026,5,4,,,,,,,,,,,,,,,,,,,,,,,,,42424
-80.38333333333334,43.45,WATERLOO WELLINGTON 2,6149389,6149389.2026.5.5,2026-05-05 00:00:00,ON,2026,5,5,,,,,,,,,,,,,,,,,,,,,,,,,42424
-80.38333333333334,43.45,WATERLOO WELLINGTON 2,6149389,6149389.2026.5.6,2026-05-06 00:00:00,ON,2026,5,6,,,,,,,,,,,,,,,,,,,,,,,,,42424
-80.38333333333334,43.45,WATERLOO WELLINGTON 2,6149389,6149389.2026.5.7,2026-05-07 00:00:00,ON,2026,5,7,,,,,,,,,,,,,,,,,,,,,,,,,42424
-80.38333333333334,43.45,WATERLOO WELLINGTON 2,6149389,6149389.2026.5.8,2026-05-08 00:00:00,ON,2026,5,8,,,,,,,,,,,,,,,,,,,,,,,,,42424
-80.38333333333334,43.45,WATERLOO WELLINGTON 2,6149389,6149389.2026.5.9,2026-05-09 00:00:00,ON,2026,5,9,,,,,,,,,,,,,,,,,,,,,,,,,42424
-80.38333333333334,43.45,WATERLOO WELLINGTON 2,6149389,6149389.2026.5.10,2026-05-10 00:00:00,ON,2026,5,10,,,,,,,,,,,,,,,,,,,,,,,,,42424
-80.38333333333334,43.45,WATERLOO WELLINGTON 2,6149389,6149389.2026.5.11,2026-05-11 00:00:00,ON,2026,5,11,,,,,,,,,,,,,,,,,,,,,,,,,42424
-80.38333333333334,43.45,WATERLOO WELLINGTON 2,6149389,6149389.2026.5.12,2026-05-12 00:00:00,ON,2026,5,12,,,,,,,,,,,,,,,,,,,,,,,,,42424
-80.38333333333334,43.45,WATERLOO WELLINGTON 2,6149389,6149389.2026.5.13,2026-05-13 00:00:00,ON,2026,5,13,,,,,,,,,,,,,,,,,,,,,,,,,42424
-80.38333333333334,43.45,WATERLOO WELLINGTON 2,6149389,6149389.2026.5.14,2026-05-14 00:00:00,ON,2026,5,14,,,,,,,,,,,,,,,,,,,,,,,,,42424
-80.38333333333334,43.45,WATERLOO WELLINGTON 2,6149389,6149389.2026.5.15,2026-05-15 00:00:00,ON,2026,5,15,,,,,,,,,,,,,,,,,,,,,,,,,42424
-80.38333333333334,43.45,WATERLOO WELLINGTON 2,6149389,6149389.2026.5.16,2026-05-16 00:00:00,ON,2026,5,16,,,,,,,,,,,,,,,,,,,,,,,,,42424
-80.38333333333334,43.45,WATERLOO WELLINGTON 2,6149389,6149389.2026.5.17,2026-05-17 00:00:00,ON,2026,5,17,,,,,,,,,,,,,,,,,,,,,,,,,42424
-80.38333333333334,43.45,WATERLOO WELLINGTON 2,6149389,6149389.2026.5.18,2026-05-18 00:00:00,ON,2026,5,18,,,,,,,,,,,,,,,,,,,,,,,,,42424
-80.38333333333334,43.45,WATERLOO WELLINGTON 2,6149389,6149389.2026.5.19,2026-05-19 00:00:00,ON,2026,5,19,,,,,,,,,,,,,,,,,,,,,,,,,42424
-80.38333333333334,43.45,WATERLOO WELLINGTON 2,6149389,6149389.2026.5.20,2026-05-20 00:00:00,ON,2026,5,20,,,,,,,,,,,,,,,,,,,,,,,,,42424
-80.38333333333334,43.45,WATERLOO WELLINGTON 2,6149389,6149389.2026.5.21,2026-05-21 00:00:00,ON,2026,5,21,,,,,,,,,,,,,,,,,,,,,,,,,42424
-80.38333333333334,43.45,WATERLOO WELLINGTON 2,6149389,6149389.2026.5.22,2026-05-22 00:00:00,ON,2026,5,22,,,,,,,,,,,,,,,,,,,,,,,,,42424
-80.38333333333334,43.45,WATERLOO WELLINGTON 2,6149389,6149389.2026.5.23,2026-05-23 00:00:00,ON,2026,5,23,,,,,,,,,,,,,,,,,,,,,,,,,42424
-80.38333333333334,43.45,WATERLOO WELLINGTON 2,6149389,6149389.2026.5.24,2026-05-24 00:00:00,ON,2026,5,24,,,,,,,,,,,,,,,,,,,,,,,,,42424
-80.38333333333334,43.45,WATERLOO WELLINGTON 2,6149389,6149389.2026.5.25,2026-05-25 00:00:00,ON,2026,5,25,,,,,,,,,,,,,,,,,,,,,,,,,42424
-80.38333333333334,43.45,WATERLOO WELLINGTON 2,6149389,6149389.2026.5.26,2026-05-26 00:00:00,ON,2026,5,26,,,,,,,,,,,,,,,,,,,,,,,,,42424
-80.38333333333334,43.45,WATERLOO WELLINGTON 2,6149389,6149389.2026.5.27,2026-05-27 00:00:00,ON,2026,5,27,,,,,,,,,,,,,,,,,,,,,,,,,42424
-80.38333333333334,43.45,WATERLOO WELLINGTON 2,6149389,6149389.2026.5.28,2026-05-28 00:00:00,ON,2026,5,28,,,,,,,,,,,,,,,,,,,,,,,,,42424
-80.38333333333334,43.45,WATERLOO WELLINGTON 2,6149389,6149389.2026.5.29,2026-05-29 00:00:00,ON,2026,5,29,,,,,,,,,,,,,,,,,,,,,,,,,42424
-80.38333333333334,43.45,WATERLOO WELLINGTON 2,6149389,6149389.2026.5.30,2026-05-30 00:00:00,ON,2026,5,30,,,,,,,,,,,,,,,,,,,,,,,,,42424
-80.38333333333334,43.45,WATERLOO WELLINGTON 2,6149389,6149389.2026.5.31,2026-05-31 00:00:00,ON,2026,5,31,,,,,,,,,,,,,,,,,,,,,,,,,42424
-80.38333333333334,43.45,WATERLOO WELLINGTON 2,6149389,6149389.2026.6.1,2026-06-01 00:00:00,ON,2026,6,1,,,,,,,,,,,,,,,,,,,,,,,,,42424
-80.38333333333334,43.45,WATERLOO WELLINGTON 2,6149389,6149389.2026.6.2,2026-06-02 00:00:00,ON,2026,6,2,,,,,,,,,,,,,,,,,,,,,,,,,42424
-80.38333333333334,43.45,WATERLOO WELLINGTON 2,6149389,6149389.2026.6.3,2026-06-03 00:00:00,ON,2026,6,3,,,,,,,,,,,,,,,,,,,,,,,,,42424
-80.38333333333334,43.45,WATERLOO WELLINGTON 2,6149389,6149389.2026.6.4,2026-06-04 00:00:00,ON,2026,6,4,,,,,,,,,,,,,,,,,,,,,,,,,42424
-80.38333333333334,43.45,WATERLOO WELLINGTON 2,6149389,6149389.2026.6.5,2026-06-05 00:00:00,ON,2026,6,5,,,,,,,,,,,,,,,,,,,,,,,,,42424
-80.38333333333334,43.45,WATERLOO WELLINGTON 2,6149389,6149389.2026.6.6,2026-06-06 00:00:00,ON,2026,6,6,,,,,,,,,,,,,,,,,,,,,,,,,42424
-80.38333333333334,43.45,WATERLOO WELLINGTON 2,6149389,6149389.2026.6.7,2026-06-07 00:00:00,ON,2026,6,7,,,,,,,,,,,,,,,,,,,,,,,,,42424
-80.38333333333334,43.45,WATERLOO WELLINGTON 2,6149389,6149389.2026.6.8,2026-06-08 00:00:00,ON,2026,6,8,,,,,,,,,,,,,,,,,,,,,,,,,42424
-80.38333333333334,43.45,WATERLOO WELLINGTON 2,6149389,6149389.2026.6.9,2026-06-09 00:00:00,ON,2026,6,9,,,,,,,,,,,,,,,,,,,,,,,,,42424
-80.38333333333334,43.45,WATERLOO WELLINGTON 2,6149389,6149389.2026.6.10,2026-06-10 00:00:00,ON,2026,6,10,,,,,,,,,,,,,,,,,,,,,,,,,42424
-80.38333333333334,43.45,WATERLOO WELLINGTON 2,6149389,6149389.2026.6.11,2026-06-11 00:00:00,ON,2026,6,11,,,,,,,,,,,,,,,,,,,,,,,,,42424
-80.38333333333334,43.45,WATERLOO WELLINGTON 2,6149389,6149389.2026.6.12,2026-06-12 00:00:00,ON,2026,6,12,,,,,,,,,,,,,,,,,,,,,,,,,42424
-80.38333333333334,43.45,WATERLOO WELLINGTON 2,6149389,6149389.2026.6.13,2026-06-13 00:00:00,ON,2026,6,13,,,,,,,,,,,,,,,,,,,,,,,,,42424
-80.38333333333334,43.45,WATERLOO WELLINGTON 2,6149389,6149389.2026.6.14,2026-06-14 00:00:00,ON,2026,6,14,,,,,,,,,,,,,,,,,,,,,,,,,42424
-80.38333333333334,43.45,WATERLOO WELLINGTON 2,6149389,6149389.2026.6.15,2026-06-15 00:00:00,ON,2026,6,15,,,,,,,,,,,,,,,,,,,,,,,,,42424
-80.38333333333334,43.45,WATERLOO WELLINGTON 2,6149389,6149389.2026.6.16,2026-06-16 00:00:00,ON,2026,6,16,,,,,,,,,,,,,,,,,,,,,,,,,42424
-80.38333333333334,43.45,WATERLOO WELLINGTON 2,6149389,6149389.2026.6.17,2026-06-17 00:00:00,ON,2026,6,17,,,,,,,,,,,,,,,,,,,,,,,,,42424
-80.38333333333334,43.45,WATERLOO WELLINGTON 2,6149389,6149389.2026.6.18,2026-06-18 00:00:00,ON,2026,6,18,,,,,,,,,,,,,,,,,,,,,,,,,42424
-80.38333333333334,43.45,WATERLOO WELLINGTON 2,6149389,6149389.2026.6.19,2026-06-19 00:00:00,ON,2026,6,19,,,,,,,,,,,,,,,,,,,,,,,,,42424
-80.38333333333334,43.45,WATERLOO WELLINGTON 2,6149389,6149389.2026.6.20,2026-06-20 00:00:00,ON,2026,6,20,,,,,,,,,,,,,,,,,,,,,,,,,42424
-80.38333333333334,43.45,WATERLOO WELLINGTON 2,6149389,6149389.2026.6.21,2026-06-21 00:00:00,ON,2026,6,21,,,,,,,,,,,,,,,,,,,,,,,,,42424
-80.38333333333334,43.45,WATERLOO WELLINGTON 2,6149389,6149389.2026.6.22,2026-06-22 00:00:00,ON,2026,6,22,,,,,,,,,,,,,,,,,,,,,,,,,42424
-80.38333333333334,43.45,WATERLOO WELLINGTON 2,6149389,6149389.2026.6.23,2026-06-23 00:00:00,ON,2026,6,23,,,,,,,,,,,,,,,,,,,,,,,,,42424
-80.38333333333334,43.45,WATERLOO WELLINGTON 2,6149389,6149389.2026.6.24,2026-06-24 00:00:00,ON,2026,6,24,,,,,,,,,,,,,,,,,,,,,,,,,42424
-80.38333333333334,43.45,WATERLOO WELLINGTON 2,6149389,6149389.2026.6.25,2026-06-25 00:00:00,ON,2026,6,25,,,,,,,,,,,,,,,,,,,,,,,,,42424
-80.38333333333334,43.45,WATERLOO WELLINGTON 2,6149389,6149389.2026.6.26,2026-06-26 00:00:00,ON,2026,6,26,,,,,,,,,,,,,,,,,,,,,,,,,42424
-80.38333333333334,43.45,WATERLOO WELLINGTON 2,6149389,6149389.2026.6.27,2026-06-27 00:00:00,ON,2026,6,27,,,,,,,,,,,,,,,,,,,,,,,,,42424
-80.38333333333334,43.45,WATERLOO WELLINGTON 2,6149389,6149389.2026.6.28,2026-06-28 00:00:00,ON,2026,6,28,,,,,,,,,,,,,,,,,,,,,,,,,42424
-80.38333333333334,43.45,WATERLOO WELLINGTON 2,6149389,6149389.2026.6.29,2026-06-29 00:00:00,ON,2026,6,29,,,,,,,,,,,,,,,,,,,,,,,,,42424
-80.38333333333334,43.45,WATERLOO WELLINGTON 2,6149389,6149389.2026.6.30,2026-06-30 00:00:00,ON,2026,6,30,,,,,,,,,,,,,,,,,,,,,,,,,42424
-80.38333333333334,43.45,WATERLOO WELLINGTON 2,6149389,6149389.2026.7.1,2026-07-01 00:00:00,ON,2026,7,1,,,,,,,,,,,,,,,,,,,,,,,,,42424
-80.38333333333334,43.45,WATERLOO WELLINGTON 2,6149389,6149389.2026.7.2,2026-07-02 00:00:00,ON,2026,7,2,,,,,,,,,,,,,,,,,,,,,,,,,42424
-80.38333333333334,43.45,WATERLOO WELLINGTON 2,6149389,6149389.2026.7.3,2026-07-03 00:00:00,ON,2026,7,3,,,,,,,,,,,,,,,,,,,,,,,,,42424
-80.38333333333334,43.45,WATERLOO WELLINGTON 2,6149389,6149389.2026.7.4,2026-07-04 00:00:00,ON,2026,7,4,,,,,,,,,,,,,,,,,,,,,,,,,42424
-80.38333333333334,43.45,WATERLOO WELLINGTON 2,6149389,6149389.2026.7.5,2026-07-05 00:00:00,ON,2026,7,5,,,,,,,,,,,,,,,,,,,,,,,,,42424
-80.38333333333334,43.45,WATERLOO WELLINGTON 2,6149389,6149389.2026.7.6,2026-07-06 00:00:00,ON,2026,7,6,,,,,,,,,,,,,,,,,,,,,,,,,42424
-80.38333333333334,43.45,WATERLOO WELLINGTON 2,6149389,6149389.2026.7.7,2026-07-07 00:00:00,ON,2026,7,7,,,,,,,,,,,,,,,,,,,,,,,,,42424
-80.38333333333334,43.45,WATERLOO WELLINGTON 2,6149389,6149389.2026.7.8,2026-07-08 00:00:00,ON,2026,7,8,,,,,,,,,,,,,,,,,,,,,,,,,42424
-80.38333333333334,43.45,WATERLOO WELLINGTON 2,6149389,6149389.2026.7.9,2026-07-09 00:00:00,ON,2026,7,9,,,,,,,,,,,,,,,,,,,,,,,,,42424
-80.38333333333334,43.45,WATERLOO WELLINGTON 2,6149389,6149389.2026.7.10,2026-07-10 00:00:00,ON,2026,7,10,,,,,,,,,,,,,,,,,,,,,,,,,42424
-80.38333333333334,43.45,WATERLOO WELLINGTON 2,6149389,6149389.2026.7.11,2026-07-11 00:00:00,ON,2026,7,11,,,,,,,,,,,,,,,,,,,,,,,,,42424
-80.38333333333334,43.45,WATERLOO WELLINGTON 2,6149389,6149389.2026.7.12,2026-07-12 00:00:00,ON,2026,7,12,,,,,,,,,,,,,,,,,,,,,,,,,42424
-80.38333333333334,43.45,WATERLOO WELLINGTON 2,6149389,6149389.2026.7.13,2026-07-13 00:00:00,ON,2026,7,13,,,,,,,,,,,,,,,,,,,,,,,,,42424
-80.38333333333334,43.45,WATERLOO WELLINGTON 2,6149389,6149389.2026.7.14,2026-07-14 00:00:00,ON,2026,7,14,,,,,,,,,,,,,,,,,,,,,,,,,42424
-80.38333333333334,43.45,WATERLOO WELLINGTON 2,6149389,6149389.2026.7.15,2026-07-15 00:00:00,ON,2026,7,15,,,,,,,,,,,,,,,,,,,,,,,,,42424
-80.38333333333334,43.45,WATERLOO WELLINGTON 2,6149389,6149389.2026.7.16,2026-07-16 00:00:00,ON,2026,7,16,,,,,,,,,,,,,,,,,,,,,,,,,42424
-80.38333333333334,43.45,WATERLOO WELLINGTON 2,6149389,6149389.2026.7.17,2026-07-17 00:00:00,ON,2026,7,17,,,,,,,,,,,,,,,,,,,,,,,,,42424
-80.38333333333334,43.45,WATERLOO WELLINGTON 2,6149389,6149389.2026.7.18,2026-07-18 00:00:00,ON,2026,7,18,,,,,,,,,,,,,,,,,,,,,,,,,42424
-80.38333333333334,43.45,WATERLOO WELLINGTON 2,6149389,6149389.2026.7.19,2026-07-19 00:00:00,ON,2026,7,19,,,,,,,,,,,,,,,,,,,,,,,,,42424
-80.38333333333334,43.45,WATERLOO WELLINGTON 2,6149389,6149389.2026.7.20,2026-07-20 00:00:00,ON,2026,7,20,,,,,,,,,,,,,,,,,,,,,,,,,42424
-80.38333333333334,43.45,WATERLOO WELLINGTON 2,6149389,6149389.2026.7.21,2026-07-21 00:00:00,ON,2026,7,21,,,,,,,,,,,,,,,,,,,,,,,,,42424
-80.38333333333334,43.45,WATERLOO WELLINGTON 2,6149389,6149389.2026.7.22,2026-07-22 00:00:00,ON,2026,7,22,,,,,,,,,,,,,,,,,,,,,,,,,42424
-80.38333333333334,43.45,WATERLOO WELLINGTON 2,6149389,6149389.2026.7.23,2026-07-23 00:00:00,ON,2026,7,23,,,,,,,,,,,,,,,,,,,,,,,,,42424
-80.38333333333334,43.45,WATERLOO WELLINGTON 2,6149389,6149389.2026.7.24,2026-07-24 00:00:00,ON,2026,7,24,,,,,,,,,,,,,,,,,,,,,,,,,42424
-80.38333333333334,43.45,WATERLOO WELLINGTON 2,6149389,6149389.2026.7.25,2026-07-25 00:00:00,ON,2026,7,25,,,,,,,,,,,,,,,,,,,,,,,,,42424
-80.38333333333334,43.45,WATERLOO WELLINGTON 2,6149389,6149389.2026.7.26,2026-07-26 00:00:00,ON,2026,7,26,,,,,,,,,,,,,,,,,,,,,,,,,42424
-80.38333333333334,43.45,WATERLOO WELLINGTON 2,6149389,6149389.2026.7.27,2026-07-27 00:00:00,ON,2026,7,27,,,,,,,,,,,,,,,,,,,,,,,,,42424
-80.38333333333334,43.45,WATERLOO WELLINGTON 2,6149389,6149389.2026.7.28,2026-07-28 00:00:00,ON,2026,7,28,,,,,,,,,,,,,,,,,,,,,,,,,42424
-80.38333333333334,43.45,WATERLOO WELLINGTON 2,6149389,6149389.2026.7.29,2026-07-29 00:00:00,ON,2026,7,29,,,,,,,,,,,,,,,,,,,,,,,,,42424
-80.38333333333334,43.45,WATERLOO WELLINGTON 2,6149389,6149389.2026.7.30,2026-07-30 00:00:00,ON,2026,7,30,,,,,,,,,,,,,,,,,,,,,,,,,42424
-80.38333333333334,43.45,WATERLOO WELLINGTON 2,6149389,6149389.2026.7.31,2026-07-31 00:00:00,ON,2026,7,31,,,,,,,,,,,,,,,,,,,,,,,,,42424
-80.38333333333334,43.45,WATERLOO WELLINGTON 2,6149389,6149389.2026.8.1,2026-08-01 00:00:00,ON,2026,8,1,,,,,,,,,,,,,,,,,,,,,,,,,42424
-80.38333333333334,43.45,WATERLOO WELLINGTON 2,6149389,6149389.2026.8.2,2026-08-02 00:00:00,ON,2026,8,2,,,,,,,,,,,,,,,,,,,,,,,,,42424
-80.38333333333334,43.45,WATERLOO WELLINGTON 2,6149389,6149389.2026.8.3,2026-08-03 00:00:00,ON,2026,8,3,,,,,,,,,,,,,,,,,,,,,,,,,42424
-80.38333333333334,43.45,WATERLOO WELLINGTON 2,6149389,6149389.2026.8.4,2026-08-04 00:00:00,ON,2026,8,4,,,,,,,,,,,,,,,,,,,,,,,,,42424
-80.38333333333334,43.45,WATERLOO WELLINGTON 2,6149389,6149389.2026.8.5,2026-08-05 00:00:00,ON,2026,8,5,,,,,,,,,,,,,,,,,,,,,,,,,42424
-80.38333333333334,43.45,WATERLOO WELLINGTON 2,6149389,6149389.2026.8.6,2026-08-06 00:00:00,ON,2026,8,6,,,,,,,,,,,,,,,,,,,,,,,,,42424
-80.38333333333334,43.45,WATERLOO WELLINGTON 2,6149389,6149389.2026.8.7,2026-08-07 00:00:00,ON,2026,8,7,,,,,,,,,,,,,,,,,,,,,,,,,42424
-80.38333333333334,43.45,WATERLOO WELLINGTON 2,6149389,6149389.2026.8.8,2026-08-08 00:00:00,ON,2026,8,8,,,,,,,,,,,,,,,,,,,,,,,,,42424
-80.38333333333334,43.45,WATERLOO WELLINGTON 2,6149389,6149389.2026.8.9,2026-08-09 00:00:00,ON,2026,8,9,,,,,,,,,,,,,,,,,,,,,,,,,42424
-80.38333333333334,43.45,WATERLOO WELLINGTON 2,6149389,6149389.2026.8.10,2026-08-10 00:00:00,ON,2026,8,10,,,,,,,,,,,,,,,,,,,,,,,,,42424
-80.38333333333334,43.45,WATERLOO WELLINGTON 2,6149389,6149389.2026.8.11,2026-08-11 00:00:00,ON,2026,8,11,,,,,,,,,,,,,,,,,,,,,,,,,42424
-80.38333333333334,43.45,WATERLOO WELLINGTON 2,6149389,6149389.2026.8.12,2026-08-12 00:00:00,ON,2026,8,12,,,,,,,,,,,,,,,,,,,,,,,,,42424
-80.38333333333334,43.45,WATERLOO WELLINGTON 2,6149389,6149389.2026.8.13,2026-08-13 00:00:00,ON,2026,8,13,,,,,,,,,,,,,,,,,,,,,,,,,42424
-80.38333333333334,43.45,WATERLOO WELLINGTON 2,6149389,6149389.2026.8.14,2026-08-14 00:00:00,ON,2026,8,14,,,,,,,,,,,,,,,,,,,,,,,,,42424
-80.38333333333334,43.45,WATERLOO WELLINGTON 2,6149389,6149389.2026.8.15,2026-08-15 00:00:00,ON,2026,8,15,,,,,,,,,,,,,,,,,,,,,,,,,42424
-80.38333333333334,43.45,WATERLOO WELLINGTON 2,6149389,6149389.2026.8.16,2026-08-16 00:00:00,ON,2026,8,16,,,,,,,,,,,,,,,,,,,,,,,,,42424
-80.38333333333334,43.45,WATERLOO WELLINGTON 2,6149389,6149389.2026.8.17,2026-08-17 00:00:00,ON,2026,8,17,,,,,,,,,,,,,,,,,,,,,,,,,42424
-80.38333333333334,43.45,WATERLOO WELLINGTON 2,6149389,6149389.2026.8.18,2026-08-18 00:00:00,ON,2026,8,18,,,,,,,,,,,,,,,,,,,,,,,,,42424
