material,month_str,year,month_num,break_count,km_primary,failure_rate,sin_month,cos_month,time_index,Tmean,Tmin,Tmax,ADD,FI,FD,FTC,FI_cum,TI,TD,TIG,TDG,Tmean_lag1,Tmean_lag2,Tmean_lag3,FI_lag1,FI_lag2,FI_lag3,FTC_lag1,FTC_lag2,FTC_lag3,FI_cum_lag1,FI_cum_lag2,FI_cum_lag3,FD_lag1,FD_lag2,FD_lag3,ADD_lag1,ADD_lag2,ADD_lag3,missing_days
CI,1997-01,1997,1,16,151.272531414784,0.1057693677124273,0.4999999999999999,0.8660254037844387,0,-7.094,-11.452,-2.69,8.761,-237.0,26,6,-362.1,17.1,5,11.5,10.2,-1.242,-0.27,8.277,-67.8,-57.3,0.0,18,15,6,-125.1,-57.3,0.0,15,18,0,5.313,6.91,9.919,0
CI,1997-02,1997,2,4,151.272531414784,0.0264423419281068,0.8660254037844386,0.5000000000000001,1,-3.964,-8.286,0.396,8.682,-129.8,22,10,-491.9,18.8,6,14.1,10.0,-7.094,-1.242,-0.27,-237.0,-67.8,-57.3,6,18,15,-362.1,-125.1,-57.3,26,15,18,8.761,5.313,6.91,0
CI,1997-03,1997,3,4,151.272531414784,0.0264423419281068,1.0,6.123233995736766e-17,2,-1.971,-6.21,2.281,8.49,-96.6,20,16,-588.5,35.5,11,8.9,9.1,-3.964,-7.094,-1.242,-129.8,-237.0,-67.8,10,6,18,-491.9,-362.1,-125.1,22,26,15,8.682,8.761,5.313,0
CI,1997-04,1997,4,4,151.272531414784,0.0264423419281068,0.8660254037844387,-0.4999999999999998,3,4.937,-0.717,10.537,11.253,-9.9,3,16,-598.4,158.0,27,4.9,11.7,-1.971,-3.964,-7.094,-96.6,-129.8,-237.0,16,10,6,-588.5,-491.9,-362.1,20,22,26,8.49,8.682,8.761,0
CI,1997-05,1997,5,0,151.272531414784,0.0,0.4999999999999999,-0.8660254037844387,4,8.677,3.442,13.858,10.416,0.0,0,4,-598.4,269.0,31,5.7,6.7,4.937,-1.971,-3.964,-9.9,-96.6,-129.8,16,16,10,-598.4,-588.5,-491.9,3,20,22,11.253,8.49,8.682,0
CI,1997-06,1997,6,3,151.272531414784,0.0198317564460801,1.2246467991473532e-16,-1.0,5,18.667,12.327,24.95,12.623,0.0,0,0,-598.4,560.0,30,7.7,6.0,8.677,4.937,-1.971,0.0,-9.9,-96.6,4,16,16,-598.4,-598.4,-588.5,0,3,20,10.416,11.253,8.49,0
CI,1997-07,1997,7,1,151.272531414784,0.0066105854820267,-0.4999999999999997,-0.8660254037844388,6,19.216,13.371,25.019,11.648,0.0,0,0,-598.4,595.7,31,3.8,6.7,18.667,8.677,4.937,0.0,0.0,-9.9,0,4,16,-598.4,-598.4,-598.4,0,0,3,12.623,10.416,11.253,0
CI,1997-08,1997,8,0,151.272531414784,0.0,-0.8660254037844384,-0.5000000000000004,7,17.113,11.158,23.013,11.855,0.0,0,0,-598.4,530.5,31,4.4,7.0,19.216,18.667,8.677,0.0,0.0,0.0,0,0,4,-598.4,-598.4,-598.4,0,0,0,11.648,12.623,10.416,0
CI,1997-09,1997,9,1,151.272531414784,0.0066105854820267,-1.0,-1.8369701987210294e-16,8,14.34,8.647,19.977,11.33,0.0,0,0,-598.4,430.2,30,7.0,5.4,17.113,19.216,18.667,0.0,0.0,0.0,0,0,0,-598.4,-598.4,-598.4,0,0,0,11.855,11.648,12.623,0
CI,1997-10,1997,10,4,151.272531414784,0.0264423419281068,-0.8660254037844386,0.5000000000000001,9,8.732,3.319,14.1,10.781,-0.2,1,10,-0.2,270.9,30,9.2,6.9,14.34,17.113,19.216,0.0,0.0,0.0,0,0,0,-598.4,-598.4,-598.4,0,0,0,11.33,11.855,11.648,0
CI,1997-11,1997,11,11,151.272531414784,0.0727164403022937,-0.5000000000000004,0.8660254037844384,10,1.062,-2.317,4.485,6.802,-33.25,13,14,-33.45,65.1,17,5.0,4.4,8.732,14.34,17.113,-0.2,0.0,0.0,10,0,0,-0.2,-598.4,-598.4,1,0,0,10.781,11.33,11.855,2
CI,1997-12,1997,12,11,151.272531414784,0.0727164403022937,-2.4492935982947064e-16,1.0,11,-2.345,-5.158,0.477,5.635,-81.4,24,19,-114.85,8.7,7,6.3,6.1,1.062,8.732,14.34,-33.25,-0.2,0.0,14,10,0,-33.45,-0.2,-598.4,13,1,0,6.802,10.781,11.33,0
CI,1998-01,1998,1,9,151.272531414784,0.0594952693382403,0.4999999999999999,0.8660254037844387,12,-3.058,-6.132,0.045,6.177,-121.9,24,13,-236.75,27.1,7,7.7,6.4,-2.345,1.062,8.732,-81.4,-33.25,-0.2,19,14,10,-114.85,-33.45,-0.2,24,13,1,5.635,6.802,10.781,0
CI,1998-02,1998,2,4,151.272531414784,0.0264423419281068,0.8660254037844386,0.5000000000000001,13,-1.539,-5.418,2.314,7.732,-62.0,14,19,-298.75,18.9,14,4.4,7.5,-3.058,-2.345,1.062,-121.9,-81.4,-33.25,13,19,14,-236.75,-114.85,-33.45,24,24,13,6.177,5.635,6.802,0
CI,1998-03,1998,3,7,151.272531414784,0.0462740983741869,1.0,6.123233995736766e-17,14,0.99,-3.103,5.066,8.169,-71.3,16,16,-370.05,102.0,15,10.6,6.0,-1.539,-3.058,-2.345,-62.0,-121.9,-81.4,19,13,19,-298.75,-236.75,-114.85,14,24,24,7.732,6.177,5.635,1
CI,1998-04,1998,4,0,151.272531414784,0.0,0.8660254037844387,-0.4999999999999998,15,7.6,1.687,13.467,11.78,0.0,0,11,-370.05,228.0,30,4.9,4.8,0.99,-1.539,-3.058,-71.3,-62.0,-121.9,16,19,13,-370.05,-298.75,-236.75,16,14,24,8.169,7.732,6.177,0
CI,1998-05,1998,5,0,151.272531414784,0.0,0.4999999999999999,-0.8660254037844387,16,16.055,9.497,22.561,13.065,0.0,0,0,-370.05,497.7,31,3.4,8.9,7.6,0.99,-1.539,0.0,-71.3,-62.0,11,16,19,-370.05,-370.05,-298.75,0,16,14,11.78,8.169,7.732,0
CI,1998-06,1998,6,1,151.272531414784,0.0066105854820267,1.2246467991473532e-16,-1.0,17,17.9,12.207,23.547,11.34,0.0,0,0,-370.05,537.0,30,5.0,6.5,16.055,7.6,0.99,0.0,0.0,-71.3,0,11,16,-370.05,-370.05,-370.05,0,0,16,13.065,11.78,8.169,0
CI,1998-07,1998,7,2,151.272531414784,0.0132211709640534,-0.4999999999999997,-0.8660254037844388,18,19.868,13.49,26.194,12.703,0.0,0,0,-370.05,615.9,31,4.8,5.1,17.9,16.055,7.6,0.0,0.0,0.0,0,0,11,-370.05,-370.05,-370.05,0,0,0,11.34,13.065,11.78,0
CI,1998-08,1998,8,0,151.272531414784,0.0,-0.8660254037844384,-0.5000000000000004,19,20.29,13.819,26.716,12.897,0.0,0,0,-370.05,629.0,31,6.1,6.8,19.868,17.9,16.055,0.0,0.0,0.0,0,0,0,-370.05,-370.05,-370.05,0,0,0,12.703,11.34,13.065,0
CI,1998-09,1998,9,0,151.272531414784,0.0,-1.0,-1.8369701987210294e-16,20,16.767,9.517,23.967,14.45,0.0,0,0,-370.05,503.0,30,7.4,9.3,20.29,19.868,17.9,0.0,0.0,0.0,0,0,0,-370.05,-370.05,-370.05,0,0,0,12.897,12.703,11.34,0
CI,1998-10,1998,10,3,151.272531414784,0.0198317564460801,-0.8660254037844386,0.5000000000000001,21,9.69,4.0,15.339,11.339,0.0,0,4,0.0,300.4,31,5.9,4.9,16.767,20.29,19.868,0.0,0.0,0.0,0,0,0,-370.05,-370.05,-370.05,0,0,0,14.45,12.897,12.703,0
CI,1998-11,1998,11,14,151.272531414784,0.0925481967483738,-0.5000000000000004,0.8660254037844384,22,3.33,-0.697,7.33,8.027,-2.5,3,18,-2.5,102.4,27,8.1,7.2,9.69,16.767,20.29,0.0,0.0,0.0,4,0,0,0.0,-370.05,-370.05,0,0,0,11.339,14.45,12.897,0
CI,1998-12,1998,12,10,151.272531414784,0.066105854820267,-2.4492935982947064e-16,1.0,23,-0.455,-4.413,3.506,7.919,-89.1,14,17,-91.6,75.0,17,7.1,9.3,3.33,9.69,16.767,-2.5,0.0,0.0,18,4,0,-2.5,0.0,-370.05,3,0,0,8.027,11.339,14.45,0
CI,1999-01,1999,1,22,151.272531414784,0.1454328806045875,0.4999999999999999,0.8660254037844387,24,-7.471,-11.368,-3.529,7.839,-243.0,27,8,-334.6,11.4,4,8.3,7.4,-0.455,3.33,9.69,-89.1,-2.5,0.0,17,18,4,-91.6,-2.5,0.0,14,3,0,7.919,8.027,11.339,0
CI,1999-02,1999,2,7,151.272531414784,0.0462740983741869,0.8660254037844386,0.5000000000000001,25,-2.657,-6.793,1.489,8.282,-94.4,19,15,-429.0,20.0,9,8.5,11.1,-7.471,-0.455,3.33,-243.0,-89.1,-2.5,8,17,18,-334.6,-91.6,-2.5,27,14,3,7.839,7.919,8.027,0
CI,1999-03,1999,3,2,151.272531414784,0.0132211709640534,1.0,6.123233995736766e-17,26,-1.113,-5.574,3.358,8.932,-85.4,18,21,-514.4,50.9,12,5.8,4.7,-2.657,-7.471,-0.455,-94.4,-243.0,-89.1,15,8,17,-429.0,-334.6,-91.6,19,27,14,8.282,7.839,7.919,0
CI,1999-04,1999,4,4,151.272531414784,0.0264423419281068,0.8660254037844387,-0.4999999999999998,27,6.913,1.133,12.64,11.507,0.0,0,11,-514.4,207.4,30,6.0,6.5,-1.113,-2.657,-7.471,-85.4,-94.4,-243.0,21,15,8,-514.4,-429.0,-334.6,18,19,27,8.932,8.282,7.839,0
CI,1999-05,1999,5,4,151.272531414784,0.0264423419281068,0.4999999999999999,-0.8660254037844387,28,14.252,7.258,21.197,13.939,0.0,0,0,-514.4,441.8,31,4.8,10.1,6.913,-1.113,-2.657,0.0,-85.4,-94.4,11,21,15,-514.4,-514.4,-429.0,0,18,19,11.507,8.932,8.282,0
CI,1999-06,1999,6,1,151.272531414784,0.0066105854820267,1.2246467991473532e-16,-1.0,29,19.07,12.643,25.44,12.797,0.0,0,0,-514.4,572.1,30,6.1,9.3,14.252,6.913,-1.113,0.0,0.0,-85.4,0,11,21,-514.4,-514.4,-514.4,0,0,18,13.939,11.507,8.932,0
CI,1999-07,1999,7,2,151.272531414784,0.0132211709640534,-0.4999999999999997,-0.8660254037844388,30,22.377,16.313,28.403,12.09,0.0,0,0,-514.4,693.7,31,7.2,6.1,19.07,14.252,6.913,0.0,0.0,0.0,0,0,11,-514.4,-514.4,-514.4,0,0,0,12.797,13.939,11.507,0
CI,1999-08,1999,8,0,151.272531414784,0.0,-0.8660254037844384,-0.5000000000000004,31,18.068,12.345,23.735,11.39,0.0,0,0,-514.4,560.1,31,5.1,8.0,22.377,19.07,14.252,0.0,0.0,0.0,0,0,0,-514.4,-514.4,-514.4,0,0,0,12.09,12.797,13.939,0
CI,1999-09,1999,9,2,151.272531414784,0.0132211709640534,-1.0,-1.8369701987210294e-16,32,15.96,9.38,22.5,13.12,0.0,0,1,-514.4,478.8,30,7.1,7.2,18.068,22.377,19.07,0.0,0.0,0.0,0,0,0,-514.4,-514.4,-514.4,0,0,0,11.39,12.09,12.797,0
CI,1999-10,1999,10,7,151.272531414784,0.0462740983741869,-0.8660254037844386,0.5000000000000001,33,7.71,2.158,13.213,11.055,0.0,0,7,0.0,239.0,31,6.7,6.7,15.96,18.068,22.377,0.0,0.0,0.0,1,0,0,-514.4,-514.4,-514.4,0,0,0,13.12,11.39,12.09,0
CI,1999-11,1999,11,5,151.272531414784,0.0330529274101335,-0.5000000000000004,0.8660254037844384,34,4.497,0.153,8.8,8.647,-14.6,7,12,-14.6,149.5,23,7.4,8.3,7.71,15.96,18.068,0.0,0.0,0.0,7,1,0,0.0,-514.4,-514.4,0,0,0,11.055,13.12,11.39,0
CI,1999-12,1999,12,5,151.272531414784,0.0330529274101335,-2.4492935982947064e-16,1.0,35,-2.119,-6.039,1.806,7.845,-110.0,20,16,-124.6,44.3,11,9.1,8.0,4.497,7.71,15.96,-14.6,0.0,0.0,12,7,1,-14.6,0.0,-514.4,7,0,0,8.647,11.055,13.12,0
CI,2000-01,2000,1,16,151.272531414784,0.1057693677124273,0.4999999999999999,0.8660254037844387,36,-6.935,-11.61,-2.232,9.377,-232.5,24,11,-357.1,17.5,6,8.3,9.3,-2.119,4.497,7.71,-110.0,-14.6,0.0,16,12,7,-124.6,-14.6,0.0,20,7,0,7.845,8.647,11.055,0
CI,2000-02,2000,2,12,151.272531414784,0.0793270257843204,0.8660254037844386,0.5000000000000001,37,-4.2,-8.883,0.51,9.393,-160.2,22,5,-517.3,38.4,7,11.7,8.7,-6.935,-2.119,4.497,-232.5,-110.0,-14.6,11,16,12,-357.1,-124.6,-14.6,24,20,7,9.377,7.845,8.647,0
CI,2000-03,2000,3,1,151.272531414784,0.0066105854820267,1.0,6.123233995736766e-17,38,3.584,-1.71,8.839,10.548,-22.3,7,17,-539.6,133.4,24,6.5,12.9,-4.2,-6.935,-2.119,-160.2,-232.5,-110.0,5,11,16,-517.3,-357.1,-124.6,22,24,20,9.393,9.377,7.845,0
CI,2000-04,2000,4,2,151.272531414784,0.0132211709640534,0.8660254037844387,-0.4999999999999998,39,6.057,0.98,11.107,10.127,-4.2,5,12,-543.8,185.9,25,8.4,8.5,3.584,-4.2,-6.935,-22.3,-160.2,-232.5,17,5,11,-539.6,-517.3,-357.1,7,22,24,10.548,9.393,9.377,0
CI,2000-05,2000,5,3,151.272531414784,0.0198317564460801,0.4999999999999999,-0.8660254037844387,40,13.687,8.003,19.31,11.306,0.0,0,0,-543.8,424.3,31,7.3,6.0,6.057,3.584,-4.2,-4.2,-22.3,-160.2,12,17,5,-543.8,-539.6,-517.3,5,7,22,10.127,10.548,9.393,0
CI,2000-06,2000,6,0,151.272531414784,0.0,1.2246467991473532e-16,-1.0,41,17.81,12.317,23.253,10.937,0.0,0,0,-543.8,534.3,30,7.5,5.1,13.687,6.057,3.584,0.0,-4.2,-22.3,0,12,17,-543.8,-543.8,-539.6,0,5,7,11.306,10.127,10.548,0
CI,2000-07,2000,7,1,151.272531414784,0.0066105854820267,-0.4999999999999997,-0.8660254037844388,42,18.845,13.477,24.168,10.69,0.0,0,0,-543.8,584.2,31,2.9,6.7,17.81,13.687,6.057,0.0,0.0,-4.2,0,0,12,-543.8,-543.8,-543.8,0,0,5,10.937,11.306,10.127,0
CI,2000-08,2000,8,0,151.272531414784,0.0,-0.8660254037844384,-0.5000000000000004,43,18.535,13.026,23.987,10.961,0.0,0,0,-543.8,574.6,31,4.9,6.4,18.845,17.81,13.687,0.0,0.0,0.0,0,0,0,-543.8,-543.8,-543.8,0,0,0,10.69,10.937,11.306,0
CI,2000-09,2000,9,0,151.272531414784,0.0,-1.0,-1.8369701987210294e-16,44,14.327,8.593,20.003,11.41,0.0,0,1,-543.8,429.8,30,6.2,9.2,18.535,18.845,17.81,0.0,0.0,0.0,0,0,0,-543.8,-543.8,-543.8,0,0,0,10.961,10.69,10.937,0
CI,2000-10,2000,10,9,151.272531414784,0.0594952693382403,-0.8660254037844386,0.5000000000000001,45,9.884,4.148,15.558,11.41,0.0,0,7,0.0,306.4,31,6.0,9.3,14.327,18.535,18.845,0.0,0.0,0.0,1,0,0,-543.8,-543.8,-543.8,0,0,0,11.41,10.961,10.69,0
CI,2000-11,2000,11,6,151.272531414784,0.0396635128921602,-0.5000000000000004,0.8660254037844384,46,2.303,-1.487,6.07,7.557,-33.5,10,14,-33.5,102.6,20,7.2,6.9,9.884,14.327,18.535,0.0,0.0,0.0,7,1,0,0.0,-543.8,-543.8,0,0,0,11.41,11.41,10.961,0
CI,2000-12,2000,12,10,151.272531414784,0.066105854820267,-2.4492935982947064e-16,1.0,47,-8.661,-12.768,-4.526,8.242,-269.5,30,5,-303.0,1.0,1,9.6,7.8,2.303,9.884,14.327,-33.5,0.0,0.0,14,7,1,-33.5,0.0,-543.8,10,0,0,7.557,11.41,11.41,0
CI,2001-01,2001,1,8,151.272531414784,0.0528846838562136,0.4999999999999999,0.8660254037844387,48,-5.065,-8.19,-1.91,6.281,-159.8,28,7,-462.8,2.8,3,6.8,7.4,-8.661,2.303,9.884,-269.5,-33.5,0.0,5,14,7,-303.0,-33.5,0.0,30,10,0,8.242,7.557,11.41,0
CI,2001-02,2001,2,6,151.272531414784,0.0396635128921602,0.8660254037844386,0.5000000000000001,49,-4.15,-7.479,-0.786,6.693,-125.3,25,10,-588.1,9.1,3,11.9,9.2,-5.065,-8.661,2.303,-159.8,-269.5,-33.5,7,5,14,-462.8,-303.0,-33.5,28,30,10,6.281,8.242,7.557,0
CI,2001-03,2001,3,4,151.272531414784,0.0264423419281068,1.0,6.123233995736766e-17,50,-1.958,-5.794,1.887,7.681,-82.2,19,20,-670.3,21.5,12,8.9,4.7,-4.15,-5.065,-8.661,-125.3,-159.8,-269.5,10,7,5,-588.1,-462.8,-303.0,25,28,30,6.693,6.281,8.242,0
CI,2001-04,2001,4,0,151.272531414784,0.0,0.8660254037844387,-0.4999999999999998,51,7.18,1.073,13.233,12.16,0.0,0,14,-670.3,215.4,30,10.4,10.5,-1.958,-4.15,-5.065,-82.2,-125.3,-159.8,20,10,7,-670.3,-588.1,-462.8,19,25,28,7.681,6.693,6.281,0
CI,2001-05,2001,5,3,151.272531414784,0.0198317564460801,0.4999999999999999,-0.8660254037844387,52,13.723,7.981,19.397,11.416,0.0,0,1,-670.3,425.4,31,4.7,8.5,7.18,-1.958,-4.15,0.0,-82.2,-125.3,14,20,10,-670.3,-670.3,-588.1,0,19,25,12.16,7.681,6.693,0
CI,2001-06,2001,6,2,151.272531414784,0.0132211709640534,1.2246467991473532e-16,-1.0,53,18.513,12.663,24.313,11.65,0.0,0,0,-670.3,555.4,30,5.9,6.8,13.723,7.18,-1.958,0.0,0.0,-82.2,1,14,20,-670.3,-670.3,-670.3,0,0,19,11.416,12.16,7.681,0
CI,2001-07,2001,7,2,151.272531414784,0.0132211709640534,-0.4999999999999997,-0.8660254037844388,54,19.4,13.403,25.332,11.929,0.0,0,0,-670.3,601.4,31,4.1,6.7,18.513,13.723,7.18,0.0,0.0,0.0,0,1,14,-670.3,-670.3,-670.3,0,0,0,11.65,11.416,12.16,0
CI,2001-08,2001,8,1,151.272531414784,0.0066105854820267,-0.8660254037844384,-0.5000000000000004,55,20.965,14.487,27.394,12.906,0.0,0,0,-670.3,649.9,31,2.8,7.7,19.4,18.513,13.723,0.0,0.0,0.0,0,0,1,-670.3,-670.3,-670.3,0,0,0,11.929,11.65,11.416,0
CI,2001-09,2001,9,1,151.272531414784,0.0066105854820267,-1.0,-1.8369701987210294e-16,56,14.68,8.543,20.78,12.237,0.0,0,0,-670.3,440.4,30,5.2,6.0,20.965,19.4,18.513,0.0,0.0,0.0,0,0,0,-670.3,-670.3,-670.3,0,0,0,12.906,11.929,11.65,0
CI,2001-10,2001,10,4,151.272531414784,0.0264423419281068,-0.8660254037844386,0.5000000000000001,57,9.074,4.1,14.006,9.906,0.0,0,7,0.0,281.3,31,5.8,8.5,14.68,20.965,19.4,0.0,0.0,0.0,0,0,0,-670.3,-670.3,-670.3,0,0,0,12.237,12.906,11.929,0
CI,2001-11,2001,11,5,151.272531414784,0.0330529274101335,-0.5000000000000004,0.8660254037844384,58,5.64,0.98,10.227,9.247,-0.3,1,14,-0.3,169.5,29,6.9,7.0,9.074,14.68,20.965,0.0,0.0,0.0,7,0,0,0.0,-670.3,-670.3,0,0,0,9.906,12.237,12.906,0
CI,2001-12,2001,12,9,151.272531414784,0.0594952693382403,-2.4492935982947064e-16,1.0,59,-0.171,-3.484,3.132,6.616,-66.1,16,15,-66.4,60.8,15,8.3,7.0,5.64,9.074,14.68,-0.3,0.0,0.0,14,7,0,-0.3,0.0,-670.3,1,0,0,9.247,9.906,12.237,0
CI,2002-01,2002,1,10,151.272531414784,0.066105854820267,0.4999999999999999,0.8660254037844387,60,-2.184,-5.271,0.919,6.19,-89.3,21,10,-155.7,21.6,10,6.7,8.0,-0.171,5.64,9.074,-66.1,-0.3,0.0,15,14,7,-66.4,-0.3,0.0,16,1,0,6.616,9.247,9.906,0
CI,2002-02,2002,2,9,151.272531414784,0.0594952693382403,0.8660254037844386,0.5000000000000001,61,-3.143,-7.464,1.221,8.686,-105.2,23,15,-260.9,17.2,5,8.1,7.6,-2.184,-0.171,5.64,-89.3,-66.1,-0.3,10,15,14,-155.7,-66.4,-0.3,21,16,1,6.19,6.616,9.247,0
CI,2002-03,2002,3,3,151.272531414784,0.0198317564460801,1.0,6.123233995736766e-17,62,-0.748,-5.41,3.916,9.326,-74.9,18,20,-335.8,51.7,13,8.3,13.6,-3.143,-2.184,-0.171,-105.2,-89.3,-66.1,15,10,15,-260.9,-155.7,-66.4,23,21,16,8.686,6.19,6.616,0
CI,2002-04,2002,4,1,151.272531414784,0.0066105854820267,0.8660254037844387,-0.4999999999999998,63,6.347,1.777,10.897,9.12,-7.8,6,14,-343.6,198.2,24,6.7,7.5,-0.748,-3.143,-2.184,-74.9,-105.2,-89.3,20,15,10,-335.8,-260.9,-155.7,18,23,21,9.326,8.686,6.19,0
CI,2002-05,2002,5,1,151.272531414784,0.0066105854820267,0.4999999999999999,-0.8660254037844387,64,9.565,3.758,15.332,11.574,0.0,0,6,-343.6,296.5,31,7.2,6.1,6.347,-0.748,-3.143,-7.8,-74.9,-105.2,14,20,15,-343.6,-335.8,-260.9,6,18,23,9.12,9.326,8.686,0
CI,2002-06,2002,6,0,151.272531414784,0.0,1.2246467991473532e-16,-1.0,65,18.047,12.47,23.573,11.103,0.0,0,0,-343.6,541.4,30,6.8,6.9,9.565,6.347,-0.748,0.0,-7.8,-74.9,6,14,20,-343.6,-343.6,-335.8,0,6,18,11.574,9.12,9.326,0
CI,2002-07,2002,7,1,151.272531414784,0.0066105854820267,-0.4999999999999997,-0.8660254037844388,66,22.01,15.535,28.432,12.897,0.0,0,0,-343.6,682.3,31,5.5,9.2,18.047,9.565,6.347,0.0,0.0,-7.8,0,6,14,-343.6,-343.6,-343.6,0,0,6,11.103,11.574,9.12,0
CI,2002-08,2002,8,2,151.272531414784,0.0132211709640534,-0.8660254037844384,-0.5000000000000004,67,19.977,13.268,26.639,13.371,0.0,0,0,-343.6,619.3,31,3.0,6.8,22.01,18.047,9.565,0.0,0.0,0.0,0,0,6,-343.6,-343.6,-343.6,0,0,0,12.897,11.103,11.574,0
CI,2002-09,2002,9,0,151.272531414784,0.0,-1.0,-1.8369701987210294e-16,68,17.893,10.987,24.747,13.76,0.0,0,0,-343.6,536.8,30,7.2,7.9,19.977,22.01,18.047,0.0,0.0,0.0,0,0,0,-343.6,-343.6,-343.6,0,0,0,13.371,12.897,11.103,0
CI,2002-10,2002,10,7,151.272531414784,0.0462740983741869,-0.8660254037844386,0.5000000000000001,69,6.932,1.81,12.023,10.213,-2.0,4,15,-2.0,216.9,27,5.8,8.7,17.893,19.977,22.01,0.0,0.0,0.0,0,0,0,-343.6,-343.6,-343.6,0,0,0,13.76,13.371,12.897,0
CI,2002-11,2002,11,13,151.272531414784,0.0859376112663471,-0.5000000000000004,0.8660254037844384,70,1.787,-1.517,5.087,6.603,-26.7,10,17,-28.7,80.3,19,10.8,8.0,6.932,17.893,19.977,-2.0,0.0,0.0,15,0,0,-2.0,-343.6,-343.6,4,0,0,10.213,13.76,13.371,0
CI,2002-12,2002,12,19,151.272531414784,0.1256011241585074,-2.4492935982947064e-16,1.0,71,-3.794,-7.419,-0.139,7.281,-130.3,25,13,-159.0,12.7,6,8.5,7.6,1.787,6.932,17.893,-26.7,-2.0,0.0,17,15,0,-28.7,-2.0,-343.6,10,4,0,6.603,10.213,13.76,0
CI,2003-01,2003,1,12,151.272531414784,0.0793270257843204,0.4999999999999999,0.8660254037844387,72,-10.013,-14.503,-5.461,9.042,-312.6,30,2,-471.6,2.2,1,11.3,6.3,-3.794,1.787,6.932,-130.3,-26.7,-2.0,13,17,15,-159.0,-28.7,-2.0,25,10,4,7.281,6.603,10.213,0
CI,2003-02,2003,2,22,151.272531414784,0.1454328806045875,0.8660254037844386,0.5000000000000001,73,-8.996,-14.307,-3.636,10.671,-252.2,27,8,-723.8,0.3,1,6.6,8.5,-10.013,-3.794,1.787,-312.6,-130.3,-26.7,2,13,17,-471.6,-159.0,-28.7,30,25,10,9.042,7.281,6.603,0
CI,2003-03,2003,3,8,151.272531414784,0.0528846838562136,1.0,6.123233995736766e-17,74,-2.603,-9.055,3.855,12.91,-147.1,17,17,-870.9,66.4,14,14.6,10.9,-8.996,-10.013,-3.794,-252.2,-312.6,-130.3,8,2,13,-723.8,-471.6,-159.0,27,30,25,10.671,9.042,7.281,0
CI,2003-04,2003,4,0,151.272531414784,0.0,0.8660254037844387,-0.4999999999999998,75,4.777,-1.54,11.073,12.613,-23.1,8,17,-894.0,166.4,22,9.5,10.5,-2.603,-8.996,-10.013,-147.1,-252.2,-312.6,17,8,2,-870.9,-723.8,-471.6,17,27,30,12.91,10.671,9.042,0
CI,2003-05,2003,5,2,151.272531414784,0.0132211709640534,0.4999999999999999,-0.8660254037844387,76,11.0,5.326,16.613,11.287,0.0,0,1,-894.0,341.0,31,3.8,7.1,4.777,-2.603,-8.996,-23.1,-147.1,-252.2,17,17,8,-894.0,-870.9,-723.8,8,17,27,12.613,12.91,10.671,0
CI,2003-06,2003,6,2,151.272531414784,0.0132211709640534,1.2246467991473532e-16,-1.0,77,16.673,10.017,23.277,13.26,0.0,0,0,-894.0,500.2,30,4.7,7.7,11.0,4.777,-2.603,0.0,-23.1,-147.1,1,17,17,-894.0,-894.0,-870.9,0,8,17,11.287,12.613,12.91,0
CI,2003-07,2003,7,1,151.272531414784,0.0066105854820267,-0.4999999999999997,-0.8660254037844388,78,19.213,12.713,25.671,12.958,0.0,0,0,-894.0,595.6,31,3.3,4.5,16.673,11.0,4.777,0.0,0.0,-23.1,0,1,17,-894.0,-894.0,-894.0,0,0,8,13.26,11.287,12.613,0
CI,2003-08,2003,8,0,151.272531414784,0.0,-0.8660254037844384,-0.5000000000000004,79,19.726,13.161,26.252,13.09,0.0,0,0,-894.0,611.5,31,7.9,6.1,19.213,16.673,11.0,0.0,0.0,0.0,0,0,1,-894.0,-894.0,-894.0,0,0,0,12.958,13.26,11.287,0
CI,2003-09,2003,9,3,151.272531414784,0.0198317564460801,-1.0,-1.8369701987210294e-16,80,14.73,8.04,21.373,13.333,0.0,0,0,-894.0,441.9,30,4.1,6.5,19.726,19.213,16.673,0.0,0.0,0.0,0,0,0,-894.0,-894.0,-894.0,0,0,0,13.09,12.958,13.26,0
CI,2003-10,2003,10,5,151.272531414784,0.0330529274101335,-0.8660254037844386,0.5000000000000001,81,7.294,1.548,13.006,11.458,-0.1,1,14,-0.1,226.2,30,8.2,8.9,14.73,19.726,19.213,0.0,0.0,0.0,0,0,0,-894.0,-894.0,-894.0,0,0,0,13.333,13.09,12.958,0
CI,2003-11,2003,11,6,151.272531414784,0.0396635128921602,-0.5000000000000004,0.8660254037844384,82,3.52,-0.657,7.677,8.333,-9.6,7,17,-9.7,115.2,23,6.8,5.7,7.294,14.73,19.726,-0.1,0.0,0.0,14,0,0,-0.1,-894.0,-894.0,1,0,0,11.458,13.333,13.09,0
CI,2003-12,2003,12,12,151.272531414784,0.0793270257843204,-2.4492935982947064e-16,1.0,83,-1.677,-5.187,1.829,7.016,-77.8,19,14,-87.5,25.8,12,5.2,8.6,3.52,7.294,14.73,-9.6,-0.1,0.0,17,14,0,-9.7,-0.1,-894.0,7,1,0,8.333,11.458,13.333,0
CI,2004-01,2004,1,8,151.272531414784,0.0528846838562136,0.4999999999999999,0.8660254037844387,84,-10.361,-14.781,-5.906,8.874,-332.5,29,3,-420.0,11.3,2,11.8,10.1,-1.677,3.52,7.294,-77.8,-9.6,-0.1,14,17,14,-87.5,-9.7,-0.1,19,7,1,7.016,8.333,11.458,0
CI,2004-02,2004,2,12,151.272531414784,0.0793270257843204,0.8660254037844386,0.5000000000000001,85,-6.11,-11.624,-0.548,11.076,-178.7,27,11,-598.7,1.5,2,10.0,8.8,-10.361,-1.677,3.52,-332.5,-77.8,-9.6,3,14,17,-420.0,-87.5,-9.7,29,19,7,8.874,7.016,8.333,0
CI,2004-03,2004,3,4,151.272531414784,0.0264423419281068,1.0,6.123233995736766e-17,86,0.552,-3.545,4.645,8.19,-62.8,16,14,-661.5,79.9,15,9.3,7.1,-6.11,-10.361,-1.677,-178.7,-332.5,-77.8,11,3,14,-598.7,-420.0,-87.5,27,29,19,11.076,8.874,7.016,0
CI,2004-04,2004,4,2,151.272531414784,0.0132211709640534,0.8660254037844387,-0.4999999999999998,87,6.197,0.697,11.653,10.957,-5.4,3,13,-666.9,191.3,27,13.0,8.5,0.552,-6.11,-10.361,-62.8,-178.7,-332.5,14,11,3,-661.5,-598.7,-420.0,16,27,29,8.19,11.076,8.874,0
CI,2004-05,2004,5,0,151.272531414784,0.0,0.4999999999999999,-0.8660254037844387,88,11.887,5.842,17.884,12.042,0.0,0,2,-666.9,368.5,31,8.0,8.0,6.197,0.552,-6.11,-5.4,-62.8,-178.7,13,14,11,-666.9,-661.5,-598.7,3,16,27,10.957,8.19,11.076,0
CI,2004-06,2004,6,0,151.272531414784,0.0,1.2246467991473532e-16,-1.0,89,15.46,8.827,22.04,13.213,0.0,0,0,-666.9,463.8,30,5.0,10.2,11.887,6.197,0.552,0.0,-5.4,-62.8,2,13,14,-666.9,-666.9,-661.5,0,3,16,12.042,10.957,8.19,0
CI,2004-07,2004,7,2,151.272531414784,0.0132211709640534,-0.4999999999999997,-0.8660254037844388,90,18.903,12.794,24.968,12.174,0.0,0,0,-666.9,586.0,31,4.4,7.1,15.46,11.887,6.197,0.0,0.0,-5.4,0,2,13,-666.9,-666.9,-666.9,0,0,3,13.213,12.042,10.957,0
CI,2004-08,2004,8,0,151.272531414784,0.0,-0.8660254037844384,-0.5000000000000004,91,17.213,11.039,23.345,12.306,0.0,0,0,-666.9,533.6,31,5.7,5.5,18.903,15.46,11.887,0.0,0.0,0.0,0,0,2,-666.9,-666.9,-666.9,0,0,0,12.174,13.213,12.042,0
CI,2004-09,2004,9,1,151.272531414784,0.0066105854820267,-1.0,-1.8369701987210294e-16,92,16.08,8.753,23.353,14.6,0.0,0,0,-666.9,482.4,30,3.5,6.1,17.213,18.903,15.46,0.0,0.0,0.0,0,0,0,-666.9,-666.9,-666.9,0,0,0,12.306,12.174,13.213,0
CI,2004-10,2004,10,1,151.272531414784,0.0066105854820267,-0.8660254037844386,0.5000000000000001,93,8.726,3.274,14.132,10.858,0.0,0,6,0.0,270.5,31,7.1,6.5,16.08,17.213,18.903,0.0,0.0,0.0,0,0,0,-666.9,-666.9,-666.9,0,0,0,14.6,12.306,12.174,0
CI,2004-11,2004,11,8,151.272531414784,0.0528846838562136,-0.5000000000000004,0.8660254037844384,94,3.57,-1.0,8.117,9.117,-7.3,6,17,-7.3,114.4,24,8.2,7.7,8.726,16.08,17.213,0.0,0.0,0.0,6,0,0,0.0,-666.9,-666.9,0,0,0,10.858,14.6,12.306,0
CI,2004-12,2004,12,7,151.272531414784,0.0462740983741869,-2.4492935982947064e-16,1.0,95,-4.584,-9.042,-0.103,8.939,-161.1,24,16,-168.4,19.0,7,14.4,8.4,3.57,8.726,16.08,-7.3,0.0,0.0,17,6,0,-7.3,0.0,-666.9,6,0,0,9.117,10.858,14.6,0
CI,2005-01,2005,1,15,151.272531414784,0.0991587822304006,0.4999999999999999,0.8660254037844387,96,-8.281,-13.403,-3.123,10.281,-270.5,26,7,-438.9,13.8,5,9.3,13.3,-4.584,3.57,8.726,-161.1,-7.3,0.0,16,17,6,-168.4,-7.3,0.0,24,6,0,8.939,9.117,10.858,0
CI,2005-02,2005,2,8,151.272531414784,0.0528846838562136,0.8660254037844386,0.5000000000000001,97,-6.411,-11.889,-0.882,11.007,-184.7,25,10,-623.6,5.2,3,10.8,8.2,-8.281,-4.584,3.57,-270.5,-161.1,-7.3,7,16,17,-438.9,-168.4,-7.3,26,24,6,10.281,8.939,9.117,0
CI,2005-03,2005,3,5,151.272531414784,0.0330529274101335,1.0,6.123233995736766e-17,98,-3.952,-9.316,1.452,10.768,-146.5,26,17,-770.1,24.0,5,10.7,9.2,-6.411,-8.281,-4.584,-184.7,-270.5,-161.1,10,7,16,-623.6,-438.9,-168.4,25,26,24,11.007,10.281,8.939,0
CI,2005-04,2005,4,2,151.272531414784,0.0132211709640534,0.8660254037844387,-0.4999999999999998,99,6.18,-0.477,12.77,13.247,0.0,0,18,-770.1,185.4,30,3.7,5.3,-3.952,-6.411,-8.281,-146.5,-184.7,-270.5,17,10,7,-770.1,-623.6,-438.9,26,25,26,10.768,11.007,10.281,0
CI,2005-05,2005,5,1,151.272531414784,0.0066105854820267,0.4999999999999999,-0.8660254037844387,100,10.1,3.155,16.99,13.835,0.0,0,5,-770.1,313.1,31,5.7,6.2,6.18,-3.952,-6.411,0.0,-146.5,-184.7,18,17,10,-770.1,-770.1,-623.6,0,26,25,13.247,10.768,11.007,0
CI,2005-06,2005,6,1,151.272531414784,0.0066105854820267,1.2246467991473532e-16,-1.0,101,20.583,13.457,27.653,14.197,0.0,0,0,-770.1,617.5,30,6.6,5.1,10.1,6.18,-3.952,0.0,0.0,-146.5,5,18,17,-770.1,-770.1,-770.1,0,0,26,13.835,13.247,10.768,0
CI,2005-07,2005,7,0,151.272531414784,0.0,-0.4999999999999997,-0.8660254037844388,102,21.181,13.652,28.658,15.006,0.0,0,0,-770.1,656.6,31,5.0,4.7,20.583,10.1,6.18,0.0,0.0,0.0,0,5,18,-770.1,-770.1,-770.1,0,0,0,14.197,13.835,13.247,0
CI,2005-08,2005,8,0,151.272531414784,0.0,-0.8660254037844384,-0.5000000000000004,103,19.806,13.371,26.187,12.816,0.0,0,0,-770.1,614.0,31,3.2,6.3,21.181,20.583,10.1,0.0,0.0,0.0,0,0,5,-770.1,-770.1,-770.1,0,0,0,15.006,14.197,13.835,0
CI,2005-09,2005,9,0,151.272531414784,0.0,-1.0,-1.8369701987210294e-16,104,16.343,9.223,23.403,14.18,0.0,0,0,-770.1,490.3,30,8.2,6.0,19.806,21.181,20.583,0.0,0.0,0.0,0,0,0,-770.1,-770.1,-770.1,0,0,0,12.816,15.006,14.197,0
CI,2005-10,2005,10,2,151.272531414784,0.0132211709640534,-0.8660254037844386,0.5000000000000001,105,9.7,4.623,14.716,10.094,0.0,0,6,0.0,300.7,31,4.5,8.9,16.343,19.806,21.181,0.0,0.0,0.0,0,0,0,-770.1,-770.1,-770.1,0,0,0,14.18,12.816,15.006,0
CI,2005-11,2005,11,4,151.272531414784,0.0264423419281068,-0.5000000000000004,0.8660254037844384,106,3.563,-1.387,8.497,9.883,-47.4,9,7,-47.4,154.3,21,14.5,11.0,9.7,16.343,19.806,0.0,0.0,0.0,6,0,0,0.0,-770.1,-770.1,0,0,0,10.094,14.18,12.816,0
CI,2005-12,2005,12,8,151.272531414784,0.0528846838562136,-2.4492935982947064e-16,1.0,107,-5.277,-8.252,-2.287,5.965,-167.3,27,9,-214.7,3.7,4,7.5,9.3,3.563,9.7,16.343,-47.4,0.0,0.0,7,6,0,-47.4,0.0,-770.1,9,0,0,9.883,10.094,14.18,0
CI,2006-01,2006,1,3,151.272531414784,0.0198317564460801,0.4999999999999999,0.8660254037844387,108,-1.052,-4.668,2.6,7.268,-68.4,20,20,-283.1,35.8,11,9.8,7.7,-5.277,3.563,9.7,-167.3,-47.4,0.0,9,7,6,-214.7,-47.4,0.0,27,9,0,5.965,9.883,10.094,0
CI,2006-02,2006,2,6,151.272531414784,0.0396635128921602,0.8660254037844386,0.5000000000000001,109,-5.257,-9.075,-1.414,7.661,-154.2,23,12,-437.3,7.0,5,5.4,10.8,-1.052,-5.277,3.563,-68.4,-167.3,-47.4,20,9,7,-283.1,-214.7,-47.4,20,27,9,7.268,5.965,9.883,0
CI,2006-03,2006,3,5,151.272531414784,0.0330529274101335,1.0,6.123233995736766e-17,110,-0.142,-5.142,4.858,10.0,-66.2,17,21,-503.5,61.8,14,8.1,8.2,-5.257,-1.052,-5.277,-154.2,-68.4,-167.3,12,20,9,-437.3,-283.1,-214.7,23,20,27,7.661,7.268,5.965,0
CI,2006-04,2006,4,2,151.272531414784,0.0132211709640534,0.8660254037844387,-0.4999999999999998,111,7.25,0.637,13.82,13.183,-0.5,1,15,-504.0,218.0,28,6.5,9.0,-0.142,-5.257,-1.052,-66.2,-154.2,-68.4,21,12,20,-503.5,-437.3,-283.1,17,23,20,10.0,7.661,7.268,0
CI,2006-05,2006,5,3,151.272531414784,0.0198317564460801,0.4999999999999999,-0.8660254037844387,112,12.835,6.242,19.371,13.129,0.0,0,4,-504.0,397.9,31,6.4,5.2,7.25,-0.142,-5.257,-0.5,-66.2,-154.2,15,21,12,-504.0,-503.5,-437.3,1,17,23,13.183,10.0,7.661,0
CI,2006-06,2006,6,4,151.272531414784,0.0264423419281068,1.2246467991473532e-16,-1.0,113,17.603,10.91,24.257,13.347,0.0,0,0,-504.0,528.1,30,8.0,6.6,12.835,7.25,-0.142,0.0,-0.5,-66.2,4,15,21,-504.0,-504.0,-503.5,0,1,17,13.129,13.183,10.0,0
CI,2006-07,2006,7,0,151.272531414784,0.0,-0.4999999999999997,-0.8660254037844388,114,21.571,15.058,28.045,12.987,0.0,0,0,-504.0,668.7,31,6.2,5.6,17.603,12.835,7.25,0.0,0.0,-0.5,0,4,15,-504.0,-504.0,-504.0,0,0,1,13.347,13.129,13.183,0
CI,2006-08,2006,8,1,151.272531414784,0.0066105854820267,-0.8660254037844384,-0.5000000000000004,115,18.581,12.048,25.065,13.016,0.0,0,0,-504.0,576.0,31,4.4,7.7,21.571,17.603,12.835,0.0,0.0,0.0,0,0,4,-504.0,-504.0,-504.0,0,0,0,12.987,13.347,13.129,0
CI,2006-09,2006,9,0,151.272531414784,0.0,-1.0,-1.8369701987210294e-16,116,13.733,8.523,18.89,10.367,0.0,0,0,-504.0,412.0,30,9.5,7.2,18.581,21.571,17.603,0.0,0.0,0.0,0,0,0,-504.0,-504.0,-504.0,0,0,0,13.016,12.987,13.347,0
CI,2006-10,2006,10,4,151.272531414784,0.0264423419281068,-0.8660254037844386,0.5000000000000001,117,7.19,1.968,12.361,10.394,0.0,0,10,0.0,222.9,31,5.7,8.9,13.733,18.581,21.571,0.0,0.0,0.0,0,0,0,-504.0,-504.0,-504.0,0,0,0,10.367,13.016,12.987,0
CI,2006-11,2006,11,9,151.272531414784,0.0594952693382403,-0.5000000000000004,0.8660254037844384,118,4.137,-0.033,8.253,8.287,-0.9,3,15,-0.9,125.0,27,6.0,5.3,7.19,13.733,18.581,0.0,0.0,0.0,10,0,0,0.0,-504.0,-504.0,0,0,0,10.394,10.367,13.016,0
CI,2006-12,2006,12,11,151.272531414784,0.0727164403022937,-2.4492935982947064e-16,1.0,119,0.413,-2.955,3.768,6.723,-41.9,13,18,-42.8,54.7,18,6.7,8.3,4.137,7.19,13.733,-0.9,0.0,0.0,15,10,0,-0.9,0.0,-504.0,3,0,0,8.287,10.394,10.367,0
CI,2007-01,2007,1,12,151.272531414784,0.0793270257843204,0.4999999999999999,0.8660254037844387,120,-4.526,-8.623,-0.41,8.213,-175.8,23,6,-218.6,35.5,8,8.3,9.5,0.413,4.137,7.19,-41.9,-0.9,0.0,18,15,10,-42.8,-0.9,0.0,13,3,0,6.723,8.287,10.394,0
CI,2007-02,2007,2,16,151.272531414784,0.1057693677124273,0.8660254037844386,0.5000000000000001,121,-10.039,-14.346,-5.696,8.65,-281.1,28,5,-499.7,0.0,0,9.2,8.5,-4.526,0.413,4.137,-175.8,-41.9,-0.9,6,18,15,-218.6,-42.8,-0.9,23,13,3,8.213,6.723,8.287,0
CI,2007-03,2007,3,7,151.272531414784,0.0462740983741869,1.0,6.123233995736766e-17,122,-0.774,-5.845,4.31,10.155,-93.3,18,17,-593.0,69.3,13,10.0,8.5,-10.039,-4.526,0.413,-281.1,-175.8,-41.9,5,6,18,-499.7,-218.6,-42.8,28,23,13,8.65,8.213,6.723,0
CI,2007-04,2007,4,1,151.272531414784,0.0066105854820267,0.8660254037844387,-0.4999999999999998,123,4.567,-0.543,9.65,10.193,-23.4,8,10,-616.4,160.4,22,6.0,6.9,-0.774,-10.039,-4.526,-93.3,-281.1,-175.8,17,5,6,-593.0,-499.7,-218.6,18,28,23,10.155,8.65,8.213,0
CI,2007-05,2007,5,2,151.272531414784,0.0132211709640534,0.4999999999999999,-0.8660254037844387,124,12.994,5.29,20.642,15.352,0.0,0,4,-616.4,402.8,31,11.2,10.4,4.567,-0.774,-10.039,-23.4,-93.3,-281.1,10,17,5,-616.4,-593.0,-499.7,8,18,28,10.193,10.155,8.65,0
CI,2007-06,2007,6,0,151.272531414784,0.0,1.2246467991473532e-16,-1.0,125,18.523,10.493,26.513,16.02,0.0,0,0,-616.4,555.7,30,7.6,9.2,12.994,4.567,-0.774,0.0,-23.4,-93.3,4,10,17,-616.4,-616.4,-593.0,0,8,18,15.352,10.193,10.155,0
CI,2007-07,2007,7,1,151.272531414784,0.0066105854820267,-0.4999999999999997,-0.8660254037844388,126,18.832,11.129,26.465,15.335,0.0,0,0,-616.4,583.8,31,4.3,8.1,18.523,12.994,4.567,0.0,0.0,-23.4,0,4,10,-616.4,-616.4,-616.4,0,0,8,16.02,15.352,10.193,0
CI,2007-08,2007,8,1,151.272531414784,0.0066105854820267,-0.8660254037844384,-0.5000000000000004,127,19.465,12.161,26.713,14.552,0.0,0,0,-616.4,603.4,31,5.0,7.0,18.832,18.523,12.994,0.0,0.0,0.0,0,0,4,-616.4,-616.4,-616.4,0,0,0,15.335,16.02,15.352,0
CI,2007-09,2007,9,1,151.272531414784,0.0066105854820267,-1.0,-1.8369701987210294e-16,128,16.29,8.45,24.17,15.72,0.0,0,2,-616.4,488.7,30,7.2,10.2,19.465,18.832,18.523,0.0,0.0,0.0,0,0,0,-616.4,-616.4,-616.4,0,0,0,14.552,15.335,16.02,1
CI,2007-10,2007,10,5,151.272531414784,0.0330529274101335,-0.8660254037844386,0.5000000000000001,129,12.394,6.71,18.032,11.323,0.0,0,3,0.0,384.2,31,5.2,8.2,16.29,19.465,18.832,0.0,0.0,0.0,2,0,0,-616.4,-616.4,-616.4,0,0,0,15.72,14.552,15.335,0
CI,2007-11,2007,11,9,151.272531414784,0.0594952693382403,-0.5000000000000004,0.8660254037844384,130,0.94,-3.383,5.253,8.637,-29.9,11,20,-29.9,58.1,19,7.5,6.6,12.394,16.29,19.465,0.0,0.0,0.0,3,2,0,0.0,-616.4,-616.4,0,0,0,11.323,15.72,14.552,0
CI,2007-12,2007,12,10,151.272531414784,0.066105854820267,-2.4492935982947064e-16,1.0,131,-4.148,-7.703,-0.561,7.142,-132.2,26,14,-162.1,3.6,5,5.7,6.4,0.94,12.394,16.29,-29.9,0.0,0.0,20,3,2,-29.9,0.0,-616.4,11,0,0,8.637,11.323,15.72,0
CI,2008-01,2008,1,7,151.272531414784,0.0462740983741869,0.4999999999999999,0.8660254037844387,132,-3.832,-7.548,-0.084,7.465,-157.2,24,11,-319.3,38.4,7,8.3,9.5,-4.148,0.94,12.394,-132.2,-29.9,0.0,14,20,3,-162.1,-29.9,0.0,26,11,0,7.142,8.637,11.323,0
CI,2008-02,2008,2,6,151.272531414784,0.0396635128921602,0.8660254037844386,0.5000000000000001,133,-7.095,-11.238,-2.591,8.647,-205.75,29,5,-525.05,0.0,0,7.6,9.4,-3.832,-4.148,0.94,-157.2,-132.2,-29.9,11,14,20,-319.3,-162.1,-29.9,24,26,11,7.465,7.142,8.637,3
CI,2008-03,2008,3,4,151.272531414784,0.0264423419281068,1.0,6.123233995736766e-17,134,-4.132,-8.884,0.639,9.523,-140.0,26,14,-665.05,11.9,5,11.1,7.5,-7.095,-3.832,-4.148,-205.75,-157.2,-132.2,5,11,14,-525.05,-319.3,-162.1,29,24,26,8.647,7.465,7.142,0
CI,2008-04,2008,4,1,151.272531414784,0.0066105854820267,0.8660254037844387,-0.4999999999999998,135,8.07,1.123,14.97,13.847,-1.2,1,11,-666.25,243.3,29,5.5,7.3,-4.132,-7.095,-3.832,-140.0,-205.75,-157.2,14,5,11,-665.05,-525.05,-319.3,26,29,24,9.523,8.647,7.465,0
CI,2008-05,2008,5,1,151.272531414784,0.0066105854820267,0.4999999999999999,-0.8660254037844387,136,10.181,3.697,16.613,12.916,0.0,0,3,-666.25,315.6,31,6.3,10.7,8.07,-4.132,-7.095,-1.2,-140.0,-205.75,11,14,5,-666.25,-665.05,-525.05,1,26,29,13.847,9.523,8.647,0
CI,2008-06,2008,6,0,151.272531414784,0.0,1.2246467991473532e-16,-1.0,137,18.413,12.837,23.943,11.107,0.0,0,0,-666.25,552.4,30,6.5,5.4,10.181,8.07,-4.132,0.0,-1.2,-140.0,3,11,14,-666.25,-666.25,-665.05,0,1,26,12.916,13.847,9.523,0
CI,2008-07,2008,7,0,151.272531414784,0.0,-0.4999999999999997,-0.8660254037844388,138,20.2,13.874,26.494,12.619,0.0,0,0,-666.25,626.2,31,4.9,5.6,18.413,10.181,8.07,0.0,0.0,-1.2,0,3,11,-666.25,-666.25,-666.25,0,0,1,11.107,12.916,13.847,0
CI,2008-08,2008,8,1,151.272531414784,0.0066105854820267,-0.8660254037844384,-0.5000000000000004,139,17.784,11.177,24.319,13.142,0.0,0,0,-666.25,551.3,31,4.4,7.6,20.2,18.413,10.181,0.0,0.0,0.0,0,0,3,-666.25,-666.25,-666.25,0,0,0,12.619,11.107,12.916,0
CI,2008-09,2008,9,2,151.272531414784,0.0132211709640534,-1.0,-1.8369701987210294e-16,140,15.293,8.817,21.71,12.893,0.0,0,0,-666.25,458.8,30,5.2,9.8,17.784,20.2,18.413,0.0,0.0,0.0,0,0,0,-666.25,-666.25,-666.25,0,0,0,13.142,12.619,11.107,0
CI,2008-10,2008,10,3,151.272531414784,0.0198317564460801,-0.8660254037844386,0.5000000000000001,141,7.494,1.281,13.652,12.371,-0.9,1,10,-0.9,233.2,30,9.2,4.7,15.293,17.784,20.2,0.0,0.0,0.0,0,0,0,-666.25,-666.25,-666.25,0,0,0,12.893,13.142,12.619,0
CI,2008-11,2008,11,2,151.272531414784,0.0132211709640534,-0.5000000000000004,0.8660254037844384,142,1.343,-2.76,5.443,8.203,-52.7,11,13,-53.6,93.0,19,9.2,5.9,7.494,15.293,17.784,-0.9,0.0,0.0,10,0,0,-0.9,-666.25,-666.25,1,0,0,12.371,12.893,13.142,0
CI,2008-12,2008,12,8,151.272531414784,0.0528846838562136,-2.4492935982947064e-16,1.0,143,-4.387,-8.497,-0.255,8.242,-154.8,25,11,-208.4,18.8,6,10.3,6.9,1.343,7.494,15.293,-52.7,-0.9,0.0,13,10,0,-53.6,-0.9,-666.25,11,1,0,8.203,12.371,12.893,0
CI,2009-01,2009,1,11,151.272531414784,0.0727164403022937,0.4999999999999999,0.8660254037844387,144,-10.768,-15.939,-5.558,10.381,-333.8,31,3,-542.2,0.0,0,10.0,10.3,-4.387,1.343,7.494,-154.8,-52.7,-0.9,11,13,10,-208.4,-53.6,-0.9,25,11,1,8.242,8.203,12.371,0
CI,2009-02,2009,2,6,151.272531414784,0.0396635128921602,0.8660254037844386,0.5000000000000001,145,-5.2,-10.371,-0.007,10.364,-163.1,24,11,-705.3,17.5,4,10.2,10.0,-10.768,-4.387,1.343,-333.8,-154.8,-52.7,3,11,13,-542.2,-208.4,-53.6,31,25,11,10.381,8.242,8.203,0
CI,2009-03,2009,3,6,151.272531414784,0.0396635128921602,1.0,6.123233995736766e-17,146,-0.148,-6.084,5.784,11.868,-63.9,14,24,-769.2,59.3,17,8.0,9.2,-5.2,-10.768,-4.387,-163.1,-333.8,-154.8,11,3,11,-705.3,-542.2,-208.4,24,31,25,10.364,10.381,8.242,0
CI,2009-04,2009,4,1,151.272531414784,0.0066105854820267,0.8660254037844387,-0.4999999999999998,147,6.723,0.61,12.79,12.18,-4.3,2,14,-773.5,206.0,28,7.9,9.8,-0.148,-5.2,-10.768,-63.9,-163.1,-333.8,24,11,3,-769.2,-705.3,-542.2,14,24,31,11.868,10.364,10.381,0
CI,2009-05,2009,5,2,151.272531414784,0.0132211709640534,0.4999999999999999,-0.8660254037844387,148,11.855,4.919,18.752,13.832,0.0,0,4,-773.5,367.5,31,6.3,8.1,6.723,-0.148,-5.2,-4.3,-63.9,-163.1,14,24,11,-773.5,-769.2,-705.3,2,14,24,12.18,11.868,10.364,0
CI,2009-06,2009,6,1,151.272531414784,0.0066105854820267,1.2246467991473532e-16,-1.0,149,16.35,10.1,22.547,12.447,0.0,0,0,-773.5,490.5,30,2.8,3.1,11.855,6.723,-0.148,0.0,-4.3,-63.9,4,14,24,-773.5,-773.5,-769.2,0,2,14,13.832,12.18,11.868,0
CI,2009-07,2009,7,1,151.272531414784,0.0066105854820267,-0.4999999999999997,-0.8660254037844388,150,17.255,11.352,23.097,11.745,0.0,0,0,-773.5,534.9,31,4.3,4.5,16.35,11.855,6.723,0.0,0.0,-4.3,0,4,14,-773.5,-773.5,-773.5,0,0,2,12.447,13.832,12.18,0
CI,2009-08,2009,8,0,151.272531414784,0.0,-0.8660254037844384,-0.5000000000000004,151,18.739,12.513,24.9,12.387,0.0,0,0,-773.5,580.9,31,8.6,4.6,17.255,16.35,11.855,0.0,0.0,0.0,0,0,4,-773.5,-773.5,-773.5,0,0,0,11.745,12.447,13.832,0
CI,2009-09,2009,9,1,151.272531414784,0.0066105854820267,-1.0,-1.8369701987210294e-16,152,14.915,8.243,21.618,13.375,0.0,0,0,-773.5,447.45,30,4.7,5.1,18.739,17.255,16.35,0.0,0.0,0.0,0,0,0,-773.5,-773.5,-773.5,0,0,0,12.387,11.745,12.447,1
CI,2009-10,2009,10,1,151.272531414784,0.0066105854820267,-0.8660254037844386,0.5000000000000001,153,7.384,2.413,12.313,9.9,0.0,0,9,0.0,228.9,31,7.4,6.2,14.915,18.739,17.255,0.0,0.0,0.0,0,0,0,-773.5,-773.5,-773.5,0,0,0,13.375,12.387,11.745,0
CI,2009-11,2009,11,5,151.272531414784,0.0330529274101335,-0.5000000000000004,0.8660254037844384,154,4.783,-0.213,9.743,9.957,0.0,0,13,0.0,143.5,30,8.3,5.3,7.384,14.915,18.739,0.0,0.0,0.0,9,0,0,0.0,-773.5,-773.5,0,0,0,9.9,13.375,12.387,0
CI,2009-12,2009,12,14,151.272531414784,0.0925481967483738,-2.4492935982947064e-16,1.0,155,-3.597,-6.771,-0.403,6.368,-125.9,25,13,-125.9,14.4,6,6.0,8.1,4.783,7.384,14.915,0.0,0.0,0.0,13,9,0,0.0,0.0,-773.5,0,0,0,9.957,9.9,13.375,0
CI,2010-01,2010,1,12,151.272531414784,0.0793270257843204,0.4999999999999999,0.8660254037844387,156,-6.256,-9.568,-2.929,6.639,-198.45,28,10,-324.35,4.5,3,4.8,7.5,-3.597,4.783,7.384,-125.9,0.0,0.0,13,13,9,-125.9,0.0,0.0,25,0,0,6.368,9.957,9.9,1
CI,2010-02,2010,2,7,151.272531414784,0.0462740983741869,0.8660254037844386,0.5000000000000001,157,-5.025,-8.346,-1.646,6.7,-140.7,28,7,-465.05,0.0,0,3.3,4.3,-6.256,-3.597,4.783,-198.45,-125.9,0.0,10,13,13,-324.35,-125.9,0.0,28,25,0,6.639,6.368,9.957,0
CI,2010-03,2010,3,3,151.272531414784,0.0198317564460801,1.0,6.123233995736766e-17,158,2.81,-2.942,8.539,11.481,-18.2,8,26,-483.25,105.3,23,4.4,8.0,-5.025,-6.256,-3.597,-140.7,-198.45,-125.9,7,10,13,-465.05,-324.35,-125.9,28,28,25,6.7,6.639,6.368,0
CI,2010-04,2010,4,2,151.272531414784,0.0132211709640534,0.8660254037844387,-0.4999999999999998,159,9.135,1.967,16.23,14.263,0.0,0,9,-483.25,274.05,30,9.9,7.3,2.81,-5.025,-6.256,-18.2,-140.7,-198.45,26,7,10,-483.25,-465.05,-324.35,8,28,28,11.481,6.7,6.639,1
CI,2010-05,2010,5,3,151.272531414784,0.0198317564460801,0.4999999999999999,-0.8660254037844387,160,14.01,7.365,20.597,13.232,0.0,0,3,-483.25,434.3,31,8.0,8.7,9.135,2.81,-5.025,0.0,-18.2,-140.7,9,26,7,-483.25,-483.25,-465.05,0,8,28,14.263,11.481,6.7,0
CI,2010-06,2010,6,1,151.272531414784,0.0066105854820267,1.2246467991473532e-16,-1.0,161,17.767,12.527,23.055,10.528,0.0,0,0,-483.25,533.0,30,4.6,7.7,14.01,9.135,2.81,0.0,0.0,-18.2,3,9,26,-483.25,-483.25,-483.25,0,0,8,13.232,14.263,11.481,2
CI,2010-07,2010,7,2,151.272531414784,0.0132211709640534,-0.4999999999999997,-0.8660254037844388,162,21.206,14.718,27.708,12.99,0.0,0,0,-483.25,657.4,31,4.9,5.4,17.767,14.01,9.135,0.0,0.0,0.0,0,3,9,-483.25,-483.25,-483.25,0,0,0,10.528,13.232,14.263,2
CI,2010-08,2010,8,4,151.272531414784,0.0264423419281068,-0.8660254037844384,-0.5000000000000004,163,20.326,13.718,26.868,13.15,0.0,0,0,-483.25,630.1,31,5.6,6.1,21.206,17.767,14.01,0.0,0.0,0.0,0,0,3,-483.25,-483.25,-483.25,0,0,0,12.99,10.528,13.232,2
CI,2010-09,2010,9,2,151.272531414784,0.0132211709640534,-1.0,-1.8369701987210294e-16,164,14.617,9.28,20.037,10.757,0.0,0,0,-483.25,438.5,30,8.5,11.1,20.326,21.206,17.767,0.0,0.0,0.0,0,0,0,-483.25,-483.25,-483.25,0,0,0,13.15,12.99,10.528,1
CI,2010-10,2010,10,7,151.272531414784,0.0462740983741869,-0.8660254037844386,0.5000000000000001,165,8.805,3.216,14.395,11.179,0.0,0,5,0.0,272.95,31,6.7,5.7,14.617,20.326,21.206,0.0,0.0,0.0,0,0,0,-483.25,-483.25,-483.25,0,0,0,10.757,13.15,12.99,1
CI,2010-11,2010,11,2,151.272531414784,0.0132211709640534,-0.5000000000000004,0.8660254037844384,166,2.407,-3.152,7.887,11.038,-6.3,5,26,-6.3,78.5,25,8.4,5.45,8.805,14.617,20.326,0.0,0.0,0.0,5,0,0,0.0,-483.25,-483.25,0,0,0,11.179,10.757,13.15,8
CI,2010-12,2010,12,18,151.272531414784,0.1189905386764807,-2.4492935982947064e-16,1.0,167,-5.206,-7.91,-2.474,5.435,-169.2,28,6,-175.5,7.8,3,8.2,6.8,2.407,8.805,14.617,-6.3,0.0,0.0,26,5,0,-6.3,0.0,-483.25,5,0,0,11.038,11.179,10.757,0
CI,2011-01,2011,1,18,151.272531414784,0.1189905386764807,0.4999999999999999,0.8660254037844387,168,-8.703,-12.592,-4.761,7.831,-273.3,30,3,-448.8,3.5,1,11.6,8.4,-5.206,2.407,8.805,-169.2,-6.3,0.0,6,26,5,-175.5,-6.3,0.0,28,5,0,5.435,11.038,11.179,2
CI,2011-02,2011,2,14,151.272531414784,0.0925481967483738,0.8660254037844386,0.5000000000000001,169,-6.343,-10.704,-1.943,8.761,-187.0,25,9,-635.8,9.4,3,8.0,13.9,-8.703,-5.206,2.407,-273.3,-169.2,-6.3,3,6,26,-448.8,-175.5,-6.3,30,28,5,7.831,5.435,11.038,2
CI,2011-03,2011,3,4,151.272531414784,0.0264423419281068,1.0,6.123233995736766e-17,170,-2.085,-6.598,2.444,9.042,-94.7,20,17,-730.5,30.05,11,6.5,8.1,-6.343,-8.703,-5.206,-187.0,-273.3,-169.2,9,3,6,-635.8,-448.8,-175.5,25,30,28,8.761,7.831,5.435,1
CI,2011-04,2011,4,0,151.272531414784,0.0,0.8660254037844387,-0.4999999999999998,171,6.008,0.43,11.542,11.112,0.0,0,15,-730.5,180.25,30,8.3,7.2,-2.085,-6.343,-8.703,-94.7,-187.0,-273.3,17,9,3,-730.5,-635.8,-448.8,20,25,30,9.042,8.761,7.831,5
CI,2011-05,2011,5,0,151.272531414784,0.0,0.4999999999999999,-0.8660254037844387,172,13.516,8.6,18.253,9.653,0.0,0,0,-730.5,419.0,31,4.0,6.8,6.008,-2.085,-6.343,0.0,-94.7,-187.0,15,17,9,-730.5,-730.5,-635.8,0,20,25,11.112,9.042,8.761,1
CI,2011-06,2011,6,2,151.272531414784,0.0132211709640534,1.2246467991473532e-16,-1.0,173,17.103,10.757,23.42,12.663,0.0,0,0,-730.5,513.1,30,3.8,6.5,13.516,6.008,-2.085,0.0,0.0,-94.7,0,15,17,-730.5,-730.5,-730.5,0,0,20,9.653,11.112,9.042,0
CI,2011-07,2011,7,4,151.272531414784,0.0264423419281068,-0.4999999999999997,-0.8660254037844388,174,22.194,14.755,29.577,14.823,0.0,0,0,-730.5,688.0,31,4.5,4.9,17.103,13.516,6.008,0.0,0.0,0.0,0,0,15,-730.5,-730.5,-730.5,0,0,0,12.663,9.653,11.112,1
CI,2011-08,2011,8,0,151.272531414784,0.0,-0.8660254037844384,-0.5000000000000004,175,19.829,12.916,26.687,13.771,0.0,0,0,-730.5,614.7,31,4.2,3.4,22.194,17.103,13.516,0.0,0.0,0.0,0,0,0,-730.5,-730.5,-730.5,0,0,0,14.823,12.663,9.653,3
CI,2011-09,2011,9,3,151.272531414784,0.0198317564460801,-1.0,-1.8369701987210294e-16,176,15.42,9.585,21.192,11.607,0.0,0,0,-730.5,462.6,30,2.8,6.6,19.829,22.194,17.103,0.0,0.0,0.0,0,0,0,-730.5,-730.5,-730.5,0,0,0,13.771,14.823,12.663,2
CI,2011-10,2011,10,2,151.272531414784,0.0132211709640534,-0.8660254037844386,0.5000000000000001,177,8.971,3.616,14.284,10.668,0.0,0,7,0.0,278.1,31,5.3,4.5,15.42,19.829,22.194,0.0,0.0,0.0,0,0,0,-730.5,-730.5,-730.5,0,0,0,11.607,13.771,14.823,0
CI,2011-11,2011,11,3,151.272531414784,0.0198317564460801,-0.5000000000000004,0.8660254037844384,178,5.253,0.283,10.183,9.9,-3.4,3,15,-3.4,161.0,27,7.7,6.9,8.971,15.42,19.829,0.0,0.0,0.0,7,0,0,0.0,-730.5,-730.5,0,0,0,10.668,11.607,13.771,0
CI,2011-12,2011,12,22,151.272531414784,0.1454328806045875,-2.4492935982947064e-16,1.0,179,-0.542,-4.1,3.013,7.113,-51.1,17,19,-54.5,34.3,13,6.7,6.8,5.253,8.971,15.42,-3.4,0.0,0.0,15,7,0,-3.4,0.0,-730.5,3,0,0,9.9,10.668,11.607,0
CI,2012-01,2012,1,12,151.272531414784,0.0793270257843204,0.4999999999999999,0.8660254037844387,180,-3.203,-6.89,0.519,7.41,-117.0,23,15,-171.5,17.7,8,11.0,8.8,-0.542,5.253,8.971,-51.1,-3.4,0.0,19,15,7,-54.5,-3.4,0.0,17,3,0,7.113,9.9,10.668,0
CI,2012-02,2012,2,2,151.272531414784,0.0132211709640534,0.8660254037844386,0.5000000000000001,181,-1.759,-5.234,1.752,6.986,-61.9,23,21,-233.4,10.9,6,5.4,6.0,-3.203,-0.542,5.253,-117.0,-51.1,-3.4,15,19,15,-171.5,-54.5,-3.4,23,17,3,7.41,7.113,9.9,0
CI,2012-03,2012,3,0,151.272531414784,0.0,1.0,6.123233995736766e-17,182,6.061,-0.542,12.648,13.19,-29.4,9,15,-262.8,217.3,22,14.0,10.7,-1.759,-3.203,-0.542,-61.9,-117.0,-51.1,21,15,19,-233.4,-171.5,-54.5,23,23,17,6.986,7.41,7.113,0
CI,2012-04,2012,4,0,151.272531414784,0.0,0.8660254037844387,-0.4999999999999998,183,5.823,-0.797,12.383,13.18,0.0,0,19,-262.8,174.7,30,8.5,12.4,6.061,-1.759,-3.203,-29.4,-61.9,-117.0,15,21,15,-262.8,-233.4,-171.5,9,23,23,13.19,6.986,7.41,0
CI,2012-05,2012,5,1,151.272531414784,0.0066105854820267,0.4999999999999999,-0.8660254037844387,184,15.197,7.481,22.821,15.34,0.0,0,0,-262.8,471.1,31,6.2,6.6,5.823,6.061,-1.759,0.0,-29.4,-61.9,19,15,21,-262.8,-262.8,-233.4,0,9,23,13.18,13.19,6.986,1
CI,2012-06,2012,6,1,151.272531414784,0.0066105854820267,1.2246467991473532e-16,-1.0,185,18.637,12.037,25.167,13.13,0.0,0,0,-262.8,559.1,30,4.0,6.8,15.197,5.823,6.061,0.0,0.0,-29.4,0,19,15,-262.8,-262.8,-262.8,0,0,9,15.34,13.18,13.19,0
CI,2012-07,2012,7,1,151.272531414784,0.0066105854820267,-0.4999999999999997,-0.8660254037844388,186,22.061,13.982,30.085,16.103,0.0,0,0,-262.8,683.9,31,6.1,6.1,18.637,15.197,5.823,0.0,0.0,0.0,0,0,19,-262.8,-262.8,-262.8,0,0,0,13.13,15.34,13.18,2
CI,2012-08,2012,8,1,151.272531414784,0.0066105854820267,-0.8660254037844384,-0.5000000000000004,187,19.218,11.835,26.556,14.721,0.0,0,0,-262.8,595.75,31,5.9,4.8,22.061,18.637,15.197,0.0,0.0,0.0,0,0,0,-262.8,-262.8,-262.8,0,0,0,16.103,13.13,15.34,1
CI,2012-09,2012,9,0,151.272531414784,0.0,-1.0,-1.8369701987210294e-16,188,14.367,7.597,21.09,13.493,0.0,0,0,-262.8,431.0,30,7.9,6.3,19.218,22.061,18.637,0.0,0.0,0.0,0,0,0,-262.8,-262.8,-262.8,0,0,0,14.721,16.103,13.13,0
CI,2012-10,2012,10,0,151.272531414784,0.0,-0.8660254037844386,0.5000000000000001,189,8.994,4.135,13.787,9.652,0.0,0,4,0.0,278.8,31,12.8,6.4,14.367,19.218,22.061,0.0,0.0,0.0,0,0,0,-262.8,-262.8,-262.8,0,0,0,13.493,14.721,16.103,0
CI,2012-11,2012,11,3,151.272531414784,0.0198317564460801,-0.5000000000000004,0.8660254037844384,190,1.88,-2.493,6.24,8.733,-13.6,10,23,-13.6,70.0,20,5.8,8.3,8.994,14.367,19.218,0.0,0.0,0.0,4,0,0,0.0,-262.8,-262.8,0,0,0,9.652,13.493,14.721,0
CI,2012-12,2012,12,13,151.272531414784,0.0859376112663471,-2.4492935982947064e-16,1.0,191,-0.242,-3.71,3.235,6.945,-49.6,20,17,-63.2,42.1,11,7.8,10.9,1.88,8.994,14.367,-13.6,0.0,0.0,23,4,0,-13.6,0.0,-262.8,10,0,0,8.733,9.652,13.493,0
CI,2013-01,2013,1,11,151.272531414784,0.0727164403022937,0.4999999999999999,0.8660254037844387,192,-3.977,-8.268,0.339,8.606,-156.2,25,12,-219.4,32.9,6,10.2,10.8,-0.242,1.88,8.994,-49.6,-13.6,0.0,17,23,4,-63.2,-13.6,0.0,20,10,0,6.945,8.733,9.652,0
CI,2013-02,2013,2,14,151.272531414784,0.0925481967483738,0.8660254037844386,0.5000000000000001,193,-6.925,-11.364,-2.436,8.929,-196.5,26,11,-415.9,2.6,2,12.8,5.9,-3.977,-0.242,1.88,-156.2,-49.6,-13.6,12,17,23,-219.4,-63.2,-13.6,25,20,10,8.606,6.945,8.733,0
CI,2013-03,2013,3,10,151.272531414784,0.066105854820267,1.0,6.123233995736766e-17,194,-1.742,-5.397,1.929,7.326,-85.0,19,16,-500.9,31.0,11,7.5,5.0,-6.925,-3.977,-0.242,-196.5,-156.2,-49.6,11,12,17,-415.9,-219.4,-63.2,26,25,20,8.929,8.606,6.945,0
CI,2013-04,2013,4,0,151.272531414784,0.0,0.8660254037844387,-0.4999999999999998,195,5.172,-0.5,10.8,11.3,-10.0,6,15,-510.9,165.15,24,9.1,10.8,-1.742,-6.925,-3.977,-85.0,-196.5,-156.2,16,11,12,-500.9,-415.9,-219.4,19,26,25,7.326,8.929,8.606,1
CI,2013-05,2013,5,1,151.272531414784,0.0066105854820267,0.4999999999999999,-0.8660254037844387,196,13.726,6.719,20.671,13.952,0.0,0,1,-510.9,425.5,31,9.2,8.5,5.172,-1.742,-6.925,-10.0,-85.0,-196.5,15,16,11,-510.9,-500.9,-415.9,6,19,26,11.3,7.326,8.929,0
CI,2013-06,2013,6,0,151.272531414784,0.0,1.2246467991473532e-16,-1.0,197,17.588,12.01,22.89,10.88,0.0,0,0,-510.9,527.65,30,3.7,7.1,13.726,5.172,-1.742,0.0,-10.0,-85.0,1,15,16,-510.9,-510.9,-500.9,0,6,19,13.952,11.3,7.326,3
CI,2013-07,2013,7,4,151.272531414784,0.0264423419281068,-0.4999999999999997,-0.8660254037844388,198,20.329,14.548,26.055,11.506,0.0,0,0,-510.9,630.2,31,3.5,5.3,17.588,13.726,5.172,0.0,0.0,-10.0,0,1,15,-510.9,-510.9,-510.9,0,0,6,10.88,13.952,11.3,1
CI,2013-08,2013,8,0,151.272531414784,0.0,-0.8660254037844384,-0.5000000000000004,199,18.303,11.448,25.119,13.671,0.0,0,0,-510.9,567.4,31,4.4,4.1,20.329,17.588,13.726,0.0,0.0,0.0,0,0,1,-510.9,-510.9,-510.9,0,0,0,11.506,10.88,13.952,0
CI,2013-09,2013,9,4,151.272531414784,0.0264423419281068,-1.0,-1.8369701987210294e-16,200,14.342,7.408,21.232,13.823,0.0,0,1,-510.9,430.25,30,13.1,8.4,18.303,20.329,17.588,0.0,0.0,0.0,0,0,0,-510.9,-510.9,-510.9,0,0,0,13.671,11.506,10.88,1
CI,2013-10,2013,10,2,151.272531414784,0.0132211709640534,-0.8660254037844386,0.5000000000000001,201,9.634,4.031,15.202,11.171,0.0,0,4,0.0,298.65,31,5.4,5.4,14.342,18.303,20.329,0.0,0.0,0.0,1,0,0,-510.9,-510.9,-510.9,0,0,0,13.823,13.671,11.506,1
CI,2013-11,2013,11,9,151.272531414784,0.0594952693382403,-0.5000000000000004,0.8660254037844384,202,0.743,-3.507,4.987,8.493,-56.5,14,15,-56.5,78.8,16,7.1,8.4,9.634,14.342,18.303,0.0,0.0,0.0,4,1,0,0.0,-510.9,-510.9,0,0,0,11.171,13.823,13.671,0
CI,2013-12,2013,12,10,151.272531414784,0.066105854820267,-2.4492935982947064e-16,1.0,203,-5.461,-8.768,-2.123,6.645,-180.8,24,10,-237.3,11.5,6,8.2,8.7,0.743,9.634,14.342,-56.5,0.0,0.0,15,4,1,-56.5,0.0,-510.9,14,0,0,8.493,11.171,13.823,0
CI,2014-01,2014,1,23,151.272531414784,0.1520434660866142,0.4999999999999999,0.8660254037844387,204,-9.713,-14.171,-5.406,8.765,-306.7,27,4,-544.0,5.6,4,11.1,10.1,-5.461,0.743,9.634,-180.8,-56.5,0.0,10,15,4,-237.3,-56.5,0.0,24,14,0,6.645,8.493,11.171,1
CI,2014-02,2014,2,24,151.272531414784,0.1586540515686409,0.8660254037844386,0.5000000000000001,205,-11.675,-17.343,-5.968,11.375,-327.2,27,5,-871.2,0.3,1,7.5,8.7,-9.713,-5.461,0.743,-306.7,-180.8,-56.5,4,10,15,-544.0,-237.3,-56.5,27,24,14,8.765,6.645,8.493,2
CI,2014-03,2014,3,10,151.272531414784,0.066105854820267,1.0,6.123233995736766e-17,206,-6.419,-11.832,-1.0,10.832,-215.1,23,16,-1086.3,16.1,8,13.2,12.1,-11.675,-9.713,-5.461,-327.2,-306.7,-180.8,5,4,10,-871.2,-544.0,-237.3,27,27,24,11.375,8.765,6.645,0
CI,2014-04,2014,4,2,151.272531414784,0.0132211709640534,0.8660254037844387,-0.4999999999999998,207,4.745,-1.355,10.808,12.163,-8.0,4,20,-1094.3,150.35,26,6.7,13.6,-6.419,-11.675,-9.713,-215.1,-327.2,-306.7,16,5,4,-1086.3,-871.2,-544.0,23,27,27,10.832,11.375,8.765,2
CI,2014-05,2014,5,2,151.272531414784,0.0132211709640534,0.4999999999999999,-0.8660254037844387,208,12.481,6.621,18.769,12.148,0.0,0,0,-1094.3,386.9,31,4.9,7.2,4.745,-6.419,-11.675,-8.0,-215.1,-327.2,20,16,5,-1094.3,-1086.3,-871.2,4,23,27,12.163,10.832,11.375,6
CI,2014-06,2014,6,0,151.272531414784,0.0,1.2246467991473532e-16,-1.0,209,18.233,10.857,25.54,14.683,0.0,0,0,-1094.3,547.0,30,5.6,6.9,12.481,4.745,-6.419,0.0,-8.0,-215.1,0,20,16,-1094.3,-1094.3,-1086.3,0,4,23,12.148,12.163,10.832,0
CI,2014-07,2014,7,0,151.272531414784,0.0,-0.4999999999999997,-0.8660254037844388,210,17.885,11.453,24.339,12.885,0.0,0,0,-1094.3,554.45,31,4.7,6.2,18.233,12.481,4.745,0.0,0.0,-8.0,0,0,20,-1094.3,-1094.3,-1094.3,0,0,4,14.683,12.148,12.163,3
CI,2014-08,2014,8,1,151.272531414784,0.0066105854820267,-0.8660254037844384,-0.5000000000000004,211,17.819,11.263,24.324,13.061,0.0,0,0,-1094.3,552.4,31,5.7,6.7,17.885,18.233,12.481,0.0,0.0,0.0,0,0,0,-1094.3,-1094.3,-1094.3,0,0,0,12.885,14.683,12.148,4
CI,2014-09,2014,9,4,151.272531414784,0.0264423419281068,-1.0,-1.8369701987210294e-16,212,14.508,7.955,21.037,13.082,0.0,0,0,-1094.3,435.25,30,5.7,9.3,17.819,17.885,18.233,0.0,0.0,0.0,0,0,0,-1094.3,-1094.3,-1094.3,0,0,0,13.061,12.885,14.683,1
CI,2014-10,2014,10,2,151.272531414784,0.0132211709640534,-0.8660254037844386,0.5000000000000001,213,9.382,4.384,14.171,9.787,0.0,0,7,0.0,290.85,31,8.3,10.0,14.508,17.819,17.885,0.0,0.0,0.0,0,0,0,-1094.3,-1094.3,-1094.3,0,0,0,13.082,13.061,12.885,2
CI,2014-11,2014,11,4,151.272531414784,0.0264423419281068,-0.5000000000000004,0.8660254037844384,214,0.12,-3.705,3.942,7.647,-60.6,14,15,-60.6,64.2,16,8.0,6.0,9.382,14.508,17.819,0.0,0.0,0.0,7,0,0,0.0,-1094.3,-1094.3,0,0,0,9.787,13.082,13.061,1
CI,2014-12,2014,12,4,151.272531414784,0.0264423419281068,-2.4492935982947064e-16,1.0,215,-1.277,-4.216,1.658,5.874,-68.0,18,13,-128.6,28.4,13,4.8,4.9,0.12,9.382,14.508,-60.6,0.0,0.0,15,7,0,-60.6,0.0,-1094.3,14,0,0,7.647,9.787,13.082,0
CI,2015-01,2015,1,11,151.272531414784,0.0727164403022937,0.4999999999999999,0.8660254037844387,216,-9.597,-14.674,-4.455,10.219,-297.5,31,2,-426.1,0.0,0,7.8,9.5,-1.277,0.12,9.382,-68.0,-60.6,0.0,13,15,7,-128.6,-60.6,0.0,18,14,0,5.874,7.647,9.787,2
CI,2015-02,2015,2,19,151.272531414784,0.1256011241585074,0.8660254037844386,0.5000000000000001,217,-14.768,-20.239,-9.261,10.979,-413.5,28,0,-839.6,0.0,0,8.1,8.8,-9.597,-1.277,0.12,-297.5,-68.0,-60.6,2,13,15,-426.1,-128.6,-60.6,31,18,14,10.219,5.874,7.647,0
CI,2015-03,2015,3,15,151.272531414784,0.0991587822304006,1.0,6.123233995736766e-17,218,-2.644,-7.445,2.134,9.579,-108.25,17,18,-947.85,26.3,14,10.9,10.1,-14.768,-9.597,-1.277,-413.5,-297.5,-68.0,0,2,13,-839.6,-426.1,-128.6,28,31,18,10.979,10.219,5.874,6
CI,2015-04,2015,4,8,151.272531414784,0.0528846838562136,0.8660254037844387,-0.4999999999999998,219,6.033,-0.27,12.317,12.587,-5.0,3,15,-952.85,186.0,27,7.5,5.1,-2.644,-14.768,-9.597,-108.25,-413.5,-297.5,18,0,2,-947.85,-839.6,-426.1,17,28,31,9.579,10.979,10.219,0
CI,2015-05,2015,5,0,151.272531414784,0.0,0.4999999999999999,-0.8660254037844387,220,15.213,7.542,22.829,15.287,0.0,0,3,-952.85,471.6,31,8.0,11.1,6.033,-2.644,-14.768,-5.0,-108.25,-413.5,15,18,0,-952.85,-947.85,-839.6,3,17,28,12.587,9.579,10.979,0
CI,2015-06,2015,6,1,151.272531414784,0.0066105854820267,1.2246467991473532e-16,-1.0,221,16.695,10.353,22.885,12.532,0.0,0,0,-952.85,500.85,30,5.3,5.8,15.213,6.033,-2.644,0.0,-5.0,-108.25,3,15,18,-952.85,-952.85,-947.85,0,3,17,15.287,12.587,9.579,1
CI,2015-07,2015,7,2,151.272531414784,0.0132211709640534,-0.4999999999999997,-0.8660254037844388,222,19.19,11.956,26.373,14.416,0.0,0,0,-952.85,594.9,31,6.3,4.0,16.695,15.213,6.033,0.0,0.0,-5.0,0,3,15,-952.85,-952.85,-952.85,0,0,3,12.532,15.287,12.587,1
CI,2015-08,2015,8,2,151.272531414784,0.0132211709640534,-0.8660254037844384,-0.5000000000000004,223,18.594,12.342,24.8,12.458,0.0,0,0,-952.85,576.4,31,5.9,4.3,19.19,16.695,15.213,0.0,0.0,0.0,0,0,3,-952.85,-952.85,-952.85,0,0,0,14.416,12.532,15.287,0
CI,2015-09,2015,9,0,151.272531414784,0.0,-1.0,-1.8369701987210294e-16,224,17.57,10.623,24.463,13.84,0.0,0,0,-952.85,527.1,30,5.3,7.7,18.594,19.19,16.695,0.0,0.0,0.0,0,0,0,-952.85,-952.85,-952.85,0,0,0,12.458,14.416,12.532,0
CI,2015-10,2015,10,1,151.272531414784,0.0066105854820267,-0.8660254037844386,0.5000000000000001,225,8.642,3.103,14.132,11.029,0.0,0,10,0.0,267.9,31,8.5,5.8,17.57,18.594,19.19,0.0,0.0,0.0,0,0,0,-952.85,-952.85,-952.85,0,0,0,13.84,12.458,14.416,0
CI,2015-11,2015,11,4,151.272531414784,0.0264423419281068,-0.5000000000000004,0.8660254037844384,226,4.963,-0.653,10.56,11.213,-17.1,5,14,-17.1,166.0,25,8.4,9.4,8.642,17.57,18.594,0.0,0.0,0.0,10,0,0,0.0,-952.85,-952.85,0,0,0,11.029,13.84,12.458,0
CI,2015-12,2015,12,6,151.272531414784,0.0396635128921602,-2.4492935982947064e-16,1.0,227,2.819,-0.731,6.34,7.071,-11.8,6,16,-28.9,99.2,25,7.6,6.5,4.963,8.642,17.57,-17.1,0.0,0.0,14,10,0,-17.1,0.0,-952.85,5,0,0,11.213,11.029,13.84,1
CI,2016-01,2016,1,16,151.272531414784,0.1057693677124273,0.4999999999999999,0.8660254037844387,228,-5.155,-8.968,-1.316,7.652,-169.3,26,10,-198.2,9.5,4,6.8,8.8,2.819,4.963,8.642,-11.8,-17.1,0.0,16,14,10,-28.9,-17.1,0.0,6,5,0,7.071,11.213,11.029,0
CI,2016-02,2016,2,11,151.272531414784,0.0727164403022937,0.8660254037844386,0.5000000000000001,229,-3.634,-8.317,1.079,9.397,-132.5,21,17,-330.7,27.1,8,13.5,9.2,-5.155,2.819,4.963,-169.3,-11.8,-17.1,10,16,14,-198.2,-28.9,-17.1,26,6,5,7.652,7.071,11.213,0
CI,2016-03,2016,3,2,151.272531414784,0.0132211709640534,1.0,6.123233995736766e-17,230,2.11,-2.765,6.977,9.742,-46.4,11,17,-377.1,111.8,20,10.9,6.0,-3.634,-5.155,2.819,-132.5,-169.3,-11.8,17,10,16,-330.7,-198.2,-28.9,21,26,6,9.397,7.652,7.071,0
CI,2016-04,2016,4,1,151.272531414784,0.0066105854820267,0.8660254037844387,-0.4999999999999998,231,3.607,-2.61,9.807,12.417,-32.5,8,17,-409.6,140.7,22,8.8,6.0,2.11,-3.634,-5.155,-46.4,-132.5,-169.3,17,17,10,-377.1,-330.7,-198.2,11,21,26,9.742,9.397,7.652,0
CI,2016-05,2016,5,0,151.272531414784,0.0,0.4999999999999999,-0.8660254037844387,232,12.961,5.942,19.929,13.987,0.0,0,1,-409.6,401.8,31,5.8,8.9,3.607,2.11,-3.634,-32.5,-46.4,-132.5,17,17,17,-409.6,-377.1,-330.7,8,11,21,12.417,9.742,9.397,0
CI,2016-06,2016,6,4,151.272531414784,0.0264423419281068,1.2246467991473532e-16,-1.0,233,17.437,9.423,25.39,15.967,0.0,0,0,-409.6,523.1,30,8.6,9.2,12.961,3.607,2.11,0.0,-32.5,-46.4,1,17,17,-409.6,-409.6,-377.1,0,8,11,13.987,12.417,9.742,0
CI,2016-07,2016,7,1,151.272531414784,0.0066105854820267,-0.4999999999999997,-0.8660254037844388,234,21.19,13.787,28.59,14.803,0.0,0,0,-409.6,656.9,31,5.2,4.6,17.437,12.961,3.607,0.0,0.0,-32.5,0,1,17,-409.6,-409.6,-409.6,0,0,8,15.967,13.987,12.417,1
CI,2016-08,2016,8,0,151.272531414784,0.0,-0.8660254037844384,-0.5000000000000004,235,21.319,14.371,28.226,13.855,0.0,0,0,-409.6,660.9,31,4.5,6.1,21.19,17.437,12.961,0.0,0.0,0.0,0,0,1,-409.6,-409.6,-409.6,0,0,0,14.803,15.967,13.987,0
CI,2016-09,2016,9,2,151.272531414784,0.0132211709640534,-1.0,-1.8369701987210294e-16,236,16.6,9.603,23.557,13.953,0.0,0,0,-409.6,498.0,30,4.2,6.6,21.319,21.19,17.437,0.0,0.0,0.0,0,0,0,-409.6,-409.6,-409.6,0,0,0,13.855,14.803,15.967,0
CI,2016-10,2016,10,3,151.272531414784,0.0198317564460801,-0.8660254037844386,0.5000000000000001,237,9.918,4.494,15.461,10.968,-0.6,1,11,-0.6,308.05,30,9.3,9.5,16.6,21.319,21.19,0.0,0.0,0.0,0,0,0,-409.6,-409.6,-409.6,0,0,0,13.953,13.855,14.803,1
CI,2016-11,2016,11,1,151.272531414784,0.0066105854820267,-0.5000000000000004,0.8660254037844384,238,5.06,-0.673,10.757,11.43,-8.8,4,17,-9.4,160.6,26,5.8,7.6,9.918,16.6,21.319,-0.6,0.0,0.0,11,0,0,-0.6,-409.6,-409.6,1,0,0,10.968,13.953,13.855,0
CI,2016-12,2016,12,6,151.272531414784,0.0396635128921602,-2.4492935982947064e-16,1.0,239,-2.897,-5.597,-0.2,5.397,-104.3,22,11,-113.7,14.5,9,5.7,4.3,5.06,9.918,16.6,-8.8,-0.6,0.0,17,11,0,-9.4,-0.6,-409.6,4,1,0,11.43,10.968,13.953,0
CI,2017-01,2017,1,10,151.272531414784,0.066105854820267,0.4999999999999999,0.8660254037844387,240,-3.026,-6.158,0.123,6.281,-118.1,17,13,-231.8,24.3,14,8.6,8.9,-2.897,5.06,9.918,-104.3,-8.8,-0.6,11,17,11,-113.7,-9.4,-0.6,22,4,1,5.397,11.43,10.968,1
CI,2017-02,2017,2,7,151.272531414784,0.0462740983741869,0.8660254037844386,0.5000000000000001,241,-1.211,-5.964,3.568,9.532,-83.6,17,17,-315.4,49.7,11,8.8,6.2,-3.026,-2.897,5.06,-118.1,-104.3,-8.8,13,11,17,-231.8,-113.7,-9.4,17,22,4,6.281,5.397,11.43,0
CI,2017-03,2017,3,5,151.272531414784,0.0330529274101335,1.0,6.123233995736766e-17,242,-1.277,-5.655,3.11,8.765,-102.9,16,14,-418.3,63.3,15,12.0,8.7,-1.211,-3.026,-2.897,-83.6,-118.1,-104.3,17,13,11,-315.4,-231.8,-113.7,17,17,22,9.532,6.281,5.397,0
CI,2017-04,2017,4,1,151.272531414784,0.0066105854820267,0.8660254037844387,-0.4999999999999998,243,8.613,2.803,14.373,11.57,0.0,0,8,-418.3,258.4,30,7.8,10.0,-1.277,-1.211,-3.026,-102.9,-83.6,-118.1,14,17,13,-418.3,-315.4,-231.8,16,17,17,8.765,9.532,6.281,0
CI,2017-05,2017,5,1,151.272531414784,0.0066105854820267,0.4999999999999999,-0.8660254037844387,244,11.171,5.787,16.519,10.732,0.0,0,2,-418.3,346.3,31,6.1,10.2,8.613,-1.277,-1.211,0.0,-102.9,-83.6,8,14,17,-418.3,-418.3,-315.4,0,16,17,11.57,8.765,9.532,0
CI,2017-06,2017,6,2,151.272531414784,0.0132211709640534,1.2246467991473532e-16,-1.0,245,17.927,11.483,24.31,12.827,0.0,0,0,-418.3,537.8,30,5.0,4.7,11.171,8.613,-1.277,0.0,0.0,-102.9,2,8,14,-418.3,-418.3,-418.3,0,0,16,10.732,11.57,8.765,0
CI,2017-07,2017,7,0,151.272531414784,0.0,-0.4999999999999997,-0.8660254037844388,246,19.784,13.671,25.845,12.174,0.0,0,0,-418.3,613.3,31,5.4,4.6,17.927,11.171,8.613,0.0,0.0,0.0,0,2,8,-418.3,-418.3,-418.3,0,0,0,12.827,10.732,11.57,0
CI,2017-08,2017,8,2,151.272531414784,0.0132211709640534,-0.8660254037844384,-0.5000000000000004,247,17.81,11.316,24.252,12.935,0.0,0,0,-418.3,552.1,31,3.4,5.9,19.784,17.927,11.171,0.0,0.0,0.0,0,0,2,-418.3,-418.3,-418.3,0,0,0,12.174,12.827,10.732,0
CI,2017-09,2017,9,0,151.272531414784,0.0,-1.0,-1.8369701987210294e-16,248,16.507,9.103,23.863,14.76,0.0,0,0,-418.3,495.2,30,4.8,8.3,17.81,19.784,17.927,0.0,0.0,0.0,0,0,0,-418.3,-418.3,-418.3,0,0,0,12.935,12.174,12.827,0
CI,2017-10,2017,10,0,151.272531414784,0.0,-0.8660254037844386,0.5000000000000001,249,10.305,5.505,15.085,9.58,0.0,0,1,0.0,206.1,20,3.1,5.291,16.507,17.81,19.784,0.0,0.0,0.0,0,0,0,-418.3,-418.3,-418.3,0,0,0,14.76,12.935,12.174,21
CI,2017-11,2017,11,5,151.272531414784,0.0330529274101335,-0.5000000000000004,0.8660254037844384,250,2.0,-2.387,6.35,8.737,-19.2,5,22,-19.2,79.2,25,8.8,9.7,10.305,16.507,17.81,0.0,0.0,0.0,1,0,0,0.0,-418.3,-418.3,0,0,0,9.58,14.76,12.935,0
CI,2017-12,2017,12,20,151.272531414784,0.1322117096405341,-2.4492935982947064e-16,1.0,251,-6.377,-10.416,-2.3,8.116,-212.6,25,10,-231.8,14.9,6,7.4,7.2,2.0,10.305,16.507,-19.2,0.0,0.0,22,1,0,-19.2,0.0,-418.3,5,0,0,8.737,9.58,14.76,0
CI,2018-01,2018,1,17,151.272531414784,0.112379953194454,0.4999999999999999,0.8660254037844387,252,-7.519,-12.342,-2.655,9.687,-246.5,27,10,-478.3,13.4,3,12.6,15.2,-6.377,2.0,10.305,-212.6,-19.2,0.0,10,22,1,-231.8,-19.2,0.0,25,5,0,8.116,8.737,9.58,0
CI,2018-02,2018,2,5,151.272531414784,0.0330529274101335,0.8660254037844386,0.5000000000000001,253,-3.246,-8.021,1.532,9.554,-137.0,18,12,-615.3,46.1,10,10.9,8.5,-7.519,-6.377,2.0,-246.5,-212.6,-19.2,10,10,22,-478.3,-231.8,-19.2,27,25,5,9.687,8.116,8.737,0
CI,2018-03,2018,3,1,151.272531414784,0.0066105854820267,1.0,6.123233995736766e-17,254,-1.068,-5.384,3.268,8.652,-52.5,23,23,-667.8,19.4,8,5.9,3.5,-3.246,-7.519,-6.377,-137.0,-246.5,-212.6,12,10,10,-615.3,-478.3,-231.8,18,27,25,9.554,9.687,8.116,0
CI,2018-04,2018,4,2,151.272531414784,0.0132211709640534,0.8660254037844387,-0.4999999999999998,255,2.173,-2.9,7.233,10.133,-20.4,12,25,-688.2,85.6,18,6.9,5.8,-1.068,-3.246,-7.519,-52.5,-137.0,-246.5,23,12,10,-667.8,-615.3,-478.3,23,18,27,8.652,9.554,9.687,0
CI,2018-05,2018,5,1,151.272531414784,0.0066105854820267,0.4999999999999999,-0.8660254037844387,256,15.977,8.565,23.348,14.784,0.0,0,0,-688.2,495.3,31,5.5,5.5,2.173,-1.068,-3.246,-20.4,-52.5,-137.0,25,23,12,-688.2,-667.8,-615.3,12,23,18,10.133,8.652,9.554,0
CI,2018-06,2018,6,1,151.272531414784,0.0066105854820267,1.2246467991473532e-16,-1.0,257,18.017,11.263,24.717,13.453,0.0,0,0,-688.2,540.5,30,5.1,4.3,15.977,2.173,-1.068,0.0,-20.4,-52.5,0,25,23,-688.2,-688.2,-667.8,0,12,23,14.784,10.133,8.652,0
CI,2018-07,2018,7,3,151.272531414784,0.0198317564460801,-0.4999999999999997,-0.8660254037844388,258,20.765,13.326,28.145,14.819,0.0,0,0,-688.2,643.7,31,4.7,6.9,18.017,15.977,2.173,0.0,0.0,-20.4,0,0,25,-688.2,-688.2,-688.2,0,0,12,13.453,14.784,10.133,0
CI,2018-08,2018,8,1,151.272531414784,0.0066105854820267,-0.8660254037844384,-0.5000000000000004,259,20.816,14.671,26.9,12.229,0.0,0,0,-688.2,645.3,31,4.1,6.3,20.765,18.017,15.977,0.0,0.0,0.0,0,0,0,-688.2,-688.2,-688.2,0,0,0,14.819,13.453,14.784,0
CI,2018-09,2018,9,3,151.272531414784,0.0198317564460801,-1.0,-1.8369701987210294e-16,260,17.053,11.04,23.017,11.977,0.0,0,0,-688.2,511.6,30,6.3,10.6,20.816,20.765,18.017,0.0,0.0,0.0,0,0,0,-688.2,-688.2,-688.2,0,0,0,12.229,14.819,13.453,0
CI,2018-10,2018,10,2,151.272531414784,0.0132211709640534,-0.8660254037844386,0.5000000000000001,261,7.923,2.974,12.832,9.858,0.0,0,9,0.0,245.6,31,10.0,8.0,17.053,20.816,20.765,0.0,0.0,0.0,0,0,0,-688.2,-688.2,-688.2,0,0,0,11.977,12.229,14.819,0
CI,2018-11,2018,11,8,151.272531414784,0.0528846838562136,-0.5000000000000004,0.8660254037844384,262,0.047,-2.87,2.97,5.84,-45.7,16,16,-45.7,47.1,14,9.1,5.5,7.923,17.053,20.816,0.0,0.0,0.0,9,0,0,0.0,-688.2,-688.2,0,0,0,9.858,11.977,12.229,0
CI,2018-12,2018,12,10,151.272531414784,0.066105854820267,-2.4492935982947064e-16,1.0,263,-1.381,-4.503,1.752,6.255,-61.1,21,15,-106.8,18.3,10,8.2,8.4,0.047,7.923,17.053,-45.7,0.0,0.0,16,9,0,-45.7,0.0,-688.2,16,0,0,5.84,9.858,11.977,0
CI,2019-01,2019,1,9,151.272531414784,0.0594952693382403,0.4999999999999999,0.8660254037844387,264,-7.874,-12.429,-3.284,9.145,-250.8,27,7,-357.6,6.7,4,14.0,11.2,-1.381,0.047,7.923,-61.1,-45.7,0.0,15,16,9,-106.8,-45.7,0.0,21,16,0,6.255,5.84,9.858,0
CI,2019-02,2019,2,7,151.272531414784,0.0462740983741869,0.8660254037844386,0.5000000000000001,265,-5.564,-10.275,-0.821,9.454,-170.3,23,11,-527.9,14.5,5,10.6,7.4,-7.874,-1.381,0.047,-250.8,-61.1,-45.7,7,15,16,-357.6,-106.8,-45.7,27,21,16,9.145,6.255,5.84,0
CI,2019-03,2019,3,6,151.272531414784,0.0396635128921602,1.0,6.123233995736766e-17,266,-2.532,-7.335,2.294,9.629,-114.9,20,19,-642.8,36.4,11,10.6,8.2,-5.564,-7.874,-1.381,-170.3,-250.8,-61.1,11,7,15,-527.9,-357.6,-106.8,23,27,21,9.454,9.145,6.255,0
CI,2019-04,2019,4,3,151.272531414784,0.0198317564460801,0.8660254037844387,-0.4999999999999998,267,5.107,-0.183,10.347,10.53,-3.8,2,16,-646.6,157.0,28,9.0,5.3,-2.532,-5.564,-7.874,-114.9,-170.3,-250.8,19,11,7,-642.8,-527.9,-357.6,20,23,27,9.629,9.454,9.145,0
CI,2019-05,2019,5,3,151.272531414784,0.0198317564460801,0.4999999999999999,-0.8660254037844387,268,11.306,5.139,17.423,12.284,0.0,0,0,-646.6,350.5,31,8.4,7.5,5.107,-2.532,-5.564,-3.8,-114.9,-170.3,16,19,11,-646.6,-642.8,-527.9,2,20,23,10.53,9.629,9.454,0
CI,2019-06,2019,6,0,151.272531414784,0.0,1.2246467991473532e-16,-1.0,269,16.805,10.193,23.365,13.172,0.0,0,0,-646.6,504.15,30,4.5,6.5,11.306,5.107,-2.532,0.0,-3.8,-114.9,0,16,19,-646.6,-646.6,-642.8,0,2,20,12.284,10.53,9.629,1
CI,2019-07,2019,7,2,151.272531414784,0.0132211709640534,-0.4999999999999997,-0.8660254037844388,270,21.339,14.161,28.469,14.308,0.0,0,0,-646.6,661.5,31,5.2,8.2,16.805,11.306,5.107,0.0,0.0,-3.8,0,0,16,-646.6,-646.6,-646.6,0,0,2,13.172,12.284,10.53,1
CI,2019-08,2019,8,3,151.272531414784,0.0198317564460801,-0.8660254037844384,-0.5000000000000004,271,19.013,11.894,26.09,14.197,0.0,0,0,-646.6,589.4,31,5.9,6.1,21.339,16.805,11.306,0.0,0.0,0.0,0,0,0,-646.6,-646.6,-646.6,0,0,0,14.308,13.172,12.284,0
CI,2019-09,2019,9,3,151.272531414784,0.0198317564460801,-1.0,-1.8369701987210294e-16,272,15.473,8.813,22.077,13.263,0.0,0,0,-646.6,464.2,30,7.1,8.5,19.013,21.339,16.805,0.0,0.0,0.0,0,0,0,-646.6,-646.6,-646.6,0,0,0,14.197,14.308,13.172,0
CI,2019-10,2019,10,1,151.272531414784,0.0066105854820267,-0.8660254037844386,0.5000000000000001,273,8.626,2.448,14.765,12.316,0.0,0,8,0.0,267.4,31,7.3,8.6,15.473,19.013,21.339,0.0,0.0,0.0,0,0,0,-646.6,-646.6,-646.6,0,0,0,13.263,14.197,14.308,0
CI,2019-11,2019,11,5,151.272531414784,0.0330529274101335,-0.5000000000000004,0.8660254037844384,274,-0.563,-4.39,3.25,7.64,-56.0,14,18,-56.0,39.1,16,4.6,6.8,8.626,15.473,19.013,0.0,0.0,0.0,8,0,0,0.0,-646.6,-646.6,0,0,0,12.316,13.263,14.197,0
CI,2019-12,2019,12,11,151.272531414784,0.0727164403022937,-2.4492935982947064e-16,1.0,275,-2.1,-5.81,1.616,7.426,-90.0,21,14,-146.0,24.9,10,7.9,8.7,-0.563,8.626,15.473,-56.0,0.0,0.0,18,8,0,-56.0,0.0,-646.6,14,0,0,7.64,12.316,13.263,0
CI,2020-01,2020,1,7,151.272531414784,0.0462740983741869,0.4999999999999999,0.8660254037844387,276,-2.465,-5.842,0.932,6.774,-96.6,23,15,-242.6,20.2,8,9.1,9.5,-2.1,-0.563,8.626,-90.0,-56.0,0.0,14,18,8,-146.0,-56.0,0.0,21,14,0,7.426,7.64,12.316,0
CI,2020-02,2020,2,7,151.272531414784,0.0462740983741869,0.8660254037844386,0.5000000000000001,277,-4.897,-8.786,-0.976,7.81,-148.0,22,11,-390.6,6.0,6,10.7,9.5,-2.465,-2.1,-0.563,-96.6,-90.0,-56.0,15,14,18,-242.6,-146.0,-56.0,23,21,14,6.774,7.426,7.64,0
CI,2020-03,2020,3,3,151.272531414784,0.0198317564460801,1.0,6.123233995736766e-17,278,1.881,-3.121,6.863,9.984,-28.3,11,24,-418.9,86.6,20,9.6,9.5,-4.897,-2.465,-2.1,-148.0,-96.6,-90.0,11,15,14,-390.6,-242.6,-146.0,22,23,21,7.81,6.774,7.426,1
CI,2020-04,2020,4,0,151.272531414784,0.0,0.8660254037844387,-0.4999999999999998,279,4.74,-1.253,10.677,11.93,-3.8,3,22,-422.7,146.0,27,5.3,5.4,1.881,-4.897,-2.465,-28.3,-148.0,-96.6,24,11,15,-418.9,-390.6,-242.6,11,22,23,9.984,7.81,6.774,0
CI,2020-05,2020,5,0,151.272531414784,0.0,0.4999999999999999,-0.8660254037844387,280,11.003,4.597,17.348,12.752,0.0,0,8,-422.7,341.1,31,4.4,7.2,4.74,1.881,-4.897,-3.8,-28.3,-148.0,22,24,11,-422.7,-418.9,-390.6,3,11,22,11.93,9.984,7.81,0
CI,2020-06,2020,6,2,151.272531414784,0.0132211709640534,1.2246467991473532e-16,-1.0,281,18.182,10.5,25.817,15.317,0.0,0,0,-422.7,545.45,30,6.2,7.9,11.003,4.74,1.881,0.0,-3.8,-28.3,8,22,24,-422.7,-422.7,-418.9,0,3,11,12.752,11.93,9.984,1
CI,2020-07,2020,7,3,151.272531414784,0.0198317564460801,-0.4999999999999997,-0.8660254037844388,282,22.494,15.368,29.565,14.197,0.0,0,0,-422.7,697.3,31,3.8,4.4,18.182,11.003,4.74,0.0,0.0,-3.8,0,8,22,-422.7,-422.7,-422.7,0,0,3,15.317,12.752,11.93,0
CI,2020-08,2020,8,0,151.272531414784,0.0,-0.8660254037844384,-0.5000000000000004,283,19.523,12.506,26.487,13.981,0.0,0,0,-422.7,605.2,31,5.8,6.1,22.494,18.182,11.003,0.0,0.0,0.0,0,0,8,-422.7,-422.7,-422.7,0,0,0,14.197,15.317,12.752,0
CI,2020-09,2020,9,0,151.272531414784,0.0,-1.0,-1.8369701987210294e-16,284,14.563,7.693,21.39,13.697,0.0,0,3,-422.7,436.9,30,8.3,8.3,19.523,22.494,18.182,0.0,0.0,0.0,0,0,0,-422.7,-422.7,-422.7,0,0,0,13.981,14.197,15.317,0
CI,2020-10,2020,10,1,151.272531414784,0.0066105854820267,-0.8660254037844386,0.5000000000000001,285,7.461,2.113,12.761,10.648,-3.7,2,8,-3.7,235.0,29,6.5,12.1,14.563,19.523,22.494,0.0,0.0,0.0,3,0,0,-422.7,-422.7,-422.7,0,0,0,13.697,13.981,14.197,0
CI,2020-11,2020,11,5,151.272531414784,0.0330529274101335,-0.5000000000000004,0.8660254037844384,286,5.1,-0.062,10.225,10.287,-9.6,5,16,-13.3,162.6,25,8.5,11.7,7.461,14.563,19.523,-3.7,0.0,0.0,8,3,0,-3.7,-422.7,-422.7,2,0,0,10.648,13.697,13.981,1
CI,2020-12,2020,12,7,151.272531414784,0.0462740983741869,-2.4492935982947064e-16,1.0,287,-1.855,-5.132,1.445,6.577,-74.8,21,19,-88.1,17.3,10,6.2,7.3,5.1,7.461,14.563,-9.6,-3.7,0.0,16,8,3,-13.3,-3.7,-422.7,5,2,0,10.287,10.648,13.697,0
CI,2021-01,2021,1,10,151.272531414784,0.066105854820267,0.4999999999999999,0.8660254037844387,288,-4.165,-7.129,-1.168,5.961,-131.0,29,13,-219.1,1.9,2,5.6,4.7,-1.855,5.1,7.461,-74.8,-9.6,-3.7,19,16,8,-88.1,-13.3,-3.7,21,5,2,6.577,10.287,10.648,0
CI,2021-02,2021,2,18,151.272531414784,0.1189905386764807,0.8660254037844386,0.5000000000000001,289,-7.893,-12.55,-3.2,9.35,-225.1,25,8,-444.2,4.1,3,11.2,6.0,-4.165,-1.855,5.1,-131.0,-74.8,-9.6,13,19,16,-219.1,-88.1,-13.3,29,21,5,5.961,6.577,10.287,0
CI,2021-03,2021,3,5,151.272531414784,0.0330529274101335,1.0,6.123233995736766e-17,290,2.274,-4.379,8.915,13.294,-47.2,11,22,-491.4,117.7,20,8.1,7.2,-7.893,-4.165,-1.855,-225.1,-131.0,-74.8,8,13,19,-444.2,-219.1,-88.1,25,29,21,9.35,5.961,6.577,1
CI,2021-04,2021,4,0,151.272531414784,0.0,0.8660254037844387,-0.4999999999999998,291,7.04,0.993,13.043,12.05,-4.8,3,14,-496.2,216.0,27,7.4,6.2,2.274,-7.893,-4.165,-47.2,-225.1,-131.0,22,8,13,-491.4,-444.2,-219.1,11,25,29,13.294,9.35,5.961,0
CI,2021-05,2021,5,0,151.272531414784,0.0,0.4999999999999999,-0.8660254037844387,292,11.626,4.21,18.99,14.781,0.0,0,4,-496.2,360.4,31,6.3,6.9,7.04,2.274,-7.893,-4.8,-47.2,-225.1,14,22,8,-496.2,-491.4,-444.2,3,11,25,12.05,13.294,9.35,0
CI,2021-06,2021,6,2,151.272531414784,0.0132211709640534,1.2246467991473532e-16,-1.0,293,20.028,13.668,26.342,12.673,0.0,0,0,-496.2,600.85,30,7.2,5.7,11.626,7.04,2.274,0.0,-4.8,-47.2,4,14,22,-496.2,-496.2,-491.4,0,3,11,14.781,12.05,13.294,1
CI,2021-07,2021,7,3,151.272531414784,0.0198317564460801,-0.4999999999999997,-0.8660254037844388,294,19.173,13.295,24.982,11.687,0.0,0,0,-496.2,594.35,31,4.6,5.1,20.028,11.626,7.04,0.0,0.0,-4.8,0,4,14,-496.2,-496.2,-496.2,0,0,3,12.673,14.781,12.05,1
CI,2021-08,2021,8,4,151.272531414784,0.0264423419281068,-0.8660254037844384,-0.5000000000000004,295,20.987,14.058,27.874,13.816,0.0,0,0,-496.2,650.6,31,4.5,5.5,19.173,20.028,11.626,0.0,0.0,0.0,0,0,4,-496.2,-496.2,-496.2,0,0,0,11.687,12.673,14.781,0
CI,2021-09,2021,9,1,151.272531414784,0.0066105854820267,-1.0,-1.8369701987210294e-16,296,15.397,8.8,21.957,13.157,0.0,0,0,-496.2,461.9,30,5.9,6.2,20.987,19.173,20.028,0.0,0.0,0.0,0,0,0,-496.2,-496.2,-496.2,0,0,0,13.816,11.687,12.673,0
CI,2021-10,2021,10,1,151.272531414784,0.0066105854820267,-0.8660254037844386,0.5000000000000001,297,12.284,8.081,16.445,8.365,0.0,0,1,0.0,380.8,31,7.6,7.4,15.397,20.987,19.173,0.0,0.0,0.0,0,0,0,-496.2,-496.2,-496.2,0,0,0,13.157,13.816,11.687,0
CI,2021-11,2021,11,1,151.272531414784,0.0066105854820267,-0.5000000000000004,0.8660254037844384,298,2.218,-2.422,6.835,9.257,-18.8,7,21,-18.8,85.35,23,6.7,5.4,12.284,15.397,20.987,0.0,0.0,0.0,1,0,0,0.0,-496.2,-496.2,0,0,0,8.365,13.157,13.816,1
CI,2021-12,2021,12,5,151.272531414784,0.0330529274101335,-2.4492935982947064e-16,1.0,299,-0.058,-3.677,3.568,7.245,-48.9,16,20,-67.7,47.1,15,7.7,10.1,2.218,12.284,15.397,-18.8,0.0,0.0,21,1,0,-18.8,0.0,-496.2,7,0,0,9.257,8.365,13.157,0
CI,2022-01,2022,1,10,151.272531414784,0.066105854820267,0.4999999999999999,0.8660254037844387,300,-10.442,-16.223,-4.629,11.594,-323.7,31,6,-391.4,0.0,0,9.7,13.1,-0.058,2.218,12.284,-48.9,-18.8,0.0,20,21,1,-67.7,-18.8,0.0,16,7,0,7.245,9.257,8.365,0
CI,2022-02,2022,2,12,151.272531414784,0.0793270257843204,0.8660254037844386,0.5000000000000001,301,-6.679,-11.932,-1.371,10.561,-190.3,27,12,-581.7,3.3,1,9.7,8.2,-10.442,-0.058,2.218,-323.7,-48.9,-18.8,6,20,21,-391.4,-67.7,-18.8,31,16,7,11.594,7.245,9.257,0
CI,2022-03,2022,3,8,151.272531414784,0.0528846838562136,1.0,6.123233995736766e-17,302,-0.339,-5.279,4.626,9.905,-75.1,18,18,-656.8,64.6,13,10.4,9.1,-6.679,-10.442,-0.058,-190.3,-323.7,-48.9,12,6,20,-581.7,-391.4,-67.7,27,31,16,10.561,11.594,7.245,1
CI,2022-04,2022,4,1,151.272531414784,0.0066105854820267,0.8660254037844387,-0.4999999999999998,303,5.257,-0.49,10.983,11.473,-3.0,4,17,-659.8,160.7,26,7.7,9.5,-0.339,-6.679,-10.442,-75.1,-190.3,-323.7,18,12,6,-656.8,-581.7,-391.4,18,27,31,9.905,10.561,11.594,0
CI,2022-05,2022,5,1,151.272531414784,0.0066105854820267,0.4999999999999999,-0.8660254037844387,304,13.752,6.848,20.6,13.752,0.0,0,1,-659.8,426.3,31,6.9,9.3,5.257,-0.339,-6.679,-3.0,-75.1,-190.3,17,18,12,-659.8,-656.8,-581.7,4,18,27,11.473,9.905,10.561,0
CI,2022-06,2022,6,2,151.272531414784,0.0132211709640534,1.2246467991473532e-16,-1.0,305,17.1,9.275,24.877,15.602,0.0,0,0,-659.8,513.0,30,7.0,6.2,13.752,5.257,-0.339,0.0,-3.0,-75.1,1,17,18,-659.8,-659.8,-656.8,0,4,18,13.752,11.473,9.905,1
CI,2022-07,2022,7,3,151.272531414784,0.0198317564460801,-0.4999999999999997,-0.8660254037844388,306,19.945,12.113,27.745,15.632,0.0,0,0,-659.8,618.3,31,3.3,7.4,17.1,13.752,5.257,0.0,0.0,-3.0,0,1,17,-659.8,-659.8,-659.8,0,0,4,15.602,13.752,11.473,0
CI,2022-08,2022,8,2,151.272531414784,0.0132211709640534,-0.8660254037844384,-0.5000000000000004,307,19.965,12.537,27.331,14.794,0.0,0,0,-659.8,618.9,31,4.2,4.8,19.945,17.1,13.752,0.0,0.0,0.0,0,0,1,-659.8,-659.8,-659.8,0,0,0,15.632,15.602,13.752,1
CI,2022-09,2022,9,0,151.272531414784,0.0,-1.0,-1.8369701987210294e-16,308,15.95,9.097,22.73,13.633,0.0,0,0,-659.8,478.5,30,5.4,9.0,19.965,19.945,17.1,0.0,0.0,0.0,0,0,0,-659.8,-659.8,-659.8,0,0,0,14.794,15.632,15.602,0
CI,2022-10,2022,10,2,151.272531414784,0.0132211709640534,-0.8660254037844386,0.5000000000000001,309,8.356,1.232,15.442,14.21,0.0,0,15,0.0,259.05,31,8.3,11.3,15.95,19.965,19.945,0.0,0.0,0.0,0,0,0,-659.8,-659.8,-659.8,0,0,0,13.633,14.794,15.632,1
CI,2022-11,2022,11,3,151.272531414784,0.0198317564460801,-0.5000000000000004,0.8660254037844384,310,3.763,-1.013,8.523,9.537,-23.1,9,15,-23.1,136.0,21,5.5,7.0,8.356,15.95,19.965,0.0,0.0,0.0,15,0,0,0.0,-659.8,-659.8,0,0,0,14.21,13.633,14.794,0
CI,2022-12,2022,12,6,151.272531414784,0.0396635128921602,-2.4492935982947064e-16,1.0,311,-1.994,-5.042,1.065,6.106,-95.1,22,11,-118.2,33.3,9,5.7,6.5,3.763,8.356,15.95,-23.1,0.0,0.0,15,15,0,-23.1,0.0,-659.8,9,0,0,9.537,14.21,13.633,0
CI,2023-01,2023,1,6,151.272531414784,0.0396635128921602,0.4999999999999999,0.8660254037844387,312,-2.3,-5.026,0.455,5.481,-85.7,20,13,-203.9,14.4,11,5.9,5.3,-1.994,3.763,8.356,-95.1,-23.1,0.0,11,15,15,-118.2,-23.1,0.0,22,9,0,6.106,9.537,14.21,0
CI,2023-02,2023,2,4,151.272531414784,0.0264423419281068,0.8660254037844386,0.5000000000000001,313,-2.832,-7.53,1.864,9.395,-95.5,18,18,-299.4,16.2,10,12.3,10.2,-2.3,-1.994,3.763,-85.7,-95.1,-23.1,13,11,15,-203.9,-118.2,-23.1,20,22,9,5.481,6.106,9.537,1
CI,2023-03,2023,3,3,151.272531414784,0.0198317564460801,1.0,6.123233995736766e-17,314,-0.832,-4.931,3.277,8.208,-57.4,19,23,-356.8,31.6,12,7.3,7.1,-2.832,-2.3,-1.994,-95.5,-85.7,-95.1,18,13,11,-299.4,-203.9,-118.2,18,20,22,9.395,5.481,6.106,1
CI,2023-04,2023,4,0,151.272531414784,0.0,0.8660254037844387,-0.4999999999999998,315,7.802,1.48,14.078,12.598,-0.9,2,13,-357.7,234.95,28,6.4,8.2,-0.832,-2.832,-2.3,-57.4,-95.5,-85.7,23,18,13,-356.8,-299.4,-203.9,19,18,20,8.208,9.395,5.481,3
CI,2023-05,2023,5,1,151.272531414784,0.0066105854820267,0.4999999999999999,-0.8660254037844387,316,11.494,3.627,19.321,15.694,0.0,0,3,-357.7,356.3,31,5.8,6.5,7.802,-0.832,-2.832,-0.9,-57.4,-95.5,13,23,18,-357.7,-356.8,-299.4,2,19,18,12.598,8.208,9.395,1
CI,2023-06,2023,6,1,151.272531414784,0.0066105854820267,1.2246467991473532e-16,-1.0,317,17.387,10.483,24.247,13.763,0.0,0,0,-357.7,521.6,30,5.6,6.4,11.494,7.802,-0.832,0.0,-0.9,-57.4,3,13,23,-357.7,-357.7,-356.8,0,2,19,15.694,12.598,8.208,2
CI,2023-07,2023,7,1,151.272531414784,0.0066105854820267,-0.4999999999999997,-0.8660254037844388,318,19.703,13.161,26.203,13.042,0.0,0,0,-357.7,610.8,31,2.7,6.5,17.387,11.494,7.802,0.0,0.0,-0.9,0,3,13,-357.7,-357.7,-357.7,0,0,2,13.763,15.694,12.598,0
CI,2023-08,2023,8,0,151.272531414784,0.0,-0.8660254037844384,-0.5000000000000004,319,17.74,11.887,23.527,11.64,0.0,0,0,-357.7,549.95,31,5.4,7.4,19.703,17.387,11.494,0.0,0.0,0.0,0,0,3,-357.7,-357.7,-357.7,0,0,0,13.042,13.763,15.694,1
CI,2023-09,2023,9,1,151.272531414784,0.0066105854820267,-1.0,-1.8369701987210294e-16,320,16.07,10.14,21.953,11.813,0.0,0,0,-357.7,482.1,30,6.1,5.4,17.74,19.703,17.387,0.0,0.0,0.0,0,0,0,-357.7,-357.7,-357.7,0,0,0,11.64,13.042,13.763,2
CI,2023-10,2023,10,0,151.272531414784,0.0,-0.8660254037844386,0.5000000000000001,321,10.677,5.932,15.374,9.442,0.0,0,3,0.0,331.0,31,8.2,8.4,16.07,17.74,19.703,0.0,0.0,0.0,0,0,0,-357.7,-357.7,-357.7,0,0,0,11.813,11.64,13.042,0
CI,2023-11,2023,11,1,151.272531414784,0.0066105854820267,-0.5000000000000004,0.8660254037844384,322,2.08,-2.843,6.97,9.813,-20.7,9,21,-20.7,83.1,21,7.2,6.5,10.677,16.07,17.74,0.0,0.0,0.0,3,0,0,0.0,-357.7,-357.7,0,0,0,9.442,11.813,11.64,0
CI,2023-12,2023,12,2,151.272531414784,0.0132211709640534,-2.4492935982947064e-16,1.0,323,1.848,-0.577,4.261,4.839,-13.8,11,17,-34.5,71.1,20,6.5,6.1,2.08,10.677,16.07,-20.7,0.0,0.0,21,3,0,-20.7,0.0,-357.7,9,0,0,9.813,9.442,11.813,0
CI,2024-01,2024,1,7,151.272531414784,0.0462740983741869,0.4999999999999999,0.8660254037844387,324,-3.506,-5.903,-1.094,4.81,-118.9,21,14,-153.4,10.2,9,6.1,9.1,1.848,2.08,10.677,-13.8,-20.7,0.0,17,21,3,-34.5,-20.7,0.0,11,9,0,4.839,9.813,9.442,0
CI,2024-02,2024,2,5,151.272531414784,0.0330529274101335,0.8660254037844386,0.5000000000000001,325,-1.272,-6.421,3.897,10.317,-71.8,19,19,-225.2,34.9,10,8.5,10.6,-3.506,1.848,2.08,-118.9,-13.8,-20.7,14,17,21,-153.4,-34.5,-20.7,21,11,9,4.81,4.839,9.813,0
CI,2024-03,2024,3,0,151.272531414784,0.0,1.0,6.123233995736766e-17,326,2.516,-2.36,7.394,9.753,-32.7,9,16,-257.9,110.7,21,5.5,6.8,-1.272,-3.506,1.848,-71.8,-118.9,-13.8,19,14,17,-225.2,-153.4,-34.5,19,21,11,10.317,4.81,4.839,1
CI,2024-04,2024,4,1,151.272531414784,0.0066105854820267,0.8660254037844387,-0.4999999999999998,327,7.693,2.277,13.08,10.803,0.0,0,9,-257.9,230.8,30,8.5,7.1,2.516,-1.272,-3.506,-32.7,-71.8,-118.9,16,19,14,-257.9,-225.2,-153.4,9,19,21,9.753,10.317,4.81,0
CI,2024-05,2024,5,0,151.272531414784,0.0,0.4999999999999999,-0.8660254037844387,328,14.619,7.79,21.397,13.606,0.0,0,0,-257.9,453.2,31,5.0,3.2,7.693,2.516,-1.272,0.0,-32.7,-71.8,9,16,19,-257.9,-257.9,-225.2,0,9,19,10.803,9.753,10.317,0
CI,2024-06,2024,6,2,151.272531414784,0.0132211709640534,1.2246467991473532e-16,-1.0,329,18.53,12.14,24.873,12.733,0.0,0,0,-257.9,555.9,30,7.5,5.8,14.619,7.693,2.516,0.0,0.0,-32.7,0,9,16,-257.9,-257.9,-257.9,0,0,9,13.606,10.803,9.753,0
CI,2024-07,2024,7,2,151.272531414784,0.0132211709640534,-0.4999999999999997,-0.8660254037844388,330,20.426,13.815,26.989,13.174,0.0,0,0,-257.9,633.2,31,5.9,4.1,18.53,14.619,7.693,0.0,0.0,0.0,0,0,9,-257.9,-257.9,-257.9,0,0,0,12.733,13.606,10.803,1
CI,2024-08,2024,8,1,151.272531414784,0.0066105854820267,-0.8660254037844384,-0.5000000000000004,331,18.971,12.429,25.477,13.048,0.0,0,0,-257.9,588.1,31,3.9,7.6,20.426,18.53,14.619,0.0,0.0,0.0,0,0,0,-257.9,-257.9,-257.9,0,0,0,13.174,12.733,13.606,0
CI,2024-09,2024,9,2,151.272531414784,0.0132211709640534,-1.0,-1.8369701987210294e-16,332,16.593,9.352,23.788,14.437,0.0,0,0,-257.9,497.8,30,4.1,6.1,18.971,20.426,18.53,0.0,0.0,0.0,0,0,0,-257.9,-257.9,-257.9,0,0,0,13.048,13.174,12.733,1
CI,2024-10,2024,10,3,151.272531414784,0.0198317564460801,-0.8660254037844386,0.5000000000000001,333,9.732,2.258,17.155,14.897,0.0,0,13,0.0,301.7,31,9.3,6.9,16.593,18.971,20.426,0.0,0.0,0.0,0,0,0,-257.9,-257.9,-257.9,0,0,0,14.437,13.048,13.174,1
CI,2024-11,2024,11,2,151.272531414784,0.0132211709640534,-0.5000000000000004,0.8660254037844384,334,5.078,0.823,9.29,8.467,-6.25,2,13,-6.25,158.6,27,9.0,5.7,9.732,16.593,18.971,0.0,0.0,0.0,13,0,0,0.0,-257.9,-257.9,0,0,0,14.897,14.437,13.048,3
CI,2024-12,2024,12,5,151.272531414784,0.0330529274101335,-2.4492935982947064e-16,1.0,335,-2.268,-5.69,1.161,6.852,-104.1,20,10,-110.35,33.8,11,10.4,7.2,5.078,9.732,16.593,-6.25,0.0,0.0,13,13,0,-6.25,0.0,-257.9,2,0,0,8.467,14.897,14.437,0
CI,2025-01,2025,1,14,151.27607782526263,0.092546027113231,0.4999999999999999,0.8660254037844387,336,-7.452,-11.184,-3.671,7.513,-231.2,30,8,-341.55,0.2,1,7.1,6.7,-2.268,5.078,9.732,-104.1,-6.25,0.0,10,13,13,-110.35,-6.25,0.0,20,2,0,6.852,8.467,14.897,0
CI,2025-02,2025,2,7,151.27607782526263,0.0462730135566155,0.8660254037844386,0.5000000000000001,337,-6.523,-10.014,-2.984,7.03,-187.05,24,6,-528.6,4.4,4,7.8,4.8,-7.452,-2.268,5.078,-231.2,-104.1,-6.25,8,10,13,-341.55,-110.35,-6.25,30,20,2,7.513,6.852,8.467,1
CI,2025-03,2025,3,1,151.27607782526263,0.0066104305080879,1.0,6.123233995736766e-17,338,1.371,-4.394,7.126,11.519,-40.6,11,26,-569.2,83.1,20,7.4,7.2,-6.523,-7.452,-2.268,-187.05,-231.2,-104.1,6,8,10,-528.6,-341.55,-110.35,24,30,20,7.03,7.513,6.852,0
CI,2025-04,2025,4,1,151.27607782526263,0.0066104305080879,0.8660254037844387,-0.4999999999999998,339,6.6,-0.123,13.267,13.39,-5.0,2,14,-574.2,203.0,28,10.0,7.6,1.371,-6.523,-7.452,-40.6,-187.05,-231.2,26,6,8,-569.2,-528.6,-341.55,11,24,30,11.519,7.03,7.513,0
CI,2025-05,2025,5,0,151.27607782526263,0.0,0.4999999999999999,-0.8660254037844387,340,11.881,6.145,17.558,11.413,0.0,0,2,-574.2,368.3,31,5.3,8.2,6.6,1.371,-6.523,-5.0,-40.6,-187.05,14,26,6,-574.2,-569.2,-528.6,2,11,24,13.39,11.519,7.03,0
CI,2025-06,2025,6,0,151.27607782526263,0.0,1.2246467991473532e-16,-1.0,341,19.103,12.86,25.28,12.42,0.0,0,0,-574.2,573.1,30,7.0,6.6,11.881,6.6,1.371,0.0,-5.0,-40.6,2,14,26,-574.2,-574.2,-569.2,0,2,11,11.413,13.39,11.519,2
CI,2025-07,2025,7,3,151.27607782526263,0.0198312915242637,-0.4999999999999997,-0.8660254037844388,342,21.165,13.919,28.366,14.447,0.0,0,0,-574.2,656.1,31,5.8,5.1,19.103,11.881,6.6,0.0,0.0,-5.0,0,2,14,-574.2,-574.2,-574.2,0,0,2,12.42,11.413,13.39,1
CI,2025-08,2025,8,2,151.27607782526263,0.0132208610161758,-0.8660254037844384,-0.5000000000000004,343,18.855,11.813,25.839,14.026,0.0,0,0,-574.2,584.5,31,2.7,4.1,21.165,19.103,11.881,0.0,0.0,0.0,0,0,2,-574.2,-574.2,-574.2,0,0,0,14.447,12.42,11.413,0
CI,2025-09,2025,9,0,151.27607782526263,0.0,-1.0,-1.8369701987210294e-16,344,16.085,8.325,23.79,15.465,0.0,0,0,-574.2,482.55,30,3.1,4.7,18.855,21.165,19.103,0.0,0.0,0.0,0,0,0,-574.2,-574.2,-574.2,0,0,0,14.026,14.447,12.42,4
CI,2025-10,2025,10,0,151.27607782526263,0.0,-0.8660254037844386,0.5000000000000001,345,9.494,3.077,15.852,12.774,0.0,0,8,0.0,294.3,31,11.5,8.4,16.085,18.855,21.165,0.0,0.0,0.0,0,0,0,-574.2,-574.2,-574.2,0,0,0,15.465,14.026,14.447,2
CI,2025-11,2025,11,4,151.27607782526263,0.0264417220323517,-0.5000000000000004,0.8660254037844384,346,1.91,-2.23,6.027,8.257,-15.6,9,19,-15.6,72.9,20,5.5,5.8,9.494,16.085,18.855,0.0,0.0,0.0,8,0,0,0.0,-574.2,-574.2,0,0,0,12.774,15.465,14.026,0
CI,2025-12,2025,12,14,151.27607782526263,0.092546027113231,-2.4492935982947064e-16,1.0,347,-6.348,-11.535,-1.116,10.419,-200.6,27,13,-216.2,3.8,4,9.3,8.2,1.91,9.494,16.085,-15.6,0.0,0.0,19,8,0,-15.6,0.0,-574.2,9,0,0,8.257,12.774,15.465,0
DI,1997-01,1997,1,2,315.82354955162504,0.006332649996618,0.4999999999999999,0.8660254037844387,0,-7.094,-11.452,-2.69,8.761,-237.0,26,6,-362.1,17.1,5,11.5,10.2,-1.242,-0.27,8.277,-67.8,-57.3,0.0,18,15,6,-125.1,-57.3,0.0,15,18,0,5.313,6.91,9.919,0
DI,1997-02,1997,2,2,315.82354955162504,0.006332649996618,0.8660254037844386,0.5000000000000001,1,-3.964,-8.286,0.396,8.682,-129.8,22,10,-491.9,18.8,6,14.1,10.0,-7.094,-1.242,-0.27,-237.0,-67.8,-57.3,6,18,15,-362.1,-125.1,-57.3,26,15,18,8.761,5.313,6.91,0
DI,1997-03,1997,3,1,315.82354955162504,0.003166324998309,1.0,6.123233995736766e-17,2,-1.971,-6.21,2.281,8.49,-96.6,20,16,-588.5,35.5,11,8.9,9.1,-3.964,-7.094,-1.242,-129.8,-237.0,-67.8,10,6,18,-491.9,-362.1,-125.1,22,26,15,8.682,8.761,5.313,0
DI,1997-04,1997,4,1,315.82354955162504,0.003166324998309,0.8660254037844387,-0.4999999999999998,3,4.937,-0.717,10.537,11.253,-9.9,3,16,-598.4,158.0,27,4.9,11.7,-1.971,-3.964,-7.094,-96.6,-129.8,-237.0,16,10,6,-588.5,-491.9,-362.1,20,22,26,8.49,8.682,8.761,0
DI,1997-05,1997,5,1,315.82354955162504,0.003166324998309,0.4999999999999999,-0.8660254037844387,4,8.677,3.442,13.858,10.416,0.0,0,4,-598.4,269.0,31,5.7,6.7,4.937,-1.971,-3.964,-9.9,-96.6,-129.8,16,16,10,-598.4,-588.5,-491.9,3,20,22,11.253,8.49,8.682,0
DI,1997-06,1997,6,3,315.82354955162504,0.009498974994927,1.2246467991473532e-16,-1.0,5,18.667,12.327,24.95,12.623,0.0,0,0,-598.4,560.0,30,7.7,6.0,8.677,4.937,-1.971,0.0,-9.9,-96.6,4,16,16,-598.4,-598.4,-588.5,0,3,20,10.416,11.253,8.49,0
DI,1997-07,1997,7,0,315.82354955162504,0.0,-0.4999999999999997,-0.8660254037844388,6,19.216,13.371,25.019,11.648,0.0,0,0,-598.4,595.7,31,3.8,6.7,18.667,8.677,4.937,0.0,0.0,-9.9,0,4,16,-598.4,-598.4,-598.4,0,0,3,12.623,10.416,11.253,0
DI,1997-08,1997,8,0,315.82354955162504,0.0,-0.8660254037844384,-0.5000000000000004,7,17.113,11.158,23.013,11.855,0.0,0,0,-598.4,530.5,31,4.4,7.0,19.216,18.667,8.677,0.0,0.0,0.0,0,0,4,-598.4,-598.4,-598.4,0,0,0,11.648,12.623,10.416,0
DI,1997-09,1997,9,2,315.82354955162504,0.006332649996618,-1.0,-1.8369701987210294e-16,8,14.34,8.647,19.977,11.33,0.0,0,0,-598.4,430.2,30,7.0,5.4,17.113,19.216,18.667,0.0,0.0,0.0,0,0,0,-598.4,-598.4,-598.4,0,0,0,11.855,11.648,12.623,0
DI,1997-10,1997,10,0,315.82354955162504,0.0,-0.8660254037844386,0.5000000000000001,9,8.732,3.319,14.1,10.781,-0.2,1,10,-0.2,270.9,30,9.2,6.9,14.34,17.113,19.216,0.0,0.0,0.0,0,0,0,-598.4,-598.4,-598.4,0,0,0,11.33,11.855,11.648,0
DI,1997-11,1997,11,0,315.82354955162504,0.0,-0.5000000000000004,0.8660254037844384,10,1.062,-2.317,4.485,6.802,-33.25,13,14,-33.45,65.1,17,5.0,4.4,8.732,14.34,17.113,-0.2,0.0,0.0,10,0,0,-0.2,-598.4,-598.4,1,0,0,10.781,11.33,11.855,2
DI,1997-12,1997,12,0,315.82354955162504,0.0,-2.4492935982947064e-16,1.0,11,-2.345,-5.158,0.477,5.635,-81.4,24,19,-114.85,8.7,7,6.3,6.1,1.062,8.732,14.34,-33.25,-0.2,0.0,14,10,0,-33.45,-0.2,-598.4,13,1,0,6.802,10.781,11.33,0
DI,1998-01,1998,1,0,316.33288688524806,0.0,0.4999999999999999,0.8660254037844387,12,-3.058,-6.132,0.045,6.177,-121.9,24,13,-236.75,27.1,7,7.7,6.4,-2.345,1.062,8.732,-81.4,-33.25,-0.2,19,14,10,-114.85,-33.45,-0.2,24,13,1,5.635,6.802,10.781,0
DI,1998-02,1998,2,2,316.33288688524806,0.0063224536016247,0.8660254037844386,0.5000000000000001,13,-1.539,-5.418,2.314,7.732,-62.0,14,19,-298.75,18.9,14,4.4,7.5,-3.058,-2.345,1.062,-121.9,-81.4,-33.25,13,19,14,-236.75,-114.85,-33.45,24,24,13,6.177,5.635,6.802,0
DI,1998-03,1998,3,2,316.33288688524806,0.0063224536016247,1.0,6.123233995736766e-17,14,0.99,-3.103,5.066,8.169,-71.3,16,16,-370.05,102.0,15,10.6,6.0,-1.539,-3.058,-2.345,-62.0,-121.9,-81.4,19,13,19,-298.75,-236.75,-114.85,14,24,24,7.732,6.177,5.635,1
DI,1998-04,1998,4,0,316.33288688524806,0.0,0.8660254037844387,-0.4999999999999998,15,7.6,1.687,13.467,11.78,0.0,0,11,-370.05,228.0,30,4.9,4.8,0.99,-1.539,-3.058,-71.3,-62.0,-121.9,16,19,13,-370.05,-298.75,-236.75,16,14,24,8.169,7.732,6.177,0
DI,1998-05,1998,5,4,316.33288688524806,0.0126449072032495,0.4999999999999999,-0.8660254037844387,16,16.055,9.497,22.561,13.065,0.0,0,0,-370.05,497.7,31,3.4,8.9,7.6,0.99,-1.539,0.0,-71.3,-62.0,11,16,19,-370.05,-370.05,-298.75,0,16,14,11.78,8.169,7.732,0
DI,1998-06,1998,6,0,316.33288688524806,0.0,1.2246467991473532e-16,-1.0,17,17.9,12.207,23.547,11.34,0.0,0,0,-370.05,537.0,30,5.0,6.5,16.055,7.6,0.99,0.0,0.0,-71.3,0,11,16,-370.05,-370.05,-370.05,0,0,16,13.065,11.78,8.169,0
DI,1998-07,1998,7,0,316.33288688524806,0.0,-0.4999999999999997,-0.8660254037844388,18,19.868,13.49,26.194,12.703,0.0,0,0,-370.05,615.9,31,4.8,5.1,17.9,16.055,7.6,0.0,0.0,0.0,0,0,11,-370.05,-370.05,-370.05,0,0,0,11.34,13.065,11.78,0
DI,1998-08,1998,8,5,316.33288688524806,0.0158061340040619,-0.8660254037844384,-0.5000000000000004,19,20.29,13.819,26.716,12.897,0.0,0,0,-370.05,629.0,31,6.1,6.8,19.868,17.9,16.055,0.0,0.0,0.0,0,0,0,-370.05,-370.05,-370.05,0,0,0,12.703,11.34,13.065,0
DI,1998-09,1998,9,4,316.33288688524806,0.0126449072032495,-1.0,-1.8369701987210294e-16,20,16.767,9.517,23.967,14.45,0.0,0,0,-370.05,503.0,30,7.4,9.3,20.29,19.868,17.9,0.0,0.0,0.0,0,0,0,-370.05,-370.05,-370.05,0,0,0,12.897,12.703,11.34,0
DI,1998-10,1998,10,1,316.33288688524806,0.0031612268008123,-0.8660254037844386,0.5000000000000001,21,9.69,4.0,15.339,11.339,0.0,0,4,0.0,300.4,31,5.9,4.9,16.767,20.29,19.868,0.0,0.0,0.0,0,0,0,-370.05,-370.05,-370.05,0,0,0,14.45,12.897,12.703,0
DI,1998-11,1998,11,1,316.33288688524806,0.0031612268008123,-0.5000000000000004,0.8660254037844384,22,3.33,-0.697,7.33,8.027,-2.5,3,18,-2.5,102.4,27,8.1,7.2,9.69,16.767,20.29,0.0,0.0,0.0,4,0,0,0.0,-370.05,-370.05,0,0,0,11.339,14.45,12.897,0
DI,1998-12,1998,12,2,316.33288688524806,0.0063224536016247,-2.4492935982947064e-16,1.0,23,-0.455,-4.413,3.506,7.919,-89.1,14,17,-91.6,75.0,17,7.1,9.3,3.33,9.69,16.767,-2.5,0.0,0.0,18,4,0,-2.5,0.0,-370.05,3,0,0,8.027,11.339,14.45,0
DI,1999-01,1999,1,3,316.3658741427692,0.0094826915454419,0.4999999999999999,0.8660254037844387,24,-7.471,-11.368,-3.529,7.839,-243.0,27,8,-334.6,11.4,4,8.3,7.4,-0.455,3.33,9.69,-89.1,-2.5,0.0,17,18,4,-91.6,-2.5,0.0,14,3,0,7.919,8.027,11.339,0
DI,1999-02,1999,2,4,316.3658741427692,0.0126435887272559,0.8660254037844386,0.5000000000000001,25,-2.657,-6.793,1.489,8.282,-94.4,19,15,-429.0,20.0,9,8.5,11.1,-7.471,-0.455,3.33,-243.0,-89.1,-2.5,8,17,18,-334.6,-91.6,-2.5,27,14,3,7.839,7.919,8.027,0
DI,1999-03,1999,3,0,316.3658741427692,0.0,1.0,6.123233995736766e-17,26,-1.113,-5.574,3.358,8.932,-85.4,18,21,-514.4,50.9,12,5.8,4.7,-2.657,-7.471,-0.455,-94.4,-243.0,-89.1,15,8,17,-429.0,-334.6,-91.6,19,27,14,8.282,7.839,7.919,0
DI,1999-04,1999,4,0,316.3658741427692,0.0,0.8660254037844387,-0.4999999999999998,27,6.913,1.133,12.64,11.507,0.0,0,11,-514.4,207.4,30,6.0,6.5,-1.113,-2.657,-7.471,-85.4,-94.4,-243.0,21,15,8,-514.4,-429.0,-334.6,18,19,27,8.932,8.282,7.839,0
DI,1999-05,1999,5,0,316.3658741427692,0.0,0.4999999999999999,-0.8660254037844387,28,14.252,7.258,21.197,13.939,0.0,0,0,-514.4,441.8,31,4.8,10.1,6.913,-1.113,-2.657,0.0,-85.4,-94.4,11,21,15,-514.4,-514.4,-429.0,0,18,19,11.507,8.932,8.282,0
DI,1999-06,1999,6,2,316.3658741427692,0.0063217943636279,1.2246467991473532e-16,-1.0,29,19.07,12.643,25.44,12.797,0.0,0,0,-514.4,572.1,30,6.1,9.3,14.252,6.913,-1.113,0.0,0.0,-85.4,0,11,21,-514.4,-514.4,-514.4,0,0,18,13.939,11.507,8.932,0
DI,1999-07,1999,7,6,316.3658741427692,0.0189653830908839,-0.4999999999999997,-0.8660254037844388,30,22.377,16.313,28.403,12.09,0.0,0,0,-514.4,693.7,31,7.2,6.1,19.07,14.252,6.913,0.0,0.0,0.0,0,0,11,-514.4,-514.4,-514.4,0,0,0,12.797,13.939,11.507,0
DI,1999-08,1999,8,4,316.3658741427692,0.0126435887272559,-0.8660254037844384,-0.5000000000000004,31,18.068,12.345,23.735,11.39,0.0,0,0,-514.4,560.1,31,5.1,8.0,22.377,19.07,14.252,0.0,0.0,0.0,0,0,0,-514.4,-514.4,-514.4,0,0,0,12.09,12.797,13.939,0
DI,1999-09,1999,9,0,316.3658741427692,0.0,-1.0,-1.8369701987210294e-16,32,15.96,9.38,22.5,13.12,0.0,0,1,-514.4,478.8,30,7.1,7.2,18.068,22.377,19.07,0.0,0.0,0.0,0,0,0,-514.4,-514.4,-514.4,0,0,0,11.39,12.09,12.797,0
DI,1999-10,1999,10,3,316.3658741427692,0.0094826915454419,-0.8660254037844386,0.5000000000000001,33,7.71,2.158,13.213,11.055,0.0,0,7,0.0,239.0,31,6.7,6.7,15.96,18.068,22.377,0.0,0.0,0.0,1,0,0,-514.4,-514.4,-514.4,0,0,0,13.12,11.39,12.09,0
DI,1999-11,1999,11,2,316.3658741427692,0.0063217943636279,-0.5000000000000004,0.8660254037844384,34,4.497,0.153,8.8,8.647,-14.6,7,12,-14.6,149.5,23,7.4,8.3,7.71,15.96,18.068,0.0,0.0,0.0,7,1,0,0.0,-514.4,-514.4,0,0,0,11.055,13.12,11.39,0
DI,1999-12,1999,12,2,316.3658741427692,0.0063217943636279,-2.4492935982947064e-16,1.0,35,-2.119,-6.039,1.806,7.845,-110.0,20,16,-124.6,44.3,11,9.1,8.0,4.497,7.71,15.96,-14.6,0.0,0.0,12,7,1,-14.6,0.0,-514.4,7,0,0,8.647,11.055,13.12,0
DI,2000-01,2000,1,4,317.56003497320376,0.0125960434547046,0.4999999999999999,0.8660254037844387,36,-6.935,-11.61,-2.232,9.377,-232.5,24,11,-357.1,17.5,6,8.3,9.3,-2.119,4.497,7.71,-110.0,-14.6,0.0,16,12,7,-124.6,-14.6,0.0,20,7,0,7.845,8.647,11.055,0
DI,2000-02,2000,2,3,317.56003497320376,0.0094470325910284,0.8660254037844386,0.5000000000000001,37,-4.2,-8.883,0.51,9.393,-160.2,22,5,-517.3,38.4,7,11.7,8.7,-6.935,-2.119,4.497,-232.5,-110.0,-14.6,11,16,12,-357.1,-124.6,-14.6,24,20,7,9.377,7.845,8.647,0
DI,2000-03,2000,3,0,317.56003497320376,0.0,1.0,6.123233995736766e-17,38,3.584,-1.71,8.839,10.548,-22.3,7,17,-539.6,133.4,24,6.5,12.9,-4.2,-6.935,-2.119,-160.2,-232.5,-110.0,5,11,16,-517.3,-357.1,-124.6,22,24,20,9.393,9.377,7.845,0
DI,2000-04,2000,4,0,317.56003497320376,0.0,0.8660254037844387,-0.4999999999999998,39,6.057,0.98,11.107,10.127,-4.2,5,12,-543.8,185.9,25,8.4,8.5,3.584,-4.2,-6.935,-22.3,-160.2,-232.5,17,5,11,-539.6,-517.3,-357.1,7,22,24,10.548,9.393,9.377,0
DI,2000-05,2000,5,2,317.56003497320376,0.0062980217273523,0.4999999999999999,-0.8660254037844387,40,13.687,8.003,19.31,11.306,0.0,0,0,-543.8,424.3,31,7.3,6.0,6.057,3.584,-4.2,-4.2,-22.3,-160.2,12,17,5,-543.8,-539.6,-517.3,5,7,22,10.127,10.548,9.393,0
DI,2000-06,2000,6,1,317.56003497320376,0.0031490108636761,1.2246467991473532e-16,-1.0,41,17.81,12.317,23.253,10.937,0.0,0,0,-543.8,534.3,30,7.5,5.1,13.687,6.057,3.584,0.0,-4.2,-22.3,0,12,17,-543.8,-543.8,-539.6,0,5,7,11.306,10.127,10.548,0
DI,2000-07,2000,7,0,317.56003497320376,0.0,-0.4999999999999997,-0.8660254037844388,42,18.845,13.477,24.168,10.69,0.0,0,0,-543.8,584.2,31,2.9,6.7,17.81,13.687,6.057,0.0,0.0,-4.2,0,0,12,-543.8,-543.8,-543.8,0,0,5,10.937,11.306,10.127,0
DI,2000-08,2000,8,2,317.56003497320376,0.0062980217273523,-0.8660254037844384,-0.5000000000000004,43,18.535,13.026,23.987,10.961,0.0,0,0,-543.8,574.6,31,4.9,6.4,18.845,17.81,13.687,0.0,0.0,0.0,0,0,0,-543.8,-543.8,-543.8,0,0,0,10.69,10.937,11.306,0
DI,2000-09,2000,9,3,317.56003497320376,0.0094470325910284,-1.0,-1.8369701987210294e-16,44,14.327,8.593,20.003,11.41,0.0,0,1,-543.8,429.8,30,6.2,9.2,18.535,18.845,17.81,0.0,0.0,0.0,0,0,0,-543.8,-543.8,-543.8,0,0,0,10.961,10.69,10.937,0
DI,2000-10,2000,10,3,317.56003497320376,0.0094470325910284,-0.8660254037844386,0.5000000000000001,45,9.884,4.148,15.558,11.41,0.0,0,7,0.0,306.4,31,6.0,9.3,14.327,18.535,18.845,0.0,0.0,0.0,1,0,0,-543.8,-543.8,-543.8,0,0,0,11.41,10.961,10.69,0
DI,2000-11,2000,11,5,317.56003497320376,0.0157450543183808,-0.5000000000000004,0.8660254037844384,46,2.303,-1.487,6.07,7.557,-33.5,10,14,-33.5,102.6,20,7.2,6.9,9.884,14.327,18.535,0.0,0.0,0.0,7,1,0,0.0,-543.8,-543.8,0,0,0,11.41,11.41,10.961,0
DI,2000-12,2000,12,2,317.56003497320376,0.0062980217273523,-2.4492935982947064e-16,1.0,47,-8.661,-12.768,-4.526,8.242,-269.5,30,5,-303.0,1.0,1,9.6,7.8,2.303,9.884,14.327,-33.5,0.0,0.0,14,7,1,-33.5,0.0,-543.8,10,0,0,7.557,11.41,11.41,0
DI,2001-01,2001,1,2,317.7363223938534,0.0062945274400226,0.4999999999999999,0.8660254037844387,48,-5.065,-8.19,-1.91,6.281,-159.8,28,7,-462.8,2.8,3,6.8,7.4,-8.661,2.303,9.884,-269.5,-33.5,0.0,5,14,7,-303.0,-33.5,0.0,30,10,0,8.242,7.557,11.41,0
DI,2001-02,2001,2,2,317.7363223938534,0.0062945274400226,0.8660254037844386,0.5000000000000001,49,-4.15,-7.479,-0.786,6.693,-125.3,25,10,-588.1,9.1,3,11.9,9.2,-5.065,-8.661,2.303,-159.8,-269.5,-33.5,7,5,14,-462.8,-303.0,-33.5,28,30,10,6.281,8.242,7.557,0
DI,2001-03,2001,3,3,317.7363223938534,0.009441791160034,1.0,6.123233995736766e-17,50,-1.958,-5.794,1.887,7.681,-82.2,19,20,-670.3,21.5,12,8.9,4.7,-4.15,-5.065,-8.661,-125.3,-159.8,-269.5,10,7,5,-588.1,-462.8,-303.0,25,28,30,6.693,6.281,8.242,0
DI,2001-04,2001,4,1,317.7363223938534,0.0031472637200113,0.8660254037844387,-0.4999999999999998,51,7.18,1.073,13.233,12.16,0.0,0,14,-670.3,215.4,30,10.4,10.5,-1.958,-4.15,-5.065,-82.2,-125.3,-159.8,20,10,7,-670.3,-588.1,-462.8,19,25,28,7.681,6.693,6.281,0
DI,2001-05,2001,5,1,317.7363223938534,0.0031472637200113,0.4999999999999999,-0.8660254037844387,52,13.723,7.981,19.397,11.416,0.0,0,1,-670.3,425.4,31,4.7,8.5,7.18,-1.958,-4.15,0.0,-82.2,-125.3,14,20,10,-670.3,-670.3,-588.1,0,19,25,12.16,7.681,6.693,0
DI,2001-06,2001,6,3,317.7363223938534,0.009441791160034,1.2246467991473532e-16,-1.0,53,18.513,12.663,24.313,11.65,0.0,0,0,-670.3,555.4,30,5.9,6.8,13.723,7.18,-1.958,0.0,0.0,-82.2,1,14,20,-670.3,-670.3,-670.3,0,0,19,11.416,12.16,7.681,0
DI,2001-07,2001,7,1,317.7363223938534,0.0031472637200113,-0.4999999999999997,-0.8660254037844388,54,19.4,13.403,25.332,11.929,0.0,0,0,-670.3,601.4,31,4.1,6.7,18.513,13.723,7.18,0.0,0.0,0.0,0,1,14,-670.3,-670.3,-670.3,0,0,0,11.65,11.416,12.16,0
DI,2001-08,2001,8,3,317.7363223938534,0.009441791160034,-0.8660254037844384,-0.5000000000000004,55,20.965,14.487,27.394,12.906,0.0,0,0,-670.3,649.9,31,2.8,7.7,19.4,18.513,13.723,0.0,0.0,0.0,0,0,1,-670.3,-670.3,-670.3,0,0,0,11.929,11.65,11.416,0
DI,2001-09,2001,9,0,317.7363223938534,0.0,-1.0,-1.8369701987210294e-16,56,14.68,8.543,20.78,12.237,0.0,0,0,-670.3,440.4,30,5.2,6.0,20.965,19.4,18.513,0.0,0.0,0.0,0,0,0,-670.3,-670.3,-670.3,0,0,0,12.906,11.929,11.65,0
DI,2001-10,2001,10,2,317.7363223938534,0.0062945274400226,-0.8660254037844386,0.5000000000000001,57,9.074,4.1,14.006,9.906,0.0,0,7,0.0,281.3,31,5.8,8.5,14.68,20.965,19.4,0.0,0.0,0.0,0,0,0,-670.3,-670.3,-670.3,0,0,0,12.237,12.906,11.929,0
DI,2001-11,2001,11,2,317.7363223938534,0.0062945274400226,-0.5000000000000004,0.8660254037844384,58,5.64,0.98,10.227,9.247,-0.3,1,14,-0.3,169.5,29,6.9,7.0,9.074,14.68,20.965,0.0,0.0,0.0,7,0,0,0.0,-670.3,-670.3,0,0,0,9.906,12.237,12.906,0
DI,2001-12,2001,12,2,317.7363223938534,0.0062945274400226,-2.4492935982947064e-16,1.0,59,-0.171,-3.484,3.132,6.616,-66.1,16,15,-66.4,60.8,15,8.3,7.0,5.64,9.074,14.68,-0.3,0.0,0.0,14,7,0,-0.3,0.0,-670.3,1,0,0,9.247,9.906,12.237,0
DI,2002-01,2002,1,2,317.91209428786175,0.0062910472295182,0.4999999999999999,0.8660254037844387,60,-2.184,-5.271,0.919,6.19,-89.3,21,10,-155.7,21.6,10,6.7,8.0,-0.171,5.64,9.074,-66.1,-0.3,0.0,15,14,7,-66.4,-0.3,0.0,16,1,0,6.616,9.247,9.906,0
DI,2002-02,2002,2,5,317.91209428786175,0.0157276180737956,0.8660254037844386,0.5000000000000001,61,-3.143,-7.464,1.221,8.686,-105.2,23,15,-260.9,17.2,5,8.1,7.6,-2.184,-0.171,5.64,-89.3,-66.1,-0.3,10,15,14,-155.7,-66.4,-0.3,21,16,1,6.19,6.616,9.247,0
DI,2002-03,2002,3,0,317.91209428786175,0.0,1.0,6.123233995736766e-17,62,-0.748,-5.41,3.916,9.326,-74.9,18,20,-335.8,51.7,13,8.3,13.6,-3.143,-2.184,-0.171,-105.2,-89.3,-66.1,15,10,15,-260.9,-155.7,-66.4,23,21,16,8.686,6.19,6.616,0
DI,2002-04,2002,4,1,317.91209428786175,0.0031455236147591,0.8660254037844387,-0.4999999999999998,63,6.347,1.777,10.897,9.12,-7.8,6,14,-343.6,198.2,24,6.7,7.5,-0.748,-3.143,-2.184,-74.9,-105.2,-89.3,20,15,10,-335.8,-260.9,-155.7,18,23,21,9.326,8.686,6.19,0
DI,2002-05,2002,5,0,317.91209428786175,0.0,0.4999999999999999,-0.8660254037844387,64,9.565,3.758,15.332,11.574,0.0,0,6,-343.6,296.5,31,7.2,6.1,6.347,-0.748,-3.143,-7.8,-74.9,-105.2,14,20,15,-343.6,-335.8,-260.9,6,18,23,9.12,9.326,8.686,0
DI,2002-06,2002,6,0,317.91209428786175,0.0,1.2246467991473532e-16,-1.0,65,18.047,12.47,23.573,11.103,0.0,0,0,-343.6,541.4,30,6.8,6.9,9.565,6.347,-0.748,0.0,-7.8,-74.9,6,14,20,-343.6,-343.6,-335.8,0,6,18,11.574,9.12,9.326,0
DI,2002-07,2002,7,0,317.91209428786175,0.0,-0.4999999999999997,-0.8660254037844388,66,22.01,15.535,28.432,12.897,0.0,0,0,-343.6,682.3,31,5.5,9.2,18.047,9.565,6.347,0.0,0.0,-7.8,0,6,14,-343.6,-343.6,-343.6,0,0,6,11.103,11.574,9.12,0
DI,2002-08,2002,8,1,317.91209428786175,0.0031455236147591,-0.8660254037844384,-0.5000000000000004,67,19.977,13.268,26.639,13.371,0.0,0,0,-343.6,619.3,31,3.0,6.8,22.01,18.047,9.565,0.0,0.0,0.0,0,0,6,-343.6,-343.6,-343.6,0,0,0,12.897,11.103,11.574,0
DI,2002-09,2002,9,0,317.91209428786175,0.0,-1.0,-1.8369701987210294e-16,68,17.893,10.987,24.747,13.76,0.0,0,0,-343.6,536.8,30,7.2,7.9,19.977,22.01,18.047,0.0,0.0,0.0,0,0,0,-343.6,-343.6,-343.6,0,0,0,13.371,12.897,11.103,0
DI,2002-10,2002,10,2,317.91209428786175,0.0062910472295182,-0.8660254037844386,0.5000000000000001,69,6.932,1.81,12.023,10.213,-2.0,4,15,-2.0,216.9,27,5.8,8.7,17.893,19.977,22.01,0.0,0.0,0.0,0,0,0,-343.6,-343.6,-343.6,0,0,0,13.76,13.371,12.897,0
DI,2002-11,2002,11,1,317.91209428786175,0.0031455236147591,-0.5000000000000004,0.8660254037844384,70,1.787,-1.517,5.087,6.603,-26.7,10,17,-28.7,80.3,19,10.8,8.0,6.932,17.893,19.977,-2.0,0.0,0.0,15,0,0,-2.0,-343.6,-343.6,4,0,0,10.213,13.76,13.371,0
DI,2002-12,2002,12,6,317.91209428786175,0.0188731416885547,-2.4492935982947064e-16,1.0,71,-3.794,-7.419,-0.139,7.281,-130.3,25,13,-159.0,12.7,6,8.5,7.6,1.787,6.932,17.893,-26.7,-2.0,0.0,17,15,0,-28.7,-2.0,-343.6,10,4,0,6.603,10.213,13.76,0
DI,2003-01,2003,1,4,317.9169481050784,0.0125819023611094,0.4999999999999999,0.8660254037844387,72,-10.013,-14.503,-5.461,9.042,-312.6,30,2,-471.6,2.2,1,11.3,6.3,-3.794,1.787,6.932,-130.3,-26.7,-2.0,13,17,15,-159.0,-28.7,-2.0,25,10,4,7.281,6.603,10.213,0
DI,2003-02,2003,2,3,317.9169481050784,0.009436426770832,0.8660254037844386,0.5000000000000001,73,-8.996,-14.307,-3.636,10.671,-252.2,27,8,-723.8,0.3,1,6.6,8.5,-10.013,-3.794,1.787,-312.6,-130.3,-26.7,2,13,17,-471.6,-159.0,-28.7,30,25,10,9.042,7.281,6.603,0
DI,2003-03,2003,3,3,317.9169481050784,0.009436426770832,1.0,6.123233995736766e-17,74,-2.603,-9.055,3.855,12.91,-147.1,17,17,-870.9,66.4,14,14.6,10.9,-8.996,-10.013,-3.794,-252.2,-312.6,-130.3,8,2,13,-723.8,-471.6,-159.0,27,30,25,10.671,9.042,7.281,0
DI,2003-04,2003,4,0,317.9169481050784,0.0,0.8660254037844387,-0.4999999999999998,75,4.777,-1.54,11.073,12.613,-23.1,8,17,-894.0,166.4,22,9.5,10.5,-2.603,-8.996,-10.013,-147.1,-252.2,-312.6,17,8,2,-870.9,-723.8,-471.6,17,27,30,12.91,10.671,9.042,0
DI,2003-05,2003,5,2,317.9169481050784,0.0062909511805547,0.4999999999999999,-0.8660254037844387,76,11.0,5.326,16.613,11.287,0.0,0,1,-894.0,341.0,31,3.8,7.1,4.777,-2.603,-8.996,-23.1,-147.1,-252.2,17,17,8,-894.0,-870.9,-723.8,8,17,27,12.613,12.91,10.671,0
DI,2003-06,2003,6,0,317.9169481050784,0.0,1.2246467991473532e-16,-1.0,77,16.673,10.017,23.277,13.26,0.0,0,0,-894.0,500.2,30,4.7,7.7,11.0,4.777,-2.603,0.0,-23.1,-147.1,1,17,17,-894.0,-894.0,-870.9,0,8,17,11.287,12.613,12.91,0
DI,2003-07,2003,7,0,317.9169481050784,0.0,-0.4999999999999997,-0.8660254037844388,78,19.213,12.713,25.671,12.958,0.0,0,0,-894.0,595.6,31,3.3,4.5,16.673,11.0,4.777,0.0,0.0,-23.1,0,1,17,-894.0,-894.0,-894.0,0,0,8,13.26,11.287,12.613,0
DI,2003-08,2003,8,0,317.9169481050784,0.0,-0.8660254037844384,-0.5000000000000004,79,19.726,13.161,26.252,13.09,0.0,0,0,-894.0,611.5,31,7.9,6.1,19.213,16.673,11.0,0.0,0.0,0.0,0,0,1,-894.0,-894.0,-894.0,0,0,0,12.958,13.26,11.287,0
DI,2003-09,2003,9,2,317.9169481050784,0.0062909511805547,-1.0,-1.8369701987210294e-16,80,14.73,8.04,21.373,13.333,0.0,0,0,-894.0,441.9,30,4.1,6.5,19.726,19.213,16.673,0.0,0.0,0.0,0,0,0,-894.0,-894.0,-894.0,0,0,0,13.09,12.958,13.26,0
DI,2003-10,2003,10,2,317.9169481050784,0.0062909511805547,-0.8660254037844386,0.5000000000000001,81,7.294,1.548,13.006,11.458,-0.1,1,14,-0.1,226.2,30,8.2,8.9,14.73,19.726,19.213,0.0,0.0,0.0,0,0,0,-894.0,-894.0,-894.0,0,0,0,13.333,13.09,12.958,0
DI,2003-11,2003,11,3,317.9169481050784,0.009436426770832,-0.5000000000000004,0.8660254037844384,82,3.52,-0.657,7.677,8.333,-9.6,7,17,-9.7,115.2,23,6.8,5.7,7.294,14.73,19.726,-0.1,0.0,0.0,14,0,0,-0.1,-894.0,-894.0,1,0,0,11.458,13.333,13.09,0
DI,2003-12,2003,12,2,317.9169481050784,0.0062909511805547,-2.4492935982947064e-16,1.0,83,-1.677,-5.187,1.829,7.016,-77.8,19,14,-87.5,25.8,12,5.2,8.6,3.52,7.294,14.73,-9.6,-0.1,0.0,17,14,0,-9.7,-0.1,-894.0,7,1,0,8.333,11.458,13.333,0
DI,2004-01,2004,1,4,317.9695528326505,0.0125798208173259,0.4999999999999999,0.8660254037844387,84,-10.361,-14.781,-5.906,8.874,-332.5,29,3,-420.0,11.3,2,11.8,10.1,-1.677,3.52,7.294,-77.8,-9.6,-0.1,14,17,14,-87.5,-9.7,-0.1,19,7,1,7.016,8.333,11.458,0
DI,2004-02,2004,2,1,317.9695528326505,0.0031449552043314,0.8660254037844386,0.5000000000000001,85,-6.11,-11.624,-0.548,11.076,-178.7,27,11,-598.7,1.5,2,10.0,8.8,-10.361,-1.677,3.52,-332.5,-77.8,-9.6,3,14,17,-420.0,-87.5,-9.7,29,19,7,8.874,7.016,8.333,0
DI,2004-03,2004,3,1,317.9695528326505,0.0031449552043314,1.0,6.123233995736766e-17,86,0.552,-3.545,4.645,8.19,-62.8,16,14,-661.5,79.9,15,9.3,7.1,-6.11,-10.361,-1.677,-178.7,-332.5,-77.8,11,3,14,-598.7,-420.0,-87.5,27,29,19,11.076,8.874,7.016,0
DI,2004-04,2004,4,0,317.9695528326505,0.0,0.8660254037844387,-0.4999999999999998,87,6.197,0.697,11.653,10.957,-5.4,3,13,-666.9,191.3,27,13.0,8.5,0.552,-6.11,-10.361,-62.8,-178.7,-332.5,14,11,3,-661.5,-598.7,-420.0,16,27,29,8.19,11.076,8.874,0
DI,2004-05,2004,5,3,317.9695528326505,0.0094348656129944,0.4999999999999999,-0.8660254037844387,88,11.887,5.842,17.884,12.042,0.0,0,2,-666.9,368.5,31,8.0,8.0,6.197,0.552,-6.11,-5.4,-62.8,-178.7,13,14,11,-666.9,-661.5,-598.7,3,16,27,10.957,8.19,11.076,0
DI,2004-06,2004,6,0,317.9695528326505,0.0,1.2246467991473532e-16,-1.0,89,15.46,8.827,22.04,13.213,0.0,0,0,-666.9,463.8,30,5.0,10.2,11.887,6.197,0.552,0.0,-5.4,-62.8,2,13,14,-666.9,-666.9,-661.5,0,3,16,12.042,10.957,8.19,0
DI,2004-07,2004,7,0,317.9695528326505,0.0,-0.4999999999999997,-0.8660254037844388,90,18.903,12.794,24.968,12.174,0.0,0,0,-666.9,586.0,31,4.4,7.1,15.46,11.887,6.197,0.0,0.0,-5.4,0,2,13,-666.9,-666.9,-666.9,0,0,3,13.213,12.042,10.957,0
DI,2004-08,2004,8,0,317.9695528326505,0.0,-0.8660254037844384,-0.5000000000000004,91,17.213,11.039,23.345,12.306,0.0,0,0,-666.9,533.6,31,5.7,5.5,18.903,15.46,11.887,0.0,0.0,0.0,0,0,2,-666.9,-666.9,-666.9,0,0,0,12.174,13.213,12.042,0
DI,2004-09,2004,9,1,317.9695528326505,0.0031449552043314,-1.0,-1.8369701987210294e-16,92,16.08,8.753,23.353,14.6,0.0,0,0,-666.9,482.4,30,3.5,6.1,17.213,18.903,15.46,0.0,0.0,0.0,0,0,0,-666.9,-666.9,-666.9,0,0,0,12.306,12.174,13.213,0
DI,2004-10,2004,10,1,317.9695528326505,0.0031449552043314,-0.8660254037844386,0.5000000000000001,93,8.726,3.274,14.132,10.858,0.0,0,6,0.0,270.5,31,7.1,6.5,16.08,17.213,18.903,0.0,0.0,0.0,0,0,0,-666.9,-666.9,-666.9,0,0,0,14.6,12.306,12.174,0
DI,2004-11,2004,11,2,317.9695528326505,0.0062899104086629,-0.5000000000000004,0.8660254037844384,94,3.57,-1.0,8.117,9.117,-7.3,6,17,-7.3,114.4,24,8.2,7.7,8.726,16.08,17.213,0.0,0.0,0.0,6,0,0,0.0,-666.9,-666.9,0,0,0,10.858,14.6,12.306,0
DI,2004-12,2004,12,1,317.9695528326505,0.0031449552043314,-2.4492935982947064e-16,1.0,95,-4.584,-9.042,-0.103,8.939,-161.1,24,16,-168.4,19.0,7,14.4,8.4,3.57,8.726,16.08,-7.3,0.0,0.0,17,6,0,-7.3,0.0,-666.9,6,0,0,9.117,10.858,14.6,0
DI,2005-01,2005,1,4,318.09175043145234,0.0125749881742437,0.4999999999999999,0.8660254037844387,96,-8.281,-13.403,-3.123,10.281,-270.5,26,7,-438.9,13.8,5,9.3,13.3,-4.584,3.57,8.726,-161.1,-7.3,0.0,16,17,6,-168.4,-7.3,0.0,24,6,0,8.939,9.117,10.858,0
DI,2005-02,2005,2,0,318.09175043145234,0.0,0.8660254037844386,0.5000000000000001,97,-6.411,-11.889,-0.882,11.007,-184.7,25,10,-623.6,5.2,3,10.8,8.2,-8.281,-4.584,3.57,-270.5,-161.1,-7.3,7,16,17,-438.9,-168.4,-7.3,26,24,6,10.281,8.939,9.117,0
DI,2005-03,2005,3,2,318.09175043145234,0.0062874940871218,1.0,6.123233995736766e-17,98,-3.952,-9.316,1.452,10.768,-146.5,26,17,-770.1,24.0,5,10.7,9.2,-6.411,-8.281,-4.584,-184.7,-270.5,-161.1,10,7,16,-623.6,-438.9,-168.4,25,26,24,11.007,10.281,8.939,0
DI,2005-04,2005,4,0,318.09175043145234,0.0,0.8660254037844387,-0.4999999999999998,99,6.18,-0.477,12.77,13.247,0.0,0,18,-770.1,185.4,30,3.7,5.3,-3.952,-6.411,-8.281,-146.5,-184.7,-270.5,17,10,7,-770.1,-623.6,-438.9,26,25,26,10.768,11.007,10.281,0
DI,2005-05,2005,5,1,318.09175043145234,0.0031437470435609,0.4999999999999999,-0.8660254037844387,100,10.1,3.155,16.99,13.835,0.0,0,5,-770.1,313.1,31,5.7,6.2,6.18,-3.952,-6.411,0.0,-146.5,-184.7,18,17,10,-770.1,-770.1,-623.6,0,26,25,13.247,10.768,11.007,0
DI,2005-06,2005,6,1,318.09175043145234,0.0031437470435609,1.2246467991473532e-16,-1.0,101,20.583,13.457,27.653,14.197,0.0,0,0,-770.1,617.5,30,6.6,5.1,10.1,6.18,-3.952,0.0,0.0,-146.5,5,18,17,-770.1,-770.1,-770.1,0,0,26,13.835,13.247,10.768,0
DI,2005-07,2005,7,1,318.09175043145234,0.0031437470435609,-0.4999999999999997,-0.8660254037844388,102,21.181,13.652,28.658,15.006,0.0,0,0,-770.1,656.6,31,5.0,4.7,20.583,10.1,6.18,0.0,0.0,0.0,0,5,18,-770.1,-770.1,-770.1,0,0,0,14.197,13.835,13.247,0
DI,2005-08,2005,8,2,318.09175043145234,0.0062874940871218,-0.8660254037844384,-0.5000000000000004,103,19.806,13.371,26.187,12.816,0.0,0,0,-770.1,614.0,31,3.2,6.3,21.181,20.583,10.1,0.0,0.0,0.0,0,0,5,-770.1,-770.1,-770.1,0,0,0,15.006,14.197,13.835,0
DI,2005-09,2005,9,2,318.09175043145234,0.0062874940871218,-1.0,-1.8369701987210294e-16,104,16.343,9.223,23.403,14.18,0.0,0,0,-770.1,490.3,30,8.2,6.0,19.806,21.181,20.583,0.0,0.0,0.0,0,0,0,-770.1,-770.1,-770.1,0,0,0,12.816,15.006,14.197,0
DI,2005-10,2005,10,4,318.09175043145234,0.0125749881742437,-0.8660254037844386,0.5000000000000001,105,9.7,4.623,14.716,10.094,0.0,0,6,0.0,300.7,31,4.5,8.9,16.343,19.806,21.181,0.0,0.0,0.0,0,0,0,-770.1,-770.1,-770.1,0,0,0,14.18,12.816,15.006,0
DI,2005-11,2005,11,0,318.09175043145234,0.0,-0.5000000000000004,0.8660254037844384,106,3.563,-1.387,8.497,9.883,-47.4,9,7,-47.4,154.3,21,14.5,11.0,9.7,16.343,19.806,0.0,0.0,0.0,6,0,0,0.0,-770.1,-770.1,0,0,0,10.094,14.18,12.816,0
DI,2005-12,2005,12,1,318.09175043145234,0.0031437470435609,-2.4492935982947064e-16,1.0,107,-5.277,-8.252,-2.287,5.965,-167.3,27,9,-214.7,3.7,4,7.5,9.3,3.563,9.7,16.343,-47.4,0.0,0.0,7,6,0,-47.4,0.0,-770.1,9,0,0,9.883,10.094,14.18,0
DI,2006-01,2006,1,1,318.6830507750592,0.0031379139793218,0.4999999999999999,0.8660254037844387,108,-1.052,-4.668,2.6,7.268,-68.4,20,20,-283.1,35.8,11,9.8,7.7,-5.277,3.563,9.7,-167.3,-47.4,0.0,9,7,6,-214.7,-47.4,0.0,27,9,0,5.965,9.883,10.094,0
DI,2006-02,2006,2,0,318.6830507750592,0.0,0.8660254037844386,0.5000000000000001,109,-5.257,-9.075,-1.414,7.661,-154.2,23,12,-437.3,7.0,5,5.4,10.8,-1.052,-5.277,3.563,-68.4,-167.3,-47.4,20,9,7,-283.1,-214.7,-47.4,20,27,9,7.268,5.965,9.883,0
DI,2006-03,2006,3,0,318.6830507750592,0.0,1.0,6.123233995736766e-17,110,-0.142,-5.142,4.858,10.0,-66.2,17,21,-503.5,61.8,14,8.1,8.2,-5.257,-1.052,-5.277,-154.2,-68.4,-167.3,12,20,9,-437.3,-283.1,-214.7,23,20,27,7.661,7.268,5.965,0
DI,2006-04,2006,4,1,318.6830507750592,0.0031379139793218,0.8660254037844387,-0.4999999999999998,111,7.25,0.637,13.82,13.183,-0.5,1,15,-504.0,218.0,28,6.5,9.0,-0.142,-5.257,-1.052,-66.2,-154.2,-68.4,21,12,20,-503.5,-437.3,-283.1,17,23,20,10.0,7.661,7.268,0
DI,2006-05,2006,5,1,318.6830507750592,0.0031379139793218,0.4999999999999999,-0.8660254037844387,112,12.835,6.242,19.371,13.129,0.0,0,4,-504.0,397.9,31,6.4,5.2,7.25,-0.142,-5.257,-0.5,-66.2,-154.2,15,21,12,-504.0,-503.5,-437.3,1,17,23,13.183,10.0,7.661,0
DI,2006-06,2006,6,2,318.6830507750592,0.0062758279586437,1.2246467991473532e-16,-1.0,113,17.603,10.91,24.257,13.347,0.0,0,0,-504.0,528.1,30,8.0,6.6,12.835,7.25,-0.142,0.0,-0.5,-66.2,4,15,21,-504.0,-504.0,-503.5,0,1,17,13.129,13.183,10.0,0
DI,2006-07,2006,7,1,318.6830507750592,0.0031379139793218,-0.4999999999999997,-0.8660254037844388,114,21.571,15.058,28.045,12.987,0.0,0,0,-504.0,668.7,31,6.2,5.6,17.603,12.835,7.25,0.0,0.0,-0.5,0,4,15,-504.0,-504.0,-504.0,0,0,1,13.347,13.129,13.183,0
DI,2006-08,2006,8,1,318.6830507750592,0.0031379139793218,-0.8660254037844384,-0.5000000000000004,115,18.581,12.048,25.065,13.016,0.0,0,0,-504.0,576.0,31,4.4,7.7,21.571,17.603,12.835,0.0,0.0,0.0,0,0,4,-504.0,-504.0,-504.0,0,0,0,12.987,13.347,13.129,0
DI,2006-09,2006,9,0,318.6830507750592,0.0,-1.0,-1.8369701987210294e-16,116,13.733,8.523,18.89,10.367,0.0,0,0,-504.0,412.0,30,9.5,7.2,18.581,21.571,17.603,0.0,0.0,0.0,0,0,0,-504.0,-504.0,-504.0,0,0,0,13.016,12.987,13.347,0
DI,2006-10,2006,10,2,318.6830507750592,0.0062758279586437,-0.8660254037844386,0.5000000000000001,117,7.19,1.968,12.361,10.394,0.0,0,10,0.0,222.9,31,5.7,8.9,13.733,18.581,21.571,0.0,0.0,0.0,0,0,0,-504.0,-504.0,-504.0,0,0,0,10.367,13.016,12.987,0
DI,2006-11,2006,11,0,318.6830507750592,0.0,-0.5000000000000004,0.8660254037844384,118,4.137,-0.033,8.253,8.287,-0.9,3,15,-0.9,125.0,27,6.0,5.3,7.19,13.733,18.581,0.0,0.0,0.0,10,0,0,0.0,-504.0,-504.0,0,0,0,10.394,10.367,13.016,0
DI,2006-12,2006,12,2,318.6830507750592,0.0062758279586437,-2.4492935982947064e-16,1.0,119,0.413,-2.955,3.768,6.723,-41.9,13,18,-42.8,54.7,18,6.7,8.3,4.137,7.19,13.733,-0.9,0.0,0.0,15,10,0,-0.9,0.0,-504.0,3,0,0,8.287,10.394,10.367,0
DI,2007-01,2007,1,4,318.6830507750592,0.0125516559172874,0.4999999999999999,0.8660254037844387,120,-4.526,-8.623,-0.41,8.213,-175.8,23,6,-218.6,35.5,8,8.3,9.5,0.413,4.137,7.19,-41.9,-0.9,0.0,18,15,10,-42.8,-0.9,0.0,13,3,0,6.723,8.287,10.394,0
DI,2007-02,2007,2,5,318.6830507750592,0.0156895698966093,0.8660254037844386,0.5000000000000001,121,-10.039,-14.346,-5.696,8.65,-281.1,28,5,-499.7,0.0,0,9.2,8.5,-4.526,0.413,4.137,-175.8,-41.9,-0.9,6,18,15,-218.6,-42.8,-0.9,23,13,3,8.213,6.723,8.287,0
DI,2007-03,2007,3,3,318.6830507750592,0.0094137419379656,1.0,6.123233995736766e-17,122,-0.774,-5.845,4.31,10.155,-93.3,18,17,-593.0,69.3,13,10.0,8.5,-10.039,-4.526,0.413,-281.1,-175.8,-41.9,5,6,18,-499.7,-218.6,-42.8,28,23,13,8.65,8.213,6.723,0
DI,2007-04,2007,4,1,318.6830507750592,0.0031379139793218,0.8660254037844387,-0.4999999999999998,123,4.567,-0.543,9.65,10.193,-23.4,8,10,-616.4,160.4,22,6.0,6.9,-0.774,-10.039,-4.526,-93.3,-281.1,-175.8,17,5,6,-593.0,-499.7,-218.6,18,28,23,10.155,8.65,8.213,0
DI,2007-05,2007,5,0,318.6830507750592,0.0,0.4999999999999999,-0.8660254037844387,124,12.994,5.29,20.642,15.352,0.0,0,4,-616.4,402.8,31,11.2,10.4,4.567,-0.774,-10.039,-23.4,-93.3,-281.1,10,17,5,-616.4,-593.0,-499.7,8,18,28,10.193,10.155,8.65,0
DI,2007-06,2007,6,3,318.6830507750592,0.0094137419379656,1.2246467991473532e-16,-1.0,125,18.523,10.493,26.513,16.02,0.0,0,0,-616.4,555.7,30,7.6,9.2,12.994,4.567,-0.774,0.0,-23.4,-93.3,4,10,17,-616.4,-616.4,-593.0,0,8,18,15.352,10.193,10.155,0
DI,2007-07,2007,7,1,318.6830507750592,0.0031379139793218,-0.4999999999999997,-0.8660254037844388,126,18.832,11.129,26.465,15.335,0.0,0,0,-616.4,583.8,31,4.3,8.1,18.523,12.994,4.567,0.0,0.0,-23.4,0,4,10,-616.4,-616.4,-616.4,0,0,8,16.02,15.352,10.193,0
DI,2007-08,2007,8,1,318.6830507750592,0.0031379139793218,-0.8660254037844384,-0.5000000000000004,127,19.465,12.161,26.713,14.552,0.0,0,0,-616.4,603.4,31,5.0,7.0,18.832,18.523,12.994,0.0,0.0,0.0,0,0,4,-616.4,-616.4,-616.4,0,0,0,15.335,16.02,15.352,0
DI,2007-09,2007,9,0,318.6830507750592,0.0,-1.0,-1.8369701987210294e-16,128,16.29,8.45,24.17,15.72,0.0,0,2,-616.4,488.7,30,7.2,10.2,19.465,18.832,18.523,0.0,0.0,0.0,0,0,0,-616.4,-616.4,-616.4,0,0,0,14.552,15.335,16.02,1
DI,2007-10,2007,10,0,318.6830507750592,0.0,-0.8660254037844386,0.5000000000000001,129,12.394,6.71,18.032,11.323,0.0,0,3,0.0,384.2,31,5.2,8.2,16.29,19.465,18.832,0.0,0.0,0.0,2,0,0,-616.4,-616.4,-616.4,0,0,0,15.72,14.552,15.335,0
DI,2007-11,2007,11,0,318.6830507750592,0.0,-0.5000000000000004,0.8660254037844384,130,0.94,-3.383,5.253,8.637,-29.9,11,20,-29.9,58.1,19,7.5,6.6,12.394,16.29,19.465,0.0,0.0,0.0,3,2,0,0.0,-616.4,-616.4,0,0,0,11.323,15.72,14.552,0
DI,2007-12,2007,12,0,318.6830507750592,0.0,-2.4492935982947064e-16,1.0,131,-4.148,-7.703,-0.561,7.142,-132.2,26,14,-162.1,3.6,5,5.7,6.4,0.94,12.394,16.29,-29.9,0.0,0.0,20,3,2,-29.9,0.0,-616.4,11,0,0,8.637,11.323,15.72,0
DI,2008-01,2008,1,2,318.6830507750592,0.0062758279586437,0.4999999999999999,0.8660254037844387,132,-3.832,-7.548,-0.084,7.465,-157.2,24,11,-319.3,38.4,7,8.3,9.5,-4.148,0.94,12.394,-132.2,-29.9,0.0,14,20,3,-162.1,-29.9,0.0,26,11,0,7.142,8.637,11.323,0
DI,2008-02,2008,2,2,318.6830507750592,0.0062758279586437,0.8660254037844386,0.5000000000000001,133,-7.095,-11.238,-2.591,8.647,-205.75,29,5,-525.05,0.0,0,7.6,9.4,-3.832,-4.148,0.94,-157.2,-132.2,-29.9,11,14,20,-319.3,-162.1,-29.9,24,26,11,7.465,7.142,8.637,3
DI,2008-03,2008,3,1,318.6830507750592,0.0031379139793218,1.0,6.123233995736766e-17,134,-4.132,-8.884,0.639,9.523,-140.0,26,14,-665.05,11.9,5,11.1,7.5,-7.095,-3.832,-4.148,-205.75,-157.2,-132.2,5,11,14,-525.05,-319.3,-162.1,29,24,26,8.647,7.465,7.142,0
DI,2008-04,2008,4,3,318.6830507750592,0.0094137419379656,0.8660254037844387,-0.4999999999999998,135,8.07,1.123,14.97,13.847,-1.2,1,11,-666.25,243.3,29,5.5,7.3,-4.132,-7.095,-3.832,-140.0,-205.75,-157.2,14,5,11,-665.05,-525.05,-319.3,26,29,24,9.523,8.647,7.465,0
DI,2008-05,2008,5,1,318.6830507750592,0.0031379139793218,0.4999999999999999,-0.8660254037844387,136,10.181,3.697,16.613,12.916,0.0,0,3,-666.25,315.6,31,6.3,10.7,8.07,-4.132,-7.095,-1.2,-140.0,-205.75,11,14,5,-666.25,-665.05,-525.05,1,26,29,13.847,9.523,8.647,0
DI,2008-06,2008,6,1,318.6830507750592,0.0031379139793218,1.2246467991473532e-16,-1.0,137,18.413,12.837,23.943,11.107,0.0,0,0,-666.25,552.4,30,6.5,5.4,10.181,8.07,-4.132,0.0,-1.2,-140.0,3,11,14,-666.25,-666.25,-665.05,0,1,26,12.916,13.847,9.523,0
DI,2008-07,2008,7,1,318.6830507750592,0.0031379139793218,-0.4999999999999997,-0.8660254037844388,138,20.2,13.874,26.494,12.619,0.0,0,0,-666.25,626.2,31,4.9,5.6,18.413,10.181,8.07,0.0,0.0,-1.2,0,3,11,-666.25,-666.25,-666.25,0,0,1,11.107,12.916,13.847,0
DI,2008-08,2008,8,1,318.6830507750592,0.0031379139793218,-0.8660254037844384,-0.5000000000000004,139,17.784,11.177,24.319,13.142,0.0,0,0,-666.25,551.3,31,4.4,7.6,20.2,18.413,10.181,0.0,0.0,0.0,0,0,3,-666.25,-666.25,-666.25,0,0,0,12.619,11.107,12.916,0
DI,2008-09,2008,9,0,318.6830507750592,0.0,-1.0,-1.8369701987210294e-16,140,15.293,8.817,21.71,12.893,0.0,0,0,-666.25,458.8,30,5.2,9.8,17.784,20.2,18.413,0.0,0.0,0.0,0,0,0,-666.25,-666.25,-666.25,0,0,0,13.142,12.619,11.107,0
DI,2008-10,2008,10,2,318.6830507750592,0.0062758279586437,-0.8660254037844386,0.5000000000000001,141,7.494,1.281,13.652,12.371,-0.9,1,10,-0.9,233.2,30,9.2,4.7,15.293,17.784,20.2,0.0,0.0,0.0,0,0,0,-666.25,-666.25,-666.25,0,0,0,12.893,13.142,12.619,0
DI,2008-11,2008,11,2,318.6830507750592,0.0062758279586437,-0.5000000000000004,0.8660254037844384,142,1.343,-2.76,5.443,8.203,-52.7,11,13,-53.6,93.0,19,9.2,5.9,7.494,15.293,17.784,-0.9,0.0,0.0,10,0,0,-0.9,-666.25,-666.25,1,0,0,12.371,12.893,13.142,0
DI,2008-12,2008,12,7,318.6830507750592,0.0219653978552531,-2.4492935982947064e-16,1.0,143,-4.387,-8.497,-0.255,8.242,-154.8,25,11,-208.4,18.8,6,10.3,6.9,1.343,7.494,15.293,-52.7,-0.9,0.0,13,10,0,-53.6,-0.9,-666.25,11,1,0,8.203,12.371,12.893,0
DI,2009-01,2009,1,5,318.6928126843889,0.0156890893079275,0.4999999999999999,0.8660254037844387,144,-10.768,-15.939,-5.558,10.381,-333.8,31,3,-542.2,0.0,0,10.0,10.3,-4.387,1.343,7.494,-154.8,-52.7,-0.9,11,13,10,-208.4,-53.6,-0.9,25,11,1,8.242,8.203,12.371,0
DI,2009-02,2009,2,3,318.6928126843889,0.0094134535847565,0.8660254037844386,0.5000000000000001,145,-5.2,-10.371,-0.007,10.364,-163.1,24,11,-705.3,17.5,4,10.2,10.0,-10.768,-4.387,1.343,-333.8,-154.8,-52.7,3,11,13,-542.2,-208.4,-53.6,31,25,11,10.381,8.242,8.203,0
DI,2009-03,2009,3,2,318.6928126843889,0.006275635723171,1.0,6.123233995736766e-17,146,-0.148,-6.084,5.784,11.868,-63.9,14,24,-769.2,59.3,17,8.0,9.2,-5.2,-10.768,-4.387,-163.1,-333.8,-154.8,11,3,11,-705.3,-542.2,-208.4,24,31,25,10.364,10.381,8.242,0
DI,2009-04,2009,4,0,318.6928126843889,0.0,0.8660254037844387,-0.4999999999999998,147,6.723,0.61,12.79,12.18,-4.3,2,14,-773.5,206.0,28,7.9,9.8,-0.148,-5.2,-10.768,-63.9,-163.1,-333.8,24,11,3,-769.2,-705.3,-542.2,14,24,31,11.868,10.364,10.381,0
DI,2009-05,2009,5,1,318.6928126843889,0.0031378178615855,0.4999999999999999,-0.8660254037844387,148,11.855,4.919,18.752,13.832,0.0,0,4,-773.5,367.5,31,6.3,8.1,6.723,-0.148,-5.2,-4.3,-63.9,-163.1,14,24,11,-773.5,-769.2,-705.3,2,14,24,12.18,11.868,10.364,0
DI,2009-06,2009,6,2,318.6928126843889,0.006275635723171,1.2246467991473532e-16,-1.0,149,16.35,10.1,22.547,12.447,0.0,0,0,-773.5,490.5,30,2.8,3.1,11.855,6.723,-0.148,0.0,-4.3,-63.9,4,14,24,-773.5,-773.5,-769.2,0,2,14,13.832,12.18,11.868,0
DI,2009-07,2009,7,2,318.6928126843889,0.006275635723171,-0.4999999999999997,-0.8660254037844388,150,17.255,11.352,23.097,11.745,0.0,0,0,-773.5,534.9,31,4.3,4.5,16.35,11.855,6.723,0.0,0.0,-4.3,0,4,14,-773.5,-773.5,-773.5,0,0,2,12.447,13.832,12.18,0
DI,2009-08,2009,8,0,318.6928126843889,0.0,-0.8660254037844384,-0.5000000000000004,151,18.739,12.513,24.9,12.387,0.0,0,0,-773.5,580.9,31,8.6,4.6,17.255,16.35,11.855,0.0,0.0,0.0,0,0,4,-773.5,-773.5,-773.5,0,0,0,11.745,12.447,13.832,0
DI,2009-09,2009,9,1,318.6928126843889,0.0031378178615855,-1.0,-1.8369701987210294e-16,152,14.915,8.243,21.618,13.375,0.0,0,0,-773.5,447.45,30,4.7,5.1,18.739,17.255,16.35,0.0,0.0,0.0,0,0,0,-773.5,-773.5,-773.5,0,0,0,12.387,11.745,12.447,1
DI,2009-10,2009,10,1,318.6928126843889,0.0031378178615855,-0.8660254037844386,0.5000000000000001,153,7.384,2.413,12.313,9.9,0.0,0,9,0.0,228.9,31,7.4,6.2,14.915,18.739,17.255,0.0,0.0,0.0,0,0,0,-773.5,-773.5,-773.5,0,0,0,13.375,12.387,11.745,0
DI,2009-11,2009,11,1,318.6928126843889,0.0031378178615855,-0.5000000000000004,0.8660254037844384,154,4.783,-0.213,9.743,9.957,0.0,0,13,0.0,143.5,30,8.3,5.3,7.384,14.915,18.739,0.0,0.0,0.0,9,0,0,0.0,-773.5,-773.5,0,0,0,9.9,13.375,12.387,0
DI,2009-12,2009,12,3,318.6928126843889,0.0094134535847565,-2.4492935982947064e-16,1.0,155,-3.597,-6.771,-0.403,6.368,-125.9,25,13,-125.9,14.4,6,6.0,8.1,4.783,7.384,14.915,0.0,0.0,0.0,13,9,0,0.0,0.0,-773.5,0,0,0,9.957,9.9,13.375,0
DI,2010-01,2010,1,1,318.90132388442987,0.0031357662232923,0.4999999999999999,0.8660254037844387,156,-6.256,-9.568,-2.929,6.639,-198.45,28,10,-324.35,4.5,3,4.8,7.5,-3.597,4.783,7.384,-125.9,0.0,0.0,13,13,9,-125.9,0.0,0.0,25,0,0,6.368,9.957,9.9,1
DI,2010-02,2010,2,4,318.90132388442987,0.0125430648931692,0.8660254037844386,0.5000000000000001,157,-5.025,-8.346,-1.646,6.7,-140.7,28,7,-465.05,0.0,0,3.3,4.3,-6.256,-3.597,4.783,-198.45,-125.9,0.0,10,13,13,-324.35,-125.9,0.0,28,25,0,6.639,6.368,9.957,0
DI,2010-03,2010,3,1,318.90132388442987,0.0031357662232923,1.0,6.123233995736766e-17,158,2.81,-2.942,8.539,11.481,-18.2,8,26,-483.25,105.3,23,4.4,8.0,-5.025,-6.256,-3.597,-140.7,-198.45,-125.9,7,10,13,-465.05,-324.35,-125.9,28,28,25,6.7,6.639,6.368,0
DI,2010-04,2010,4,0,318.90132388442987,0.0,0.8660254037844387,-0.4999999999999998,159,9.135,1.967,16.23,14.263,0.0,0,9,-483.25,274.05,30,9.9,7.3,2.81,-5.025,-6.256,-18.2,-140.7,-198.45,26,7,10,-483.25,-465.05,-324.35,8,28,28,11.481,6.7,6.639,1
DI,2010-05,2010,5,3,318.90132388442987,0.0094072986698769,0.4999999999999999,-0.8660254037844387,160,14.01,7.365,20.597,13.232,0.0,0,3,-483.25,434.3,31,8.0,8.7,9.135,2.81,-5.025,0.0,-18.2,-140.7,9,26,7,-483.25,-483.25,-465.05,0,8,28,14.263,11.481,6.7,0
DI,2010-06,2010,6,1,318.90132388442987,0.0031357662232923,1.2246467991473532e-16,-1.0,161,17.767,12.527,23.055,10.528,0.0,0,0,-483.25,533.0,30,4.6,7.7,14.01,9.135,2.81,0.0,0.0,-18.2,3,9,26,-483.25,-483.25,-483.25,0,0,8,13.232,14.263,11.481,2
DI,2010-07,2010,7,0,318.90132388442987,0.0,-0.4999999999999997,-0.8660254037844388,162,21.206,14.718,27.708,12.99,0.0,0,0,-483.25,657.4,31,4.9,5.4,17.767,14.01,9.135,0.0,0.0,0.0,0,3,9,-483.25,-483.25,-483.25,0,0,0,10.528,13.232,14.263,2
DI,2010-08,2010,8,1,318.90132388442987,0.0031357662232923,-0.8660254037844384,-0.5000000000000004,163,20.326,13.718,26.868,13.15,0.0,0,0,-483.25,630.1,31,5.6,6.1,21.206,17.767,14.01,0.0,0.0,0.0,0,0,3,-483.25,-483.25,-483.25,0,0,0,12.99,10.528,13.232,2
DI,2010-09,2010,9,0,318.90132388442987,0.0,-1.0,-1.8369701987210294e-16,164,14.617,9.28,20.037,10.757,0.0,0,0,-483.25,438.5,30,8.5,11.1,20.326,21.206,17.767,0.0,0.0,0.0,0,0,0,-483.25,-483.25,-483.25,0,0,0,13.15,12.99,10.528,1
DI,2010-10,2010,10,4,318.90132388442987,0.0125430648931692,-0.8660254037844386,0.5000000000000001,165,8.805,3.216,14.395,11.179,0.0,0,5,0.0,272.95,31,6.7,5.7,14.617,20.326,21.206,0.0,0.0,0.0,0,0,0,-483.25,-483.25,-483.25,0,0,0,10.757,13.15,12.99,1
DI,2010-11,2010,11,0,318.90132388442987,0.0,-0.5000000000000004,0.8660254037844384,166,2.407,-3.152,7.887,11.038,-6.3,5,26,-6.3,78.5,25,8.4,5.45,8.805,14.617,20.326,0.0,0.0,0.0,5,0,0,0.0,-483.25,-483.25,0,0,0,11.179,10.757,13.15,8
DI,2010-12,2010,12,1,318.90132388442987,0.0031357662232923,-2.4492935982947064e-16,1.0,167,-5.206,-7.91,-2.474,5.435,-169.2,28,6,-175.5,7.8,3,8.2,6.8,2.407,8.805,14.617,-6.3,0.0,0.0,26,5,0,-6.3,0.0,-483.25,5,0,0,11.038,11.179,10.757,0
DI,2011-01,2011,1,4,318.90132388442987,0.0125430648931692,0.4999999999999999,0.8660254037844387,168,-8.703,-12.592,-4.761,7.831,-273.3,30,3,-448.8,3.5,1,11.6,8.4,-5.206,2.407,8.805,-169.2,-6.3,0.0,6,26,5,-175.5,-6.3,0.0,28,5,0,5.435,11.038,11.179,2
DI,2011-02,2011,2,4,318.90132388442987,0.0125430648931692,0.8660254037844386,0.5000000000000001,169,-6.343,-10.704,-1.943,8.761,-187.0,25,9,-635.8,9.4,3,8.0,13.9,-8.703,-5.206,2.407,-273.3,-169.2,-6.3,3,6,26,-448.8,-175.5,-6.3,30,28,5,7.831,5.435,11.038,2
DI,2011-03,2011,3,0,318.90132388442987,0.0,1.0,6.123233995736766e-17,170,-2.085,-6.598,2.444,9.042,-94.7,20,17,-730.5,30.05,11,6.5,8.1,-6.343,-8.703,-5.206,-187.0,-273.3,-169.2,9,3,6,-635.8,-448.8,-175.5,25,30,28,8.761,7.831,5.435,1
DI,2011-04,2011,4,2,318.90132388442987,0.0062715324465846,0.8660254037844387,-0.4999999999999998,171,6.008,0.43,11.542,11.112,0.0,0,15,-730.5,180.25,30,8.3,7.2,-2.085,-6.343,-8.703,-94.7,-187.0,-273.3,17,9,3,-730.5,-635.8,-448.8,20,25,30,9.042,8.761,7.831,5
DI,2011-05,2011,5,0,318.90132388442987,0.0,0.4999999999999999,-0.8660254037844387,172,13.516,8.6,18.253,9.653,0.0,0,0,-730.5,419.0,31,4.0,6.8,6.008,-2.085,-6.343,0.0,-94.7,-187.0,15,17,9,-730.5,-730.5,-635.8,0,20,25,11.112,9.042,8.761,1
DI,2011-06,2011,6,2,318.90132388442987,0.0062715324465846,1.2246467991473532e-16,-1.0,173,17.103,10.757,23.42,12.663,0.0,0,0,-730.5,513.1,30,3.8,6.5,13.516,6.008,-2.085,0.0,0.0,-94.7,0,15,17,-730.5,-730.5,-730.5,0,0,20,9.653,11.112,9.042,0
DI,2011-07,2011,7,0,318.90132388442987,0.0,-0.4999999999999997,-0.8660254037844388,174,22.194,14.755,29.577,14.823,0.0,0,0,-730.5,688.0,31,4.5,4.9,17.103,13.516,6.008,0.0,0.0,0.0,0,0,15,-730.5,-730.5,-730.5,0,0,0,12.663,9.653,11.112,1
DI,2011-08,2011,8,0,318.90132388442987,0.0,-0.8660254037844384,-0.5000000000000004,175,19.829,12.916,26.687,13.771,0.0,0,0,-730.5,614.7,31,4.2,3.4,22.194,17.103,13.516,0.0,0.0,0.0,0,0,0,-730.5,-730.5,-730.5,0,0,0,14.823,12.663,9.653,3
DI,2011-09,2011,9,1,318.90132388442987,0.0031357662232923,-1.0,-1.8369701987210294e-16,176,15.42,9.585,21.192,11.607,0.0,0,0,-730.5,462.6,30,2.8,6.6,19.829,22.194,17.103,0.0,0.0,0.0,0,0,0,-730.5,-730.5,-730.5,0,0,0,13.771,14.823,12.663,2
DI,2011-10,2011,10,0,318.90132388442987,0.0,-0.8660254037844386,0.5000000000000001,177,8.971,3.616,14.284,10.668,0.0,0,7,0.0,278.1,31,5.3,4.5,15.42,19.829,22.194,0.0,0.0,0.0,0,0,0,-730.5,-730.5,-730.5,0,0,0,11.607,13.771,14.823,0
DI,2011-11,2011,11,1,318.90132388442987,0.0031357662232923,-0.5000000000000004,0.8660254037844384,178,5.253,0.283,10.183,9.9,-3.4,3,15,-3.4,161.0,27,7.7,6.9,8.971,15.42,19.829,0.0,0.0,0.0,7,0,0,0.0,-730.5,-730.5,0,0,0,10.668,11.607,13.771,0
DI,2011-12,2011,12,9,318.90132388442987,0.0282218960096308,-2.4492935982947064e-16,1.0,179,-0.542,-4.1,3.013,7.113,-51.1,17,19,-54.5,34.3,13,6.7,6.8,5.253,8.971,15.42,-3.4,0.0,0.0,15,7,0,-3.4,0.0,-730.5,3,0,0,9.9,10.668,11.607,0
DI,2012-01,2012,1,4,318.90132388442987,0.0125430648931692,0.4999999999999999,0.8660254037844387,180,-3.203,-6.89,0.519,7.41,-117.0,23,15,-171.5,17.7,8,11.0,8.8,-0.542,5.253,8.971,-51.1,-3.4,0.0,19,15,7,-54.5,-3.4,0.0,17,3,0,7.113,9.9,10.668,0
DI,2012-02,2012,2,0,318.90132388442987,0.0,0.8660254037844386,0.5000000000000001,181,-1.759,-5.234,1.752,6.986,-61.9,23,21,-233.4,10.9,6,5.4,6.0,-3.203,-0.542,5.253,-117.0,-51.1,-3.4,15,19,15,-171.5,-54.5,-3.4,23,17,3,7.41,7.113,9.9,0
DI,2012-03,2012,3,0,318.90132388442987,0.0,1.0,6.123233995736766e-17,182,6.061,-0.542,12.648,13.19,-29.4,9,15,-262.8,217.3,22,14.0,10.7,-1.759,-3.203,-0.542,-61.9,-117.0,-51.1,21,15,19,-233.4,-171.5,-54.5,23,23,17,6.986,7.41,7.113,0
DI,2012-04,2012,4,0,318.90132388442987,0.0,0.8660254037844387,-0.4999999999999998,183,5.823,-0.797,12.383,13.18,0.0,0,19,-262.8,174.7,30,8.5,12.4,6.061,-1.759,-3.203,-29.4,-61.9,-117.0,15,21,15,-262.8,-233.4,-171.5,9,23,23,13.19,6.986,7.41,0
DI,2012-05,2012,5,0,318.90132388442987,0.0,0.4999999999999999,-0.8660254037844387,184,15.197,7.481,22.821,15.34,0.0,0,0,-262.8,471.1,31,6.2,6.6,5.823,6.061,-1.759,0.0,-29.4,-61.9,19,15,21,-262.8,-262.8,-233.4,0,9,23,13.18,13.19,6.986,1
DI,2012-06,2012,6,1,318.90132388442987,0.0031357662232923,1.2246467991473532e-16,-1.0,185,18.637,12.037,25.167,13.13,0.0,0,0,-262.8,559.1,30,4.0,6.8,15.197,5.823,6.061,0.0,0.0,-29.4,0,19,15,-262.8,-262.8,-262.8,0,0,9,15.34,13.18,13.19,0
DI,2012-07,2012,7,0,318.90132388442987,0.0,-0.4999999999999997,-0.8660254037844388,186,22.061,13.982,30.085,16.103,0.0,0,0,-262.8,683.9,31,6.1,6.1,18.637,15.197,5.823,0.0,0.0,0.0,0,0,19,-262.8,-262.8,-262.8,0,0,0,13.13,15.34,13.18,2
DI,2012-08,2012,8,1,318.90132388442987,0.0031357662232923,-0.8660254037844384,-0.5000000000000004,187,19.218,11.835,26.556,14.721,0.0,0,0,-262.8,595.75,31,5.9,4.8,22.061,18.637,15.197,0.0,0.0,0.0,0,0,0,-262.8,-262.8,-262.8,0,0,0,16.103,13.13,15.34,1
DI,2012-09,2012,9,0,318.90132388442987,0.0,-1.0,-1.8369701987210294e-16,188,14.367,7.597,21.09,13.493,0.0,0,0,-262.8,431.0,30,7.9,6.3,19.218,22.061,18.637,0.0,0.0,0.0,0,0,0,-262.8,-262.8,-262.8,0,0,0,14.721,16.103,13.13,0
DI,2012-10,2012,10,1,318.90132388442987,0.0031357662232923,-0.8660254037844386,0.5000000000000001,189,8.994,4.135,13.787,9.652,0.0,0,4,0.0,278.8,31,12.8,6.4,14.367,19.218,22.061,0.0,0.0,0.0,0,0,0,-262.8,-262.8,-262.8,0,0,0,13.493,14.721,16.103,0
DI,2012-11,2012,11,3,318.90132388442987,0.0094072986698769,-0.5000000000000004,0.8660254037844384,190,1.88,-2.493,6.24,8.733,-13.6,10,23,-13.6,70.0,20,5.8,8.3,8.994,14.367,19.218,0.0,0.0,0.0,4,0,0,0.0,-262.8,-262.8,0,0,0,9.652,13.493,14.721,0
DI,2012-12,2012,12,0,318.90132388442987,0.0,-2.4492935982947064e-16,1.0,191,-0.242,-3.71,3.235,6.945,-49.6,20,17,-63.2,42.1,11,7.8,10.9,1.88,8.994,14.367,-13.6,0.0,0.0,23,4,0,-13.6,0.0,-262.8,10,0,0,8.733,9.652,13.493,0
DI,2013-01,2013,1,4,318.9268604504606,0.0125420605663326,0.4999999999999999,0.8660254037844387,192,-3.977,-8.268,0.339,8.606,-156.2,25,12,-219.4,32.9,6,10.2,10.8,-0.242,1.88,8.994,-49.6,-13.6,0.0,17,23,4,-63.2,-13.6,0.0,20,10,0,6.945,8.733,9.652,0
DI,2013-02,2013,2,3,318.9268604504606,0.0094065454247494,0.8660254037844386,0.5000000000000001,193,-6.925,-11.364,-2.436,8.929,-196.5,26,11,-415.9,2.6,2,12.8,5.9,-3.977,-0.242,1.88,-156.2,-49.6,-13.6,12,17,23,-219.4,-63.2,-13.6,25,20,10,8.606,6.945,8.733,0
DI,2013-03,2013,3,1,318.9268604504606,0.0031355151415831,1.0,6.123233995736766e-17,194,-1.742,-5.397,1.929,7.326,-85.0,19,16,-500.9,31.0,11,7.5,5.0,-6.925,-3.977,-0.242,-196.5,-156.2,-49.6,11,12,17,-415.9,-219.4,-63.2,26,25,20,8.929,8.606,6.945,0
DI,2013-04,2013,4,0,318.9268604504606,0.0,0.8660254037844387,-0.4999999999999998,195,5.172,-0.5,10.8,11.3,-10.0,6,15,-510.9,165.15,24,9.1,10.8,-1.742,-6.925,-3.977,-85.0,-196.5,-156.2,16,11,12,-500.9,-415.9,-219.4,19,26,25,7.326,8.929,8.606,1
DI,2013-05,2013,5,1,318.9268604504606,0.0031355151415831,0.4999999999999999,-0.8660254037844387,196,13.726,6.719,20.671,13.952,0.0,0,1,-510.9,425.5,31,9.2,8.5,5.172,-1.742,-6.925,-10.0,-85.0,-196.5,15,16,11,-510.9,-500.9,-415.9,6,19,26,11.3,7.326,8.929,0
DI,2013-06,2013,6,0,318.9268604504606,0.0,1.2246467991473532e-16,-1.0,197,17.588,12.01,22.89,10.88,0.0,0,0,-510.9,527.65,30,3.7,7.1,13.726,5.172,-1.742,0.0,-10.0,-85.0,1,15,16,-510.9,-510.9,-500.9,0,6,19,13.952,11.3,7.326,3
DI,2013-07,2013,7,1,318.9268604504606,0.0031355151415831,-0.4999999999999997,-0.8660254037844388,198,20.329,14.548,26.055,11.506,0.0,0,0,-510.9,630.2,31,3.5,5.3,17.588,13.726,5.172,0.0,0.0,-10.0,0,1,15,-510.9,-510.9,-510.9,0,0,6,10.88,13.952,11.3,1
DI,2013-08,2013,8,0,318.9268604504606,0.0,-0.8660254037844384,-0.5000000000000004,199,18.303,11.448,25.119,13.671,0.0,0,0,-510.9,567.4,31,4.4,4.1,20.329,17.588,13.726,0.0,0.0,0.0,0,0,1,-510.9,-510.9,-510.9,0,0,0,11.506,10.88,13.952,0
DI,2013-09,2013,9,1,318.9268604504606,0.0031355151415831,-1.0,-1.8369701987210294e-16,200,14.342,7.408,21.232,13.823,0.0,0,1,-510.9,430.25,30,13.1,8.4,18.303,20.329,17.588,0.0,0.0,0.0,0,0,0,-510.9,-510.9,-510.9,0,0,0,13.671,11.506,10.88,1
DI,2013-10,2013,10,0,318.9268604504606,0.0,-0.8660254037844386,0.5000000000000001,201,9.634,4.031,15.202,11.171,0.0,0,4,0.0,298.65,31,5.4,5.4,14.342,18.303,20.329,0.0,0.0,0.0,1,0,0,-510.9,-510.9,-510.9,0,0,0,13.823,13.671,11.506,1
DI,2013-11,2013,11,2,318.9268604504606,0.0062710302831663,-0.5000000000000004,0.8660254037844384,202,0.743,-3.507,4.987,8.493,-56.5,14,15,-56.5,78.8,16,7.1,8.4,9.634,14.342,18.303,0.0,0.0,0.0,4,1,0,0.0,-510.9,-510.9,0,0,0,11.171,13.823,13.671,0
DI,2013-12,2013,12,8,318.9268604504606,0.0250841211326653,-2.4492935982947064e-16,1.0,203,-5.461,-8.768,-2.123,6.645,-180.8,24,10,-237.3,11.5,6,8.2,8.7,0.743,9.634,14.342,-56.5,0.0,0.0,15,4,1,-56.5,0.0,-510.9,14,0,0,8.493,11.171,13.823,0
DI,2014-01,2014,1,6,318.9296998902539,0.0188129233560394,0.4999999999999999,0.8660254037844387,204,-9.713,-14.171,-5.406,8.765,-306.7,27,4,-544.0,5.6,4,11.1,10.1,-5.461,0.743,9.634,-180.8,-56.5,0.0,10,15,4,-237.3,-56.5,0.0,24,14,0,6.645,8.493,11.171,1
DI,2014-02,2014,2,8,318.9296998902539,0.0250838978080525,0.8660254037844386,0.5000000000000001,205,-11.675,-17.343,-5.968,11.375,-327.2,27,5,-871.2,0.3,1,7.5,8.7,-9.713,-5.461,0.743,-306.7,-180.8,-56.5,4,10,15,-544.0,-237.3,-56.5,27,24,14,8.765,6.645,8.493,2
DI,2014-03,2014,3,2,318.9296998902539,0.0062709744520131,1.0,6.123233995736766e-17,206,-6.419,-11.832,-1.0,10.832,-215.1,23,16,-1086.3,16.1,8,13.2,12.1,-11.675,-9.713,-5.461,-327.2,-306.7,-180.8,5,4,10,-871.2,-544.0,-237.3,27,27,24,11.375,8.765,6.645,0
DI,2014-04,2014,4,3,318.9296998902539,0.0094064616780197,0.8660254037844387,-0.4999999999999998,207,4.745,-1.355,10.808,12.163,-8.0,4,20,-1094.3,150.35,26,6.7,13.6,-6.419,-11.675,-9.713,-215.1,-327.2,-306.7,16,5,4,-1086.3,-871.2,-544.0,23,27,27,10.832,11.375,8.765,2
DI,2014-05,2014,5,2,318.9296998902539,0.0062709744520131,0.4999999999999999,-0.8660254037844387,208,12.481,6.621,18.769,12.148,0.0,0,0,-1094.3,386.9,31,4.9,7.2,4.745,-6.419,-11.675,-8.0,-215.1,-327.2,20,16,5,-1094.3,-1086.3,-871.2,4,23,27,12.163,10.832,11.375,6
DI,2014-06,2014,6,4,318.9296998902539,0.0125419489040262,1.2246467991473532e-16,-1.0,209,18.233,10.857,25.54,14.683,0.0,0,0,-1094.3,547.0,30,5.6,6.9,12.481,4.745,-6.419,0.0,-8.0,-215.1,0,20,16,-1094.3,-1094.3,-1086.3,0,4,23,12.148,12.163,10.832,0
DI,2014-07,2014,7,1,318.9296998902539,0.0031354872260065,-0.4999999999999997,-0.8660254037844388,210,17.885,11.453,24.339,12.885,0.0,0,0,-1094.3,554.45,31,4.7,6.2,18.233,12.481,4.745,0.0,0.0,-8.0,0,0,20,-1094.3,-1094.3,-1094.3,0,0,4,14.683,12.148,12.163,3
DI,2014-08,2014,8,2,318.9296998902539,0.0062709744520131,-0.8660254037844384,-0.5000000000000004,211,17.819,11.263,24.324,13.061,0.0,0,0,-1094.3,552.4,31,5.7,6.7,17.885,18.233,12.481,0.0,0.0,0.0,0,0,0,-1094.3,-1094.3,-1094.3,0,0,0,12.885,14.683,12.148,4
DI,2014-09,2014,9,2,318.9296998902539,0.0062709744520131,-1.0,-1.8369701987210294e-16,212,14.508,7.955,21.037,13.082,0.0,0,0,-1094.3,435.25,30,5.7,9.3,17.819,17.885,18.233,0.0,0.0,0.0,0,0,0,-1094.3,-1094.3,-1094.3,0,0,0,13.061,12.885,14.683,1
DI,2014-10,2014,10,0,318.9296998902539,0.0,-0.8660254037844386,0.5000000000000001,213,9.382,4.384,14.171,9.787,0.0,0,7,0.0,290.85,31,8.3,10.0,14.508,17.819,17.885,0.0,0.0,0.0,0,0,0,-1094.3,-1094.3,-1094.3,0,0,0,13.082,13.061,12.885,2
DI,2014-11,2014,11,3,318.9296998902539,0.0094064616780197,-0.5000000000000004,0.8660254037844384,214,0.12,-3.705,3.942,7.647,-60.6,14,15,-60.6,64.2,16,8.0,6.0,9.382,14.508,17.819,0.0,0.0,0.0,7,0,0,0.0,-1094.3,-1094.3,0,0,0,9.787,13.082,13.061,1
DI,2014-12,2014,12,1,318.9296998902539,0.0031354872260065,-2.4492935982947064e-16,1.0,215,-1.277,-4.216,1.658,5.874,-68.0,18,13,-128.6,28.4,13,4.8,4.9,0.12,9.382,14.508,-60.6,0.0,0.0,15,7,0,-60.6,0.0,-1094.3,14,0,0,7.647,9.787,13.082,0
DI,2015-01,2015,1,6,319.03394473671705,0.0188067762035525,0.4999999999999999,0.8660254037844387,216,-9.597,-14.674,-4.455,10.219,-297.5,31,2,-426.1,0.0,0,7.8,9.5,-1.277,0.12,9.382,-68.0,-60.6,0.0,13,15,7,-128.6,-60.6,0.0,18,14,0,5.874,7.647,9.787,2
DI,2015-02,2015,2,5,319.03394473671705,0.0156723135029604,0.8660254037844386,0.5000000000000001,217,-14.768,-20.239,-9.261,10.979,-413.5,28,0,-839.6,0.0,0,8.1,8.8,-9.597,-1.277,0.12,-297.5,-68.0,-60.6,2,13,15,-426.1,-128.6,-60.6,31,18,14,10.219,5.874,7.647,0
DI,2015-03,2015,3,10,319.03394473671705,0.0313446270059209,1.0,6.123233995736766e-17,218,-2.644,-7.445,2.134,9.579,-108.25,17,18,-947.85,26.3,14,10.9,10.1,-14.768,-9.597,-1.277,-413.5,-297.5,-68.0,0,2,13,-839.6,-426.1,-128.6,28,31,18,10.979,10.219,5.874,6
DI,2015-04,2015,4,4,319.03394473671705,0.0125378508023683,0.8660254037844387,-0.4999999999999998,219,6.033,-0.27,12.317,12.587,-5.0,3,15,-952.85,186.0,27,7.5,5.1,-2.644,-14.768,-9.597,-108.25,-413.5,-297.5,18,0,2,-947.85,-839.6,-426.1,17,28,31,9.579,10.979,10.219,0
DI,2015-05,2015,5,0,319.03394473671705,0.0,0.4999999999999999,-0.8660254037844387,220,15.213,7.542,22.829,15.287,0.0,0,3,-952.85,471.6,31,8.0,11.1,6.033,-2.644,-14.768,-5.0,-108.25,-413.5,15,18,0,-952.85,-947.85,-839.6,3,17,28,12.587,9.579,10.979,0
DI,2015-06,2015,6,1,319.03394473671705,0.003134462700592,1.2246467991473532e-16,-1.0,221,16.695,10.353,22.885,12.532,0.0,0,0,-952.85,500.85,30,5.3,5.8,15.213,6.033,-2.644,0.0,-5.0,-108.25,3,15,18,-952.85,-952.85,-947.85,0,3,17,15.287,12.587,9.579,1
DI,2015-07,2015,7,1,319.03394473671705,0.003134462700592,-0.4999999999999997,-0.8660254037844388,222,19.19,11.956,26.373,14.416,0.0,0,0,-952.85,594.9,31,6.3,4.0,16.695,15.213,6.033,0.0,0.0,-5.0,0,3,15,-952.85,-952.85,-952.85,0,0,3,12.532,15.287,12.587,1
DI,2015-08,2015,8,1,319.03394473671705,0.003134462700592,-0.8660254037844384,-0.5000000000000004,223,18.594,12.342,24.8,12.458,0.0,0,0,-952.85,576.4,31,5.9,4.3,19.19,16.695,15.213,0.0,0.0,0.0,0,0,3,-952.85,-952.85,-952.85,0,0,0,14.416,12.532,15.287,0
DI,2015-09,2015,9,1,319.03394473671705,0.003134462700592,-1.0,-1.8369701987210294e-16,224,17.57,10.623,24.463,13.84,0.0,0,0,-952.85,527.1,30,5.3,7.7,18.594,19.19,16.695,0.0,0.0,0.0,0,0,0,-952.85,-952.85,-952.85,0,0,0,12.458,14.416,12.532,0
DI,2015-10,2015,10,3,319.03394473671705,0.0094033881017762,-0.8660254037844386,0.5000000000000001,225,8.642,3.103,14.132,11.029,0.0,0,10,0.0,267.9,31,8.5,5.8,17.57,18.594,19.19,0.0,0.0,0.0,0,0,0,-952.85,-952.85,-952.85,0,0,0,13.84,12.458,14.416,0
DI,2015-11,2015,11,4,319.03394473671705,0.0125378508023683,-0.5000000000000004,0.8660254037844384,226,4.963,-0.653,10.56,11.213,-17.1,5,14,-17.1,166.0,25,8.4,9.4,8.642,17.57,18.594,0.0,0.0,0.0,10,0,0,0.0,-952.85,-952.85,0,0,0,11.029,13.84,12.458,0
DI,2015-12,2015,12,0,319.03394473671705,0.0,-2.4492935982947064e-16,1.0,227,2.819,-0.731,6.34,7.071,-11.8,6,16,-28.9,99.2,25,7.6,6.5,4.963,8.642,17.57,-17.1,0.0,0.0,14,10,0,-17.1,0.0,-952.85,5,0,0,11.213,11.029,13.84,1
DI,2016-01,2016,1,0,319.4683496068315,0.0,0.4999999999999999,0.8660254037844387,228,-5.155,-8.968,-1.316,7.652,-169.3,26,10,-198.2,9.5,4,6.8,8.8,2.819,4.963,8.642,-11.8,-17.1,0.0,16,14,10,-28.9,-17.1,0.0,6,5,0,7.071,11.213,11.029,0
DI,2016-02,2016,2,2,319.4683496068315,0.0062604010771689,0.8660254037844386,0.5000000000000001,229,-3.634,-8.317,1.079,9.397,-132.5,21,17,-330.7,27.1,8,13.5,9.2,-5.155,2.819,4.963,-169.3,-11.8,-17.1,10,16,14,-198.2,-28.9,-17.1,26,6,5,7.652,7.071,11.213,0
DI,2016-03,2016,3,0,319.4683496068315,0.0,1.0,6.123233995736766e-17,230,2.11,-2.765,6.977,9.742,-46.4,11,17,-377.1,111.8,20,10.9,6.0,-3.634,-5.155,2.819,-132.5,-169.3,-11.8,17,10,16,-330.7,-198.2,-28.9,21,26,6,9.397,7.652,7.071,0
DI,2016-04,2016,4,0,319.4683496068315,0.0,0.8660254037844387,-0.4999999999999998,231,3.607,-2.61,9.807,12.417,-32.5,8,17,-409.6,140.7,22,8.8,6.0,2.11,-3.634,-5.155,-46.4,-132.5,-169.3,17,17,10,-377.1,-330.7,-198.2,11,21,26,9.742,9.397,7.652,0
DI,2016-05,2016,5,0,319.4683496068315,0.0,0.4999999999999999,-0.8660254037844387,232,12.961,5.942,19.929,13.987,0.0,0,1,-409.6,401.8,31,5.8,8.9,3.607,2.11,-3.634,-32.5,-46.4,-132.5,17,17,17,-409.6,-377.1,-330.7,8,11,21,12.417,9.742,9.397,0
DI,2016-06,2016,6,3,319.4683496068315,0.0093906016157534,1.2246467991473532e-16,-1.0,233,17.437,9.423,25.39,15.967,0.0,0,0,-409.6,523.1,30,8.6,9.2,12.961,3.607,2.11,0.0,-32.5,-46.4,1,17,17,-409.6,-409.6,-377.1,0,8,11,13.987,12.417,9.742,0
DI,2016-07,2016,7,4,319.4683496068315,0.0125208021543379,-0.4999999999999997,-0.8660254037844388,234,21.19,13.787,28.59,14.803,0.0,0,0,-409.6,656.9,31,5.2,4.6,17.437,12.961,3.607,0.0,0.0,-32.5,0,1,17,-409.6,-409.6,-409.6,0,0,8,15.967,13.987,12.417,1
DI,2016-08,2016,8,1,319.4683496068315,0.0031302005385844,-0.8660254037844384,-0.5000000000000004,235,21.319,14.371,28.226,13.855,0.0,0,0,-409.6,660.9,31,4.5,6.1,21.19,17.437,12.961,0.0,0.0,0.0,0,0,1,-409.6,-409.6,-409.6,0,0,0,14.803,15.967,13.987,0
DI,2016-09,2016,9,0,319.4683496068315,0.0,-1.0,-1.8369701987210294e-16,236,16.6,9.603,23.557,13.953,0.0,0,0,-409.6,498.0,30,4.2,6.6,21.319,21.19,17.437,0.0,0.0,0.0,0,0,0,-409.6,-409.6,-409.6,0,0,0,13.855,14.803,15.967,0
DI,2016-10,2016,10,1,319.4683496068315,0.0031302005385844,-0.8660254037844386,0.5000000000000001,237,9.918,4.494,15.461,10.968,-0.6,1,11,-0.6,308.05,30,9.3,9.5,16.6,21.319,21.19,0.0,0.0,0.0,0,0,0,-409.6,-409.6,-409.6,0,0,0,13.953,13.855,14.803,1
DI,2016-11,2016,11,0,319.4683496068315,0.0,-0.5000000000000004,0.8660254037844384,238,5.06,-0.673,10.757,11.43,-8.8,4,17,-9.4,160.6,26,5.8,7.6,9.918,16.6,21.319,-0.6,0.0,0.0,11,0,0,-0.6,-409.6,-409.6,1,0,0,10.968,13.953,13.855,0
DI,2016-12,2016,12,1,319.4683496068315,0.0031302005385844,-2.4492935982947064e-16,1.0,239,-2.897,-5.597,-0.2,5.397,-104.3,22,11,-113.7,14.5,9,5.7,4.3,5.06,9.918,16.6,-8.8,-0.6,0.0,17,11,0,-9.4,-0.6,-409.6,4,1,0,11.43,10.968,13.953,0
DI,2017-01,2017,1,1,319.48824848967905,0.0031300055783814,0.4999999999999999,0.8660254037844387,240,-3.026,-6.158,0.123,6.281,-118.1,17,13,-231.8,24.3,14,8.6,8.9,-2.897,5.06,9.918,-104.3,-8.8,-0.6,11,17,11,-113.7,-9.4,-0.6,22,4,1,5.397,11.43,10.968,1
DI,2017-02,2017,2,2,319.48824848967905,0.0062600111567628,0.8660254037844386,0.5000000000000001,241,-1.211,-5.964,3.568,9.532,-83.6,17,17,-315.4,49.7,11,8.8,6.2,-3.026,-2.897,5.06,-118.1,-104.3,-8.8,13,11,17,-231.8,-113.7,-9.4,17,22,4,6.281,5.397,11.43,0
DI,2017-03,2017,3,0,319.48824848967905,0.0,1.0,6.123233995736766e-17,242,-1.277,-5.655,3.11,8.765,-102.9,16,14,-418.3,63.3,15,12.0,8.7,-1.211,-3.026,-2.897,-83.6,-118.1,-104.3,17,13,11,-315.4,-231.8,-113.7,17,17,22,9.532,6.281,5.397,0
DI,2017-04,2017,4,0,319.48824848967905,0.0,0.8660254037844387,-0.4999999999999998,243,8.613,2.803,14.373,11.57,0.0,0,8,-418.3,258.4,30,7.8,10.0,-1.277,-1.211,-3.026,-102.9,-83.6,-118.1,14,17,13,-418.3,-315.4,-231.8,16,17,17,8.765,9.532,6.281,0
DI,2017-05,2017,5,2,319.48824848967905,0.0062600111567628,0.4999999999999999,-0.8660254037844387,244,11.171,5.787,16.519,10.732,0.0,0,2,-418.3,346.3,31,6.1,10.2,8.613,-1.277,-1.211,0.0,-102.9,-83.6,8,14,17,-418.3,-418.3,-315.4,0,16,17,11.57,8.765,9.532,0
DI,2017-06,2017,6,2,319.48824848967905,0.0062600111567628,1.2246467991473532e-16,-1.0,245,17.927,11.483,24.31,12.827,0.0,0,0,-418.3,537.8,30,5.0,4.7,11.171,8.613,-1.277,0.0,0.0,-102.9,2,8,14,-418.3,-418.3,-418.3,0,0,16,10.732,11.57,8.765,0
DI,2017-07,2017,7,2,319.48824848967905,0.0062600111567628,-0.4999999999999997,-0.8660254037844388,246,19.784,13.671,25.845,12.174,0.0,0,0,-418.3,613.3,31,5.4,4.6,17.927,11.171,8.613,0.0,0.0,0.0,0,2,8,-418.3,-418.3,-418.3,0,0,0,12.827,10.732,11.57,0
DI,2017-08,2017,8,3,319.48824848967905,0.0093900167351442,-0.8660254037844384,-0.5000000000000004,247,17.81,11.316,24.252,12.935,0.0,0,0,-418.3,552.1,31,3.4,5.9,19.784,17.927,11.171,0.0,0.0,0.0,0,0,2,-418.3,-418.3,-418.3,0,0,0,12.174,12.827,10.732,0
DI,2017-09,2017,9,0,319.48824848967905,0.0,-1.0,-1.8369701987210294e-16,248,16.507,9.103,23.863,14.76,0.0,0,0,-418.3,495.2,30,4.8,8.3,17.81,19.784,17.927,0.0,0.0,0.0,0,0,0,-418.3,-418.3,-418.3,0,0,0,12.935,12.174,12.827,0
DI,2017-10,2017,10,2,319.48824848967905,0.0062600111567628,-0.8660254037844386,0.5000000000000001,249,10.305,5.505,15.085,9.58,0.0,0,1,0.0,206.1,20,3.1,5.291,16.507,17.81,19.784,0.0,0.0,0.0,0,0,0,-418.3,-418.3,-418.3,0,0,0,14.76,12.935,12.174,21
DI,2017-11,2017,11,2,319.48824848967905,0.0062600111567628,-0.5000000000000004,0.8660254037844384,250,2.0,-2.387,6.35,8.737,-19.2,5,22,-19.2,79.2,25,8.8,9.7,10.305,16.507,17.81,0.0,0.0,0.0,1,0,0,0.0,-418.3,-418.3,0,0,0,9.58,14.76,12.935,0
DI,2017-12,2017,12,1,319.48824848967905,0.0031300055783814,-2.4492935982947064e-16,1.0,251,-6.377,-10.416,-2.3,8.116,-212.6,25,10,-231.8,14.9,6,7.4,7.2,2.0,10.305,16.507,-19.2,0.0,0.0,22,1,0,-19.2,0.0,-418.3,5,0,0,8.737,9.58,14.76,0
DI,2018-01,2018,1,4,319.67554091011425,0.0125126870470353,0.4999999999999999,0.8660254037844387,252,-7.519,-12.342,-2.655,9.687,-246.5,27,10,-478.3,13.4,3,12.6,15.2,-6.377,2.0,10.305,-212.6,-19.2,0.0,10,22,1,-231.8,-19.2,0.0,25,5,0,8.116,8.737,9.58,0
DI,2018-02,2018,2,6,319.67554091011425,0.018769030570553,0.8660254037844386,0.5000000000000001,253,-3.246,-8.021,1.532,9.554,-137.0,18,12,-615.3,46.1,10,10.9,8.5,-7.519,-6.377,2.0,-246.5,-212.6,-19.2,10,10,22,-478.3,-231.8,-19.2,27,25,5,9.687,8.116,8.737,0
DI,2018-03,2018,3,1,319.67554091011425,0.0031281717617588,1.0,6.123233995736766e-17,254,-1.068,-5.384,3.268,8.652,-52.5,23,23,-667.8,19.4,8,5.9,3.5,-3.246,-7.519,-6.377,-137.0,-246.5,-212.6,12,10,10,-615.3,-478.3,-231.8,18,27,25,9.554,9.687,8.116,0
DI,2018-04,2018,4,2,319.67554091011425,0.0062563435235176,0.8660254037844387,-0.4999999999999998,255,2.173,-2.9,7.233,10.133,-20.4,12,25,-688.2,85.6,18,6.9,5.8,-1.068,-3.246,-7.519,-52.5,-137.0,-246.5,23,12,10,-667.8,-615.3,-478.3,23,18,27,8.652,9.554,9.687,0
DI,2018-05,2018,5,0,319.67554091011425,0.0,0.4999999999999999,-0.8660254037844387,256,15.977,8.565,23.348,14.784,0.0,0,0,-688.2,495.3,31,5.5,5.5,2.173,-1.068,-3.246,-20.4,-52.5,-137.0,25,23,12,-688.2,-667.8,-615.3,12,23,18,10.133,8.652,9.554,0
DI,2018-06,2018,6,0,319.67554091011425,0.0,1.2246467991473532e-16,-1.0,257,18.017,11.263,24.717,13.453,0.0,0,0,-688.2,540.5,30,5.1,4.3,15.977,2.173,-1.068,0.0,-20.4,-52.5,0,25,23,-688.2,-688.2,-667.8,0,12,23,14.784,10.133,8.652,0
DI,2018-07,2018,7,4,319.67554091011425,0.0125126870470353,-0.4999999999999997,-0.8660254037844388,258,20.765,13.326,28.145,14.819,0.0,0,0,-688.2,643.7,31,4.7,6.9,18.017,15.977,2.173,0.0,0.0,-20.4,0,0,25,-688.2,-688.2,-688.2,0,0,12,13.453,14.784,10.133,0
DI,2018-08,2018,8,1,319.67554091011425,0.0031281717617588,-0.8660254037844384,-0.5000000000000004,259,20.816,14.671,26.9,12.229,0.0,0,0,-688.2,645.3,31,4.1,6.3,20.765,18.017,15.977,0.0,0.0,0.0,0,0,0,-688.2,-688.2,-688.2,0,0,0,14.819,13.453,14.784,0
DI,2018-09,2018,9,1,319.67554091011425,0.0031281717617588,-1.0,-1.8369701987210294e-16,260,17.053,11.04,23.017,11.977,0.0,0,0,-688.2,511.6,30,6.3,10.6,20.816,20.765,18.017,0.0,0.0,0.0,0,0,0,-688.2,-688.2,-688.2,0,0,0,12.229,14.819,13.453,0
DI,2018-10,2018,10,1,319.67554091011425,0.0031281717617588,-0.8660254037844386,0.5000000000000001,261,7.923,2.974,12.832,9.858,0.0,0,9,0.0,245.6,31,10.0,8.0,17.053,20.816,20.765,0.0,0.0,0.0,0,0,0,-688.2,-688.2,-688.2,0,0,0,11.977,12.229,14.819,0
DI,2018-11,2018,11,5,319.67554091011425,0.0156408588087941,-0.5000000000000004,0.8660254037844384,262,0.047,-2.87,2.97,5.84,-45.7,16,16,-45.7,47.1,14,9.1,5.5,7.923,17.053,20.816,0.0,0.0,0.0,9,0,0,0.0,-688.2,-688.2,0,0,0,9.858,11.977,12.229,0
DI,2018-12,2018,12,1,319.67554091011425,0.0031281717617588,-2.4492935982947064e-16,1.0,263,-1.381,-4.503,1.752,6.255,-61.1,21,15,-106.8,18.3,10,8.2,8.4,0.047,7.923,17.053,-45.7,0.0,0.0,16,9,0,-45.7,0.0,-688.2,16,0,0,5.84,9.858,11.977,0
DI,2019-01,2019,1,0,322.0321122523273,0.0,0.4999999999999999,0.8660254037844387,264,-7.874,-12.429,-3.284,9.145,-250.8,27,7,-357.6,6.7,4,14.0,11.2,-1.381,0.047,7.923,-61.1,-45.7,0.0,15,16,9,-106.8,-45.7,0.0,21,16,0,6.255,5.84,9.858,0
DI,2019-02,2019,2,3,322.0321122523273,0.0093158411408653,0.8660254037844386,0.5000000000000001,265,-5.564,-10.275,-0.821,9.454,-170.3,23,11,-527.9,14.5,5,10.6,7.4,-7.874,-1.381,0.047,-250.8,-61.1,-45.7,7,15,16,-357.6,-106.8,-45.7,27,21,16,9.145,6.255,5.84,0
DI,2019-03,2019,3,2,322.0321122523273,0.0062105607605769,1.0,6.123233995736766e-17,266,-2.532,-7.335,2.294,9.629,-114.9,20,19,-642.8,36.4,11,10.6,8.2,-5.564,-7.874,-1.381,-170.3,-250.8,-61.1,11,7,15,-527.9,-357.6,-106.8,23,27,21,9.454,9.145,6.255,0
DI,2019-04,2019,4,0,322.0321122523273,0.0,0.8660254037844387,-0.4999999999999998,267,5.107,-0.183,10.347,10.53,-3.8,2,16,-646.6,157.0,28,9.0,5.3,-2.532,-5.564,-7.874,-114.9,-170.3,-250.8,19,11,7,-642.8,-527.9,-357.6,20,23,27,9.629,9.454,9.145,0
DI,2019-05,2019,5,2,322.0321122523273,0.0062105607605769,0.4999999999999999,-0.8660254037844387,268,11.306,5.139,17.423,12.284,0.0,0,0,-646.6,350.5,31,8.4,7.5,5.107,-2.532,-5.564,-3.8,-114.9,-170.3,16,19,11,-646.6,-642.8,-527.9,2,20,23,10.53,9.629,9.454,0
DI,2019-06,2019,6,3,322.0321122523273,0.0093158411408653,1.2246467991473532e-16,-1.0,269,16.805,10.193,23.365,13.172,0.0,0,0,-646.6,504.15,30,4.5,6.5,11.306,5.107,-2.532,0.0,-3.8,-114.9,0,16,19,-646.6,-646.6,-642.8,0,2,20,12.284,10.53,9.629,1
DI,2019-07,2019,7,0,322.0321122523273,0.0,-0.4999999999999997,-0.8660254037844388,270,21.339,14.161,28.469,14.308,0.0,0,0,-646.6,661.5,31,5.2,8.2,16.805,11.306,5.107,0.0,0.0,-3.8,0,0,16,-646.6,-646.6,-646.6,0,0,2,13.172,12.284,10.53,1
DI,2019-08,2019,8,0,322.0321122523273,0.0,-0.8660254037844384,-0.5000000000000004,271,19.013,11.894,26.09,14.197,0.0,0,0,-646.6,589.4,31,5.9,6.1,21.339,16.805,11.306,0.0,0.0,0.0,0,0,0,-646.6,-646.6,-646.6,0,0,0,14.308,13.172,12.284,0
DI,2019-09,2019,9,2,322.0321122523273,0.0062105607605769,-1.0,-1.8369701987210294e-16,272,15.473,8.813,22.077,13.263,0.0,0,0,-646.6,464.2,30,7.1,8.5,19.013,21.339,16.805,0.0,0.0,0.0,0,0,0,-646.6,-646.6,-646.6,0,0,0,14.197,14.308,13.172,0
DI,2019-10,2019,10,2,322.0321122523273,0.0062105607605769,-0.8660254037844386,0.5000000000000001,273,8.626,2.448,14.765,12.316,0.0,0,8,0.0,267.4,31,7.3,8.6,15.473,19.013,21.339,0.0,0.0,0.0,0,0,0,-646.6,-646.6,-646.6,0,0,0,13.263,14.197,14.308,0
DI,2019-11,2019,11,3,322.0321122523273,0.0093158411408653,-0.5000000000000004,0.8660254037844384,274,-0.563,-4.39,3.25,7.64,-56.0,14,18,-56.0,39.1,16,4.6,6.8,8.626,15.473,19.013,0.0,0.0,0.0,8,0,0,0.0,-646.6,-646.6,0,0,0,12.316,13.263,14.197,0
DI,2019-12,2019,12,3,322.0321122523273,0.0093158411408653,-2.4492935982947064e-16,1.0,275,-2.1,-5.81,1.616,7.426,-90.0,21,14,-146.0,24.9,10,7.9,8.7,-0.563,8.626,15.473,-56.0,0.0,0.0,18,8,0,-56.0,0.0,-646.6,14,0,0,7.64,12.316,13.263,0
DI,2020-01,2020,1,2,322.04565161267175,0.0062102996577808,0.4999999999999999,0.8660254037844387,276,-2.465,-5.842,0.932,6.774,-96.6,23,15,-242.6,20.2,8,9.1,9.5,-2.1,-0.563,8.626,-90.0,-56.0,0.0,14,18,8,-146.0,-56.0,0.0,21,14,0,7.426,7.64,12.316,0
DI,2020-02,2020,2,2,322.04565161267175,0.0062102996577808,0.8660254037844386,0.5000000000000001,277,-4.897,-8.786,-0.976,7.81,-148.0,22,11,-390.6,6.0,6,10.7,9.5,-2.465,-2.1,-0.563,-96.6,-90.0,-56.0,15,14,18,-242.6,-146.0,-56.0,23,21,14,6.774,7.426,7.64,0
DI,2020-03,2020,3,0,322.04565161267175,0.0,1.0,6.123233995736766e-17,278,1.881,-3.121,6.863,9.984,-28.3,11,24,-418.9,86.6,20,9.6,9.5,-4.897,-2.465,-2.1,-148.0,-96.6,-90.0,11,15,14,-390.6,-242.6,-146.0,22,23,21,7.81,6.774,7.426,1
DI,2020-04,2020,4,0,322.04565161267175,0.0,0.8660254037844387,-0.4999999999999998,279,4.74,-1.253,10.677,11.93,-3.8,3,22,-422.7,146.0,27,5.3,5.4,1.881,-4.897,-2.465,-28.3,-148.0,-96.6,24,11,15,-418.9,-390.6,-242.6,11,22,23,9.984,7.81,6.774,0
DI,2020-05,2020,5,2,322.04565161267175,0.0062102996577808,0.4999999999999999,-0.8660254037844387,280,11.003,4.597,17.348,12.752,0.0,0,8,-422.7,341.1,31,4.4,7.2,4.74,1.881,-4.897,-3.8,-28.3,-148.0,22,24,11,-422.7,-418.9,-390.6,3,11,22,11.93,9.984,7.81,0
DI,2020-06,2020,6,2,322.04565161267175,0.0062102996577808,1.2246467991473532e-16,-1.0,281,18.182,10.5,25.817,15.317,0.0,0,0,-422.7,545.45,30,6.2,7.9,11.003,4.74,1.881,0.0,-3.8,-28.3,8,22,24,-422.7,-422.7,-418.9,0,3,11,12.752,11.93,9.984,1
DI,2020-07,2020,7,3,322.04565161267175,0.0093154494866713,-0.4999999999999997,-0.8660254037844388,282,22.494,15.368,29.565,14.197,0.0,0,0,-422.7,697.3,31,3.8,4.4,18.182,11.003,4.74,0.0,0.0,-3.8,0,8,22,-422.7,-422.7,-422.7,0,0,3,15.317,12.752,11.93,0
DI,2020-08,2020,8,1,322.04565161267175,0.0031051498288904,-0.8660254037844384,-0.5000000000000004,283,19.523,12.506,26.487,13.981,0.0,0,0,-422.7,605.2,31,5.8,6.1,22.494,18.182,11.003,0.0,0.0,0.0,0,0,8,-422.7,-422.7,-422.7,0,0,0,14.197,15.317,12.752,0
DI,2020-09,2020,9,1,322.04565161267175,0.0031051498288904,-1.0,-1.8369701987210294e-16,284,14.563,7.693,21.39,13.697,0.0,0,3,-422.7,436.9,30,8.3,8.3,19.523,22.494,18.182,0.0,0.0,0.0,0,0,0,-422.7,-422.7,-422.7,0,0,0,13.981,14.197,15.317,0
DI,2020-10,2020,10,4,322.04565161267175,0.0124205993155617,-0.8660254037844386,0.5000000000000001,285,7.461,2.113,12.761,10.648,-3.7,2,8,-3.7,235.0,29,6.5,12.1,14.563,19.523,22.494,0.0,0.0,0.0,3,0,0,-422.7,-422.7,-422.7,0,0,0,13.697,13.981,14.197,0
DI,2020-11,2020,11,2,322.04565161267175,0.0062102996577808,-0.5000000000000004,0.8660254037844384,286,5.1,-0.062,10.225,10.287,-9.6,5,16,-13.3,162.6,25,8.5,11.7,7.461,14.563,19.523,-3.7,0.0,0.0,8,3,0,-3.7,-422.7,-422.7,2,0,0,10.648,13.697,13.981,1
DI,2020-12,2020,12,4,322.04565161267175,0.0124205993155617,-2.4492935982947064e-16,1.0,287,-1.855,-5.132,1.445,6.577,-74.8,21,19,-88.1,17.3,10,6.2,7.3,5.1,7.461,14.563,-9.6,-3.7,0.0,16,8,3,-13.3,-3.7,-422.7,5,2,0,10.287,10.648,13.697,0
DI,2021-01,2021,1,1,322.04565161267175,0.0031051498288904,0.4999999999999999,0.8660254037844387,288,-4.165,-7.129,-1.168,5.961,-131.0,29,13,-219.1,1.9,2,5.6,4.7,-1.855,5.1,7.461,-74.8,-9.6,-3.7,19,16,8,-88.1,-13.3,-3.7,21,5,2,6.577,10.287,10.648,0
DI,2021-02,2021,2,5,322.04565161267175,0.0155257491444522,0.8660254037844386,0.5000000000000001,289,-7.893,-12.55,-3.2,9.35,-225.1,25,8,-444.2,4.1,3,11.2,6.0,-4.165,-1.855,5.1,-131.0,-74.8,-9.6,13,19,16,-219.1,-88.1,-13.3,29,21,5,5.961,6.577,10.287,0
DI,2021-03,2021,3,3,322.04565161267175,0.0093154494866713,1.0,6.123233995736766e-17,290,2.274,-4.379,8.915,13.294,-47.2,11,22,-491.4,117.7,20,8.1,7.2,-7.893,-4.165,-1.855,-225.1,-131.0,-74.8,8,13,19,-444.2,-219.1,-88.1,25,29,21,9.35,5.961,6.577,1
DI,2021-04,2021,4,0,322.04565161267175,0.0,0.8660254037844387,-0.4999999999999998,291,7.04,0.993,13.043,12.05,-4.8,3,14,-496.2,216.0,27,7.4,6.2,2.274,-7.893,-4.165,-47.2,-225.1,-131.0,22,8,13,-491.4,-444.2,-219.1,11,25,29,13.294,9.35,5.961,0
DI,2021-05,2021,5,2,322.04565161267175,0.0062102996577808,0.4999999999999999,-0.8660254037844387,292,11.626,4.21,18.99,14.781,0.0,0,4,-496.2,360.4,31,6.3,6.9,7.04,2.274,-7.893,-4.8,-47.2,-225.1,14,22,8,-496.2,-491.4,-444.2,3,11,25,12.05,13.294,9.35,0
DI,2021-06,2021,6,0,322.04565161267175,0.0,1.2246467991473532e-16,-1.0,293,20.028,13.668,26.342,12.673,0.0,0,0,-496.2,600.85,30,7.2,5.7,11.626,7.04,2.274,0.0,-4.8,-47.2,4,14,22,-496.2,-496.2,-491.4,0,3,11,14.781,12.05,13.294,1
DI,2021-07,2021,7,2,322.04565161267175,0.0062102996577808,-0.4999999999999997,-0.8660254037844388,294,19.173,13.295,24.982,11.687,0.0,0,0,-496.2,594.35,31,4.6,5.1,20.028,11.626,7.04,0.0,0.0,-4.8,0,4,14,-496.2,-496.2,-496.2,0,0,3,12.673,14.781,12.05,1
DI,2021-08,2021,8,3,322.04565161267175,0.0093154494866713,-0.8660254037844384,-0.5000000000000004,295,20.987,14.058,27.874,13.816,0.0,0,0,-496.2,650.6,31,4.5,5.5,19.173,20.028,11.626,0.0,0.0,0.0,0,0,4,-496.2,-496.2,-496.2,0,0,0,11.687,12.673,14.781,0
DI,2021-09,2021,9,2,322.04565161267175,0.0062102996577808,-1.0,-1.8369701987210294e-16,296,15.397,8.8,21.957,13.157,0.0,0,0,-496.2,461.9,30,5.9,6.2,20.987,19.173,20.028,0.0,0.0,0.0,0,0,0,-496.2,-496.2,-496.2,0,0,0,13.816,11.687,12.673,0
DI,2021-10,2021,10,0,322.04565161267175,0.0,-0.8660254037844386,0.5000000000000001,297,12.284,8.081,16.445,8.365,0.0,0,1,0.0,380.8,31,7.6,7.4,15.397,20.987,19.173,0.0,0.0,0.0,0,0,0,-496.2,-496.2,-496.2,0,0,0,13.157,13.816,11.687,0
DI,2021-11,2021,11,2,322.04565161267175,0.0062102996577808,-0.5000000000000004,0.8660254037844384,298,2.218,-2.422,6.835,9.257,-18.8,7,21,-18.8,85.35,23,6.7,5.4,12.284,15.397,20.987,0.0,0.0,0.0,1,0,0,0.0,-496.2,-496.2,0,0,0,8.365,13.157,13.816,1
DI,2021-12,2021,12,4,322.04565161267175,0.0124205993155617,-2.4492935982947064e-16,1.0,299,-0.058,-3.677,3.568,7.245,-48.9,16,20,-67.7,47.1,15,7.7,10.1,2.218,12.284,15.397,-18.8,0.0,0.0,21,1,0,-18.8,0.0,-496.2,7,0,0,9.257,8.365,13.157,0
DI,2022-01,2022,1,9,322.04565161267175,0.027946348460014,0.4999999999999999,0.8660254037844387,300,-10.442,-16.223,-4.629,11.594,-323.7,31,6,-391.4,0.0,0,9.7,13.1,-0.058,2.218,12.284,-48.9,-18.8,0.0,20,21,1,-67.7,-18.8,0.0,16,7,0,7.245,9.257,8.365,0
DI,2022-02,2022,2,3,322.04565161267175,0.0093154494866713,0.8660254037844386,0.5000000000000001,301,-6.679,-11.932,-1.371,10.561,-190.3,27,12,-581.7,3.3,1,9.7,8.2,-10.442,-0.058,2.218,-323.7,-48.9,-18.8,6,20,21,-391.4,-67.7,-18.8,31,16,7,11.594,7.245,9.257,0
DI,2022-03,2022,3,3,322.04565161267175,0.0093154494866713,1.0,6.123233995736766e-17,302,-0.339,-5.279,4.626,9.905,-75.1,18,18,-656.8,64.6,13,10.4,9.1,-6.679,-10.442,-0.058,-190.3,-323.7,-48.9,12,6,20,-581.7,-391.4,-67.7,27,31,16,10.561,11.594,7.245,1
DI,2022-04,2022,4,4,322.04565161267175,0.0124205993155617,0.8660254037844387,-0.4999999999999998,303,5.257,-0.49,10.983,11.473,-3.0,4,17,-659.8,160.7,26,7.7,9.5,-0.339,-6.679,-10.442,-75.1,-190.3,-323.7,18,12,6,-656.8,-581.7,-391.4,18,27,31,9.905,10.561,11.594,0
DI,2022-05,2022,5,4,322.04565161267175,0.0124205993155617,0.4999999999999999,-0.8660254037844387,304,13.752,6.848,20.6,13.752,0.0,0,1,-659.8,426.3,31,6.9,9.3,5.257,-0.339,-6.679,-3.0,-75.1,-190.3,17,18,12,-659.8,-656.8,-581.7,4,18,27,11.473,9.905,10.561,0
DI,2022-06,2022,6,0,322.04565161267175,0.0,1.2246467991473532e-16,-1.0,305,17.1,9.275,24.877,15.602,0.0,0,0,-659.8,513.0,30,7.0,6.2,13.752,5.257,-0.339,0.0,-3.0,-75.1,1,17,18,-659.8,-659.8,-656.8,0,4,18,13.752,11.473,9.905,1
DI,2022-07,2022,7,2,322.04565161267175,0.0062102996577808,-0.4999999999999997,-0.8660254037844388,306,19.945,12.113,27.745,15.632,0.0,0,0,-659.8,618.3,31,3.3,7.4,17.1,13.752,5.257,0.0,0.0,-3.0,0,1,17,-659.8,-659.8,-659.8,0,0,4,15.602,13.752,11.473,0
DI,2022-08,2022,8,6,322.04565161267175,0.0186308989733426,-0.8660254037844384,-0.5000000000000004,307,19.965,12.537,27.331,14.794,0.0,0,0,-659.8,618.9,31,4.2,4.8,19.945,17.1,13.752,0.0,0.0,0.0,0,0,1,-659.8,-659.8,-659.8,0,0,0,15.632,15.602,13.752,1
DI,2022-09,2022,9,3,322.04565161267175,0.0093154494866713,-1.0,-1.8369701987210294e-16,308,15.95,9.097,22.73,13.633,0.0,0,0,-659.8,478.5,30,5.4,9.0,19.965,19.945,17.1,0.0,0.0,0.0,0,0,0,-659.8,-659.8,-659.8,0,0,0,14.794,15.632,15.602,0
DI,2022-10,2022,10,2,322.04565161267175,0.0062102996577808,-0.8660254037844386,0.5000000000000001,309,8.356,1.232,15.442,14.21,0.0,0,15,0.0,259.05,31,8.3,11.3,15.95,19.965,19.945,0.0,0.0,0.0,0,0,0,-659.8,-659.8,-659.8,0,0,0,13.633,14.794,15.632,1
DI,2022-11,2022,11,1,322.04565161267175,0.0031051498288904,-0.5000000000000004,0.8660254037844384,310,3.763,-1.013,8.523,9.537,-23.1,9,15,-23.1,136.0,21,5.5,7.0,8.356,15.95,19.965,0.0,0.0,0.0,15,0,0,0.0,-659.8,-659.8,0,0,0,14.21,13.633,14.794,0
DI,2022-12,2022,12,2,322.04565161267175,0.0062102996577808,-2.4492935982947064e-16,1.0,311,-1.994,-5.042,1.065,6.106,-95.1,22,11,-118.2,33.3,9,5.7,6.5,3.763,8.356,15.95,-23.1,0.0,0.0,15,15,0,-23.1,0.0,-659.8,9,0,0,9.537,14.21,13.633,0
DI,2023-01,2023,1,2,322.04565161267175,0.0062102996577808,0.4999999999999999,0.8660254037844387,312,-2.3,-5.026,0.455,5.481,-85.7,20,13,-203.9,14.4,11,5.9,5.3,-1.994,3.763,8.356,-95.1,-23.1,0.0,11,15,15,-118.2,-23.1,0.0,22,9,0,6.106,9.537,14.21,0
DI,2023-02,2023,2,2,322.04565161267175,0.0062102996577808,0.8660254037844386,0.5000000000000001,313,-2.832,-7.53,1.864,9.395,-95.5,18,18,-299.4,16.2,10,12.3,10.2,-2.3,-1.994,3.763,-85.7,-95.1,-23.1,13,11,15,-203.9,-118.2,-23.1,20,22,9,5.481,6.106,9.537,1
DI,2023-03,2023,3,0,322.04565161267175,0.0,1.0,6.123233995736766e-17,314,-0.832,-4.931,3.277,8.208,-57.4,19,23,-356.8,31.6,12,7.3,7.1,-2.832,-2.3,-1.994,-95.5,-85.7,-95.1,18,13,11,-299.4,-203.9,-118.2,18,20,22,9.395,5.481,6.106,1
DI,2023-04,2023,4,0,322.04565161267175,0.0,0.8660254037844387,-0.4999999999999998,315,7.802,1.48,14.078,12.598,-0.9,2,13,-357.7,234.95,28,6.4,8.2,-0.832,-2.832,-2.3,-57.4,-95.5,-85.7,23,18,13,-356.8,-299.4,-203.9,19,18,20,8.208,9.395,5.481,3
DI,2023-05,2023,5,0,322.04565161267175,0.0,0.4999999999999999,-0.8660254037844387,316,11.494,3.627,19.321,15.694,0.0,0,3,-357.7,356.3,31,5.8,6.5,7.802,-0.832,-2.832,-0.9,-57.4,-95.5,13,23,18,-357.7,-356.8,-299.4,2,19,18,12.598,8.208,9.395,1
DI,2023-06,2023,6,3,322.04565161267175,0.0093154494866713,1.2246467991473532e-16,-1.0,317,17.387,10.483,24.247,13.763,0.0,0,0,-357.7,521.6,30,5.6,6.4,11.494,7.802,-0.832,0.0,-0.9,-57.4,3,13,23,-357.7,-357.7,-356.8,0,2,19,15.694,12.598,8.208,2
DI,2023-07,2023,7,2,322.04565161267175,0.0062102996577808,-0.4999999999999997,-0.8660254037844388,318,19.703,13.161,26.203,13.042,0.0,0,0,-357.7,610.8,31,2.7,6.5,17.387,11.494,7.802,0.0,0.0,-0.9,0,3,13,-357.7,-357.7,-357.7,0,0,2,13.763,15.694,12.598,0
DI,2023-08,2023,8,1,322.04565161267175,0.0031051498288904,-0.8660254037844384,-0.5000000000000004,319,17.74,11.887,23.527,11.64,0.0,0,0,-357.7,549.95,31,5.4,7.4,19.703,17.387,11.494,0.0,0.0,0.0,0,0,3,-357.7,-357.7,-357.7,0,0,0,13.042,13.763,15.694,1
DI,2023-09,2023,9,1,322.04565161267175,0.0031051498288904,-1.0,-1.8369701987210294e-16,320,16.07,10.14,21.953,11.813,0.0,0,0,-357.7,482.1,30,6.1,5.4,17.74,19.703,17.387,0.0,0.0,0.0,0,0,0,-357.7,-357.7,-357.7,0,0,0,11.64,13.042,13.763,2
DI,2023-10,2023,10,1,322.04565161267175,0.0031051498288904,-0.8660254037844386,0.5000000000000001,321,10.677,5.932,15.374,9.442,0.0,0,3,0.0,331.0,31,8.2,8.4,16.07,17.74,19.703,0.0,0.0,0.0,0,0,0,-357.7,-357.7,-357.7,0,0,0,11.813,11.64,13.042,0
DI,2023-11,2023,11,4,322.04565161267175,0.0124205993155617,-0.5000000000000004,0.8660254037844384,322,2.08,-2.843,6.97,9.813,-20.7,9,21,-20.7,83.1,21,7.2,6.5,10.677,16.07,17.74,0.0,0.0,0.0,3,0,0,0.0,-357.7,-357.7,0,0,0,9.442,11.813,11.64,0
DI,2023-12,2023,12,1,322.04565161267175,0.0031051498288904,-2.4492935982947064e-16,1.0,323,1.848,-0.577,4.261,4.839,-13.8,11,17,-34.5,71.1,20,6.5,6.1,2.08,10.677,16.07,-20.7,0.0,0.0,21,3,0,-20.7,0.0,-357.7,9,0,0,9.813,9.442,11.813,0
DI,2024-01,2024,1,5,322.04565161267175,0.0155257491444522,0.4999999999999999,0.8660254037844387,324,-3.506,-5.903,-1.094,4.81,-118.9,21,14,-153.4,10.2,9,6.1,9.1,1.848,2.08,10.677,-13.8,-20.7,0.0,17,21,3,-34.5,-20.7,0.0,11,9,0,4.839,9.813,9.442,0
DI,2024-02,2024,2,1,322.04565161267175,0.0031051498288904,0.8660254037844386,0.5000000000000001,325,-1.272,-6.421,3.897,10.317,-71.8,19,19,-225.2,34.9,10,8.5,10.6,-3.506,1.848,2.08,-118.9,-13.8,-20.7,14,17,21,-153.4,-34.5,-20.7,21,11,9,4.81,4.839,9.813,0
DI,2024-03,2024,3,0,322.04565161267175,0.0,1.0,6.123233995736766e-17,326,2.516,-2.36,7.394,9.753,-32.7,9,16,-257.9,110.7,21,5.5,6.8,-1.272,-3.506,1.848,-71.8,-118.9,-13.8,19,14,17,-225.2,-153.4,-34.5,19,21,11,10.317,4.81,4.839,1
DI,2024-04,2024,4,1,322.04565161267175,0.0031051498288904,0.8660254037844387,-0.4999999999999998,327,7.693,2.277,13.08,10.803,0.0,0,9,-257.9,230.8,30,8.5,7.1,2.516,-1.272,-3.506,-32.7,-71.8,-118.9,16,19,14,-257.9,-225.2,-153.4,9,19,21,9.753,10.317,4.81,0
DI,2024-05,2024,5,0,322.04565161267175,0.0,0.4999999999999999,-0.8660254037844387,328,14.619,7.79,21.397,13.606,0.0,0,0,-257.9,453.2,31,5.0,3.2,7.693,2.516,-1.272,0.0,-32.7,-71.8,9,16,19,-257.9,-257.9,-225.2,0,9,19,10.803,9.753,10.317,0
DI,2024-06,2024,6,1,322.04565161267175,0.0031051498288904,1.2246467991473532e-16,-1.0,329,18.53,12.14,24.873,12.733,0.0,0,0,-257.9,555.9,30,7.5,5.8,14.619,7.693,2.516,0.0,0.0,-32.7,0,9,16,-257.9,-257.9,-257.9,0,0,9,13.606,10.803,9.753,0
DI,2024-07,2024,7,1,322.04565161267175,0.0031051498288904,-0.4999999999999997,-0.8660254037844388,330,20.426,13.815,26.989,13.174,0.0,0,0,-257.9,633.2,31,5.9,4.1,18.53,14.619,7.693,0.0,0.0,0.0,0,0,9,-257.9,-257.9,-257.9,0,0,0,12.733,13.606,10.803,1
DI,2024-08,2024,8,5,322.04565161267175,0.0155257491444522,-0.8660254037844384,-0.5000000000000004,331,18.971,12.429,25.477,13.048,0.0,0,0,-257.9,588.1,31,3.9,7.6,20.426,18.53,14.619,0.0,0.0,0.0,0,0,0,-257.9,-257.9,-257.9,0,0,0,13.174,12.733,13.606,0
DI,2024-09,2024,9,3,322.04565161267175,0.0093154494866713,-1.0,-1.8369701987210294e-16,332,16.593,9.352,23.788,14.437,0.0,0,0,-257.9,497.8,30,4.1,6.1,18.971,20.426,18.53,0.0,0.0,0.0,0,0,0,-257.9,-257.9,-257.9,0,0,0,13.048,13.174,12.733,1
DI,2024-10,2024,10,0,322.04565161267175,0.0,-0.8660254037844386,0.5000000000000001,333,9.732,2.258,17.155,14.897,0.0,0,13,0.0,301.7,31,9.3,6.9,16.593,18.971,20.426,0.0,0.0,0.0,0,0,0,-257.9,-257.9,-257.9,0,0,0,14.437,13.048,13.174,1
DI,2024-11,2024,11,0,322.04565161267175,0.0,-0.5000000000000004,0.8660254037844384,334,5.078,0.823,9.29,8.467,-6.25,2,13,-6.25,158.6,27,9.0,5.7,9.732,16.593,18.971,0.0,0.0,0.0,13,0,0,0.0,-257.9,-257.9,0,0,0,14.897,14.437,13.048,3
DI,2024-12,2024,12,5,322.04565161267175,0.0155257491444522,-2.4492935982947064e-16,1.0,335,-2.268,-5.69,1.161,6.852,-104.1,20,10,-110.35,33.8,11,10.4,7.2,5.078,9.732,16.593,-6.25,0.0,0.0,13,13,0,-6.25,0.0,-257.9,2,0,0,8.467,14.897,14.437,0
DI,2025-01,2025,1,2,322.04565161267175,0.0062102996577808,0.4999999999999999,0.8660254037844387,336,-7.452,-11.184,-3.671,7.513,-231.2,30,8,-341.55,0.2,1,7.1,6.7,-2.268,5.078,9.732,-104.1,-6.25,0.0,10,13,13,-110.35,-6.25,0.0,20,2,0,6.852,8.467,14.897,0
DI,2025-02,2025,2,1,322.04565161267175,0.0031051498288904,0.8660254037844386,0.5000000000000001,337,-6.523,-10.014,-2.984,7.03,-187.05,24,6,-528.6,4.4,4,7.8,4.8,-7.452,-2.268,5.078,-231.2,-104.1,-6.25,8,10,13,-341.55,-110.35,-6.25,30,20,2,7.513,6.852,8.467,1
DI,2025-03,2025,3,1,322.04565161267175,0.0031051498288904,1.0,6.123233995736766e-17,338,1.371,-4.394,7.126,11.519,-40.6,11,26,-569.2,83.1,20,7.4,7.2,-6.523,-7.452,-2.268,-187.05,-231.2,-104.1,6,8,10,-528.6,-341.55,-110.35,24,30,20,7.03,7.513,6.852,0
DI,2025-04,2025,4,1,322.04565161267175,0.0031051498288904,0.8660254037844387,-0.4999999999999998,339,6.6,-0.123,13.267,13.39,-5.0,2,14,-574.2,203.0,28,10.0,7.6,1.371,-6.523,-7.452,-40.6,-187.05,-231.2,26,6,8,-569.2,-528.6,-341.55,11,24,30,11.519,7.03,7.513,0
DI,2025-05,2025,5,9,322.04565161267175,0.027946348460014,0.4999999999999999,-0.8660254037844387,340,11.881,6.145,17.558,11.413,0.0,0,2,-574.2,368.3,31,5.3,8.2,6.6,1.371,-6.523,-5.0,-40.6,-187.05,14,26,6,-574.2,-569.2,-528.6,2,11,24,13.39,11.519,7.03,0
DI,2025-06,2025,6,1,322.04565161267175,0.0031051498288904,1.2246467991473532e-16,-1.0,341,19.103,12.86,25.28,12.42,0.0,0,0,-574.2,573.1,30,7.0,6.6,11.881,6.6,1.371,0.0,-5.0,-40.6,2,14,26,-574.2,-574.2,-569.2,0,2,11,11.413,13.39,11.519,2
DI,2025-07,2025,7,2,322.04565161267175,0.0062102996577808,-0.4999999999999997,-0.8660254037844388,342,21.165,13.919,28.366,14.447,0.0,0,0,-574.2,656.1,31,5.8,5.1,19.103,11.881,6.6,0.0,0.0,-5.0,0,2,14,-574.2,-574.2,-574.2,0,0,2,12.42,11.413,13.39,1
DI,2025-08,2025,8,1,322.04565161267175,0.0031051498288904,-0.8660254037844384,-0.5000000000000004,343,18.855,11.813,25.839,14.026,0.0,0,0,-574.2,584.5,31,2.7,4.1,21.165,19.103,11.881,0.0,0.0,0.0,0,0,2,-574.2,-574.2,-574.2,0,0,0,14.447,12.42,11.413,0
DI,2025-09,2025,9,2,322.04565161267175,0.0062102996577808,-1.0,-1.8369701987210294e-16,344,16.085,8.325,23.79,15.465,0.0,0,0,-574.2,482.55,30,3.1,4.7,18.855,21.165,19.103,0.0,0.0,0.0,0,0,0,-574.2,-574.2,-574.2,0,0,0,14.026,14.447,12.42,4
DI,2025-10,2025,10,1,322.04565161267175,0.0031051498288904,-0.8660254037844386,0.5000000000000001,345,9.494,3.077,15.852,12.774,0.0,0,8,0.0,294.3,31,11.5,8.4,16.085,18.855,21.165,0.0,0.0,0.0,0,0,0,-574.2,-574.2,-574.2,0,0,0,15.465,14.026,14.447,2
DI,2025-11,2025,11,2,322.04565161267175,0.0062102996577808,-0.5000000000000004,0.8660254037844384,346,1.91,-2.23,6.027,8.257,-15.6,9,19,-15.6,72.9,20,5.5,5.8,9.494,16.085,18.855,0.0,0.0,0.0,8,0,0,0.0,-574.2,-574.2,0,0,0,12.774,15.465,14.026,0
DI,2025-12,2025,12,6,322.04565161267175,0.0186308989733426,-2.4492935982947064e-16,1.0,347,-6.348,-11.535,-1.116,10.419,-200.6,27,13,-216.2,3.8,4,9.3,8.2,1.91,9.494,16.085,-15.6,0.0,0.0,19,8,0,-15.6,0.0,-574.2,9,0,0,8.257,12.774,15.465,0
PVC,1997-01,1997,1,2,40.45589246475711,0.0494365561640319,0.4999999999999999,0.8660254037844387,0,-7.094,-11.452,-2.69,8.761,-237.0,26,6,-362.1,17.1,5,11.5,10.2,-1.242,-0.27,8.277,-67.8,-57.3,0.0,18,15,6,-125.1,-57.3,0.0,15,18,0,5.313,6.91,9.919,0
PVC,1997-02,1997,2,4,40.45589246475711,0.0988731123280638,0.8660254037844386,0.5000000000000001,1,-3.964,-8.286,0.396,8.682,-129.8,22,10,-491.9,18.8,6,14.1,10.0,-7.094,-1.242,-0.27,-237.0,-67.8,-57.3,6,18,15,-362.1,-125.1,-57.3,26,15,18,8.761,5.313,6.91,0
PVC,1997-03,1997,3,0,40.45589246475711,0.0,1.0,6.123233995736766e-17,2,-1.971,-6.21,2.281,8.49,-96.6,20,16,-588.5,35.5,11,8.9,9.1,-3.964,-7.094,-1.242,-129.8,-237.0,-67.8,10,6,18,-491.9,-362.1,-125.1,22,26,15,8.682,8.761,5.313,0
PVC,1997-04,1997,4,2,40.45589246475711,0.0494365561640319,0.8660254037844387,-0.4999999999999998,3,4.937,-0.717,10.537,11.253,-9.9,3,16,-598.4,158.0,27,4.9,11.7,-1.971,-3.964,-7.094,-96.6,-129.8,-237.0,16,10,6,-588.5,-491.9,-362.1,20,22,26,8.49,8.682,8.761,0
PVC,1997-05,1997,5,0,40.45589246475711,0.0,0.4999999999999999,-0.8660254037844387,4,8.677,3.442,13.858,10.416,0.0,0,4,-598.4,269.0,31,5.7,6.7,4.937,-1.971,-3.964,-9.9,-96.6,-129.8,16,16,10,-598.4,-588.5,-491.9,3,20,22,11.253,8.49,8.682,0
PVC,1997-06,1997,6,0,40.45589246475711,0.0,1.2246467991473532e-16,-1.0,5,18.667,12.327,24.95,12.623,0.0,0,0,-598.4,560.0,30,7.7,6.0,8.677,4.937,-1.971,0.0,-9.9,-96.6,4,16,16,-598.4,-598.4,-588.5,0,3,20,10.416,11.253,8.49,0
PVC,1997-07,1997,7,2,40.45589246475711,0.0494365561640319,-0.4999999999999997,-0.8660254037844388,6,19.216,13.371,25.019,11.648,0.0,0,0,-598.4,595.7,31,3.8,6.7,18.667,8.677,4.937,0.0,0.0,-9.9,0,4,16,-598.4,-598.4,-598.4,0,0,3,12.623,10.416,11.253,0
PVC,1997-08,1997,8,1,40.45589246475711,0.0247182780820159,-0.8660254037844384,-0.5000000000000004,7,17.113,11.158,23.013,11.855,0.0,0,0,-598.4,530.5,31,4.4,7.0,19.216,18.667,8.677,0.0,0.0,0.0,0,0,4,-598.4,-598.4,-598.4,0,0,0,11.648,12.623,10.416,0
PVC,1997-09,1997,9,1,40.45589246475711,0.0247182780820159,-1.0,-1.8369701987210294e-16,8,14.34,8.647,19.977,11.33,0.0,0,0,-598.4,430.2,30,7.0,5.4,17.113,19.216,18.667,0.0,0.0,0.0,0,0,0,-598.4,-598.4,-598.4,0,0,0,11.855,11.648,12.623,0
PVC,1997-10,1997,10,0,40.45589246475711,0.0,-0.8660254037844386,0.5000000000000001,9,8.732,3.319,14.1,10.781,-0.2,1,10,-0.2,270.9,30,9.2,6.9,14.34,17.113,19.216,0.0,0.0,0.0,0,0,0,-598.4,-598.4,-598.4,0,0,0,11.33,11.855,11.648,0
PVC,1997-11,1997,11,0,40.45589246475711,0.0,-0.5000000000000004,0.8660254037844384,10,1.062,-2.317,4.485,6.802,-33.25,13,14,-33.45,65.1,17,5.0,4.4,8.732,14.34,17.113,-0.2,0.0,0.0,10,0,0,-0.2,-598.4,-598.4,1,0,0,10.781,11.33,11.855,2
PVC,1997-12,1997,12,2,40.45589246475711,0.0494365561640319,-2.4492935982947064e-16,1.0,11,-2.345,-5.158,0.477,5.635,-81.4,24,19,-114.85,8.7,7,6.3,6.1,1.062,8.732,14.34,-33.25,-0.2,0.0,14,10,0,-33.45,-0.2,-598.4,13,1,0,6.802,10.781,11.33,0
PVC,1998-01,1998,1,4,50.04333460950991,0.0799307246651758,0.4999999999999999,0.8660254037844387,12,-3.058,-6.132,0.045,6.177,-121.9,24,13,-236.75,27.1,7,7.7,6.4,-2.345,1.062,8.732,-81.4,-33.25,-0.2,19,14,10,-114.85,-33.45,-0.2,24,13,1,5.635,6.802,10.781,0
PVC,1998-02,1998,2,0,50.04333460950991,0.0,0.8660254037844386,0.5000000000000001,13,-1.539,-5.418,2.314,7.732,-62.0,14,19,-298.75,18.9,14,4.4,7.5,-3.058,-2.345,1.062,-121.9,-81.4,-33.25,13,19,14,-236.75,-114.85,-33.45,24,24,13,6.177,5.635,6.802,0
PVC,1998-03,1998,3,1,50.04333460950991,0.0199826811662939,1.0,6.123233995736766e-17,14,0.99,-3.103,5.066,8.169,-71.3,16,16,-370.05,102.0,15,10.6,6.0,-1.539,-3.058,-2.345,-62.0,-121.9,-81.4,19,13,19,-298.75,-236.75,-114.85,14,24,24,7.732,6.177,5.635,1
PVC,1998-04,1998,4,0,50.04333460950991,0.0,0.8660254037844387,-0.4999999999999998,15,7.6,1.687,13.467,11.78,0.0,0,11,-370.05,228.0,30,4.9,4.8,0.99,-1.539,-3.058,-71.3,-62.0,-121.9,16,19,13,-370.05,-298.75,-236.75,16,14,24,8.169,7.732,6.177,0
PVC,1998-05,1998,5,0,50.04333460950991,0.0,0.4999999999999999,-0.8660254037844387,16,16.055,9.497,22.561,13.065,0.0,0,0,-370.05,497.7,31,3.4,8.9,7.6,0.99,-1.539,0.0,-71.3,-62.0,11,16,19,-370.05,-370.05,-298.75,0,16,14,11.78,8.169,7.732,0
PVC,1998-06,1998,6,0,50.04333460950991,0.0,1.2246467991473532e-16,-1.0,17,17.9,12.207,23.547,11.34,0.0,0,0,-370.05,537.0,30,5.0,6.5,16.055,7.6,0.99,0.0,0.0,-71.3,0,11,16,-370.05,-370.05,-370.05,0,0,16,13.065,11.78,8.169,0
PVC,1998-07,1998,7,0,50.04333460950991,0.0,-0.4999999999999997,-0.8660254037844388,18,19.868,13.49,26.194,12.703,0.0,0,0,-370.05,615.9,31,4.8,5.1,17.9,16.055,7.6,0.0,0.0,0.0,0,0,11,-370.05,-370.05,-370.05,0,0,0,11.34,13.065,11.78,0
PVC,1998-08,1998,8,4,50.04333460950991,0.0799307246651758,-0.8660254037844384,-0.5000000000000004,19,20.29,13.819,26.716,12.897,0.0,0,0,-370.05,629.0,31,6.1,6.8,19.868,17.9,16.055,0.0,0.0,0.0,0,0,0,-370.05,-370.05,-370.05,0,0,0,12.703,11.34,13.065,0
PVC,1998-09,1998,9,0,50.04333460950991,0.0,-1.0,-1.8369701987210294e-16,20,16.767,9.517,23.967,14.45,0.0,0,0,-370.05,503.0,30,7.4,9.3,20.29,19.868,17.9,0.0,0.0,0.0,0,0,0,-370.05,-370.05,-370.05,0,0,0,12.897,12.703,11.34,0
PVC,1998-10,1998,10,2,50.04333460950991,0.0399653623325879,-0.8660254037844386,0.5000000000000001,21,9.69,4.0,15.339,11.339,0.0,0,4,0.0,300.4,31,5.9,4.9,16.767,20.29,19.868,0.0,0.0,0.0,0,0,0,-370.05,-370.05,-370.05,0,0,0,14.45,12.897,12.703,0
PVC,1998-11,1998,11,1,50.04333460950991,0.0199826811662939,-0.5000000000000004,0.8660254037844384,22,3.33,-0.697,7.33,8.027,-2.5,3,18,-2.5,102.4,27,8.1,7.2,9.69,16.767,20.29,0.0,0.0,0.0,4,0,0,0.0,-370.05,-370.05,0,0,0,11.339,14.45,12.897,0
PVC,1998-12,1998,12,5,50.04333460950991,0.0999134058314697,-2.4492935982947064e-16,1.0,23,-0.455,-4.413,3.506,7.919,-89.1,14,17,-91.6,75.0,17,7.1,9.3,3.33,9.69,16.767,-2.5,0.0,0.0,18,4,0,-2.5,0.0,-370.05,3,0,0,8.027,11.339,14.45,0
PVC,1999-01,1999,1,3,60.399070355539806,0.0496696386606692,0.4999999999999999,0.8660254037844387,24,-7.471,-11.368,-3.529,7.839,-243.0,27,8,-334.6,11.4,4,8.3,7.4,-0.455,3.33,9.69,-89.1,-2.5,0.0,17,18,4,-91.6,-2.5,0.0,14,3,0,7.919,8.027,11.339,0
PVC,1999-02,1999,2,5,60.399070355539806,0.0827827311011153,0.8660254037844386,0.5000000000000001,25,-2.657,-6.793,1.489,8.282,-94.4,19,15,-429.0,20.0,9,8.5,11.1,-7.471,-0.455,3.33,-243.0,-89.1,-2.5,8,17,18,-334.6,-91.6,-2.5,27,14,3,7.839,7.919,8.027,0
PVC,1999-03,1999,3,0,60.399070355539806,0.0,1.0,6.123233995736766e-17,26,-1.113,-5.574,3.358,8.932,-85.4,18,21,-514.4,50.9,12,5.8,4.7,-2.657,-7.471,-0.455,-94.4,-243.0,-89.1,15,8,17,-429.0,-334.6,-91.6,19,27,14,8.282,7.839,7.919,0
PVC,1999-04,1999,4,1,60.399070355539806,0.016556546220223,0.8660254037844387,-0.4999999999999998,27,6.913,1.133,12.64,11.507,0.0,0,11,-514.4,207.4,30,6.0,6.5,-1.113,-2.657,-7.471,-85.4,-94.4,-243.0,21,15,8,-514.4,-429.0,-334.6,18,19,27,8.932,8.282,7.839,0
PVC,1999-05,1999,5,1,60.399070355539806,0.016556546220223,0.4999999999999999,-0.8660254037844387,28,14.252,7.258,21.197,13.939,0.0,0,0,-514.4,441.8,31,4.8,10.1,6.913,-1.113,-2.657,0.0,-85.4,-94.4,11,21,15,-514.4,-514.4,-429.0,0,18,19,11.507,8.932,8.282,0
PVC,1999-06,1999,6,0,60.399070355539806,0.0,1.2246467991473532e-16,-1.0,29,19.07,12.643,25.44,12.797,0.0,0,0,-514.4,572.1,30,6.1,9.3,14.252,6.913,-1.113,0.0,0.0,-85.4,0,11,21,-514.4,-514.4,-514.4,0,0,18,13.939,11.507,8.932,0
PVC,1999-07,1999,7,2,60.399070355539806,0.0331130924404461,-0.4999999999999997,-0.8660254037844388,30,22.377,16.313,28.403,12.09,0.0,0,0,-514.4,693.7,31,7.2,6.1,19.07,14.252,6.913,0.0,0.0,0.0,0,0,11,-514.4,-514.4,-514.4,0,0,0,12.797,13.939,11.507,0
PVC,1999-08,1999,8,0,60.399070355539806,0.0,-0.8660254037844384,-0.5000000000000004,31,18.068,12.345,23.735,11.39,0.0,0,0,-514.4,560.1,31,5.1,8.0,22.377,19.07,14.252,0.0,0.0,0.0,0,0,0,-514.4,-514.4,-514.4,0,0,0,12.09,12.797,13.939,0
PVC,1999-09,1999,9,0,60.399070355539806,0.0,-1.0,-1.8369701987210294e-16,32,15.96,9.38,22.5,13.12,0.0,0,1,-514.4,478.8,30,7.1,7.2,18.068,22.377,19.07,0.0,0.0,0.0,0,0,0,-514.4,-514.4,-514.4,0,0,0,11.39,12.09,12.797,0
PVC,1999-10,1999,10,2,60.399070355539806,0.0331130924404461,-0.8660254037844386,0.5000000000000001,33,7.71,2.158,13.213,11.055,0.0,0,7,0.0,239.0,31,6.7,6.7,15.96,18.068,22.377,0.0,0.0,0.0,1,0,0,-514.4,-514.4,-514.4,0,0,0,13.12,11.39,12.09,0
PVC,1999-11,1999,11,1,60.399070355539806,0.016556546220223,-0.5000000000000004,0.8660254037844384,34,4.497,0.153,8.8,8.647,-14.6,7,12,-14.6,149.5,23,7.4,8.3,7.71,15.96,18.068,0.0,0.0,0.0,7,1,0,0.0,-514.4,-514.4,0,0,0,11.055,13.12,11.39,0
PVC,1999-12,1999,12,3,60.399070355539806,0.0496696386606692,-2.4492935982947064e-16,1.0,35,-2.119,-6.039,1.806,7.845,-110.0,20,16,-124.6,44.3,11,9.1,8.0,4.497,7.71,15.96,-14.6,0.0,0.0,12,7,1,-14.6,0.0,-514.4,7,0,0,8.647,11.055,13.12,0
PVC,2000-01,2000,1,3,74.29085181021057,0.0403818226188069,0.4999999999999999,0.8660254037844387,36,-6.935,-11.61,-2.232,9.377,-232.5,24,11,-357.1,17.5,6,8.3,9.3,-2.119,4.497,7.71,-110.0,-14.6,0.0,16,12,7,-124.6,-14.6,0.0,20,7,0,7.845,8.647,11.055,0
PVC,2000-02,2000,2,7,74.29085181021057,0.0942242527772163,0.8660254037844386,0.5000000000000001,37,-4.2,-8.883,0.51,9.393,-160.2,22,5,-517.3,38.4,7,11.7,8.7,-6.935,-2.119,4.497,-232.5,-110.0,-14.6,11,16,12,-357.1,-124.6,-14.6,24,20,7,9.377,7.845,8.647,0
PVC,2000-03,2000,3,2,74.29085181021057,0.0269212150792046,1.0,6.123233995736766e-17,38,3.584,-1.71,8.839,10.548,-22.3,7,17,-539.6,133.4,24,6.5,12.9,-4.2,-6.935,-2.119,-160.2,-232.5,-110.0,5,11,16,-517.3,-357.1,-124.6,22,24,20,9.393,9.377,7.845,0
PVC,2000-04,2000,4,0,74.29085181021057,0.0,0.8660254037844387,-0.4999999999999998,39,6.057,0.98,11.107,10.127,-4.2,5,12,-543.8,185.9,25,8.4,8.5,3.584,-4.2,-6.935,-22.3,-160.2,-232.5,17,5,11,-539.6,-517.3,-357.1,7,22,24,10.548,9.393,9.377,0
PVC,2000-05,2000,5,0,74.29085181021057,0.0,0.4999999999999999,-0.8660254037844387,40,13.687,8.003,19.31,11.306,0.0,0,0,-543.8,424.3,31,7.3,6.0,6.057,3.584,-4.2,-4.2,-22.3,-160.2,12,17,5,-543.8,-539.6,-517.3,5,7,22,10.127,10.548,9.393,0
PVC,2000-06,2000,6,1,74.29085181021057,0.0134606075396023,1.2246467991473532e-16,-1.0,41,17.81,12.317,23.253,10.937,0.0,0,0,-543.8,534.3,30,7.5,5.1,13.687,6.057,3.584,0.0,-4.2,-22.3,0,12,17,-543.8,-543.8,-539.6,0,5,7,11.306,10.127,10.548,0
PVC,2000-07,2000,7,0,74.29085181021057,0.0,-0.4999999999999997,-0.8660254037844388,42,18.845,13.477,24.168,10.69,0.0,0,0,-543.8,584.2,31,2.9,6.7,17.81,13.687,6.057,0.0,0.0,-4.2,0,0,12,-543.8,-543.8,-543.8,0,0,5,10.937,11.306,10.127,0
PVC,2000-08,2000,8,2,74.29085181021057,0.0269212150792046,-0.8660254037844384,-0.5000000000000004,43,18.535,13.026,23.987,10.961,0.0,0,0,-543.8,574.6,31,4.9,6.4,18.845,17.81,13.687,0.0,0.0,0.0,0,0,0,-543.8,-543.8,-543.8,0,0,0,10.69,10.937,11.306,0
PVC,2000-09,2000,9,2,74.29085181021057,0.0269212150792046,-1.0,-1.8369701987210294e-16,44,14.327,8.593,20.003,11.41,0.0,0,1,-543.8,429.8,30,6.2,9.2,18.535,18.845,17.81,0.0,0.0,0.0,0,0,0,-543.8,-543.8,-543.8,0,0,0,10.961,10.69,10.937,0
PVC,2000-10,2000,10,0,74.29085181021057,0.0,-0.8660254037844386,0.5000000000000001,45,9.884,4.148,15.558,11.41,0.0,0,7,0.0,306.4,31,6.0,9.3,14.327,18.535,18.845,0.0,0.0,0.0,1,0,0,-543.8,-543.8,-543.8,0,0,0,11.41,10.961,10.69,0
PVC,2000-11,2000,11,1,74.29085181021057,0.0134606075396023,-0.5000000000000004,0.8660254037844384,46,2.303,-1.487,6.07,7.557,-33.5,10,14,-33.5,102.6,20,7.2,6.9,9.884,14.327,18.535,0.0,0.0,0.0,7,1,0,0.0,-543.8,-543.8,0,0,0,11.41,11.41,10.961,0
PVC,2000-12,2000,12,1,74.29085181021057,0.0134606075396023,-2.4492935982947064e-16,1.0,47,-8.661,-12.768,-4.526,8.242,-269.5,30,5,-303.0,1.0,1,9.6,7.8,2.303,9.884,14.327,-33.5,0.0,0.0,14,7,1,-33.5,0.0,-543.8,10,0,0,7.557,11.41,11.41,0
PVC,2001-01,2001,1,2,90.14206240408924,0.0221872003663993,0.4999999999999999,0.8660254037844387,48,-5.065,-8.19,-1.91,6.281,-159.8,28,7,-462.8,2.8,3,6.8,7.4,-8.661,2.303,9.884,-269.5,-33.5,0.0,5,14,7,-303.0,-33.5,0.0,30,10,0,8.242,7.557,11.41,0
PVC,2001-02,2001,2,6,90.14206240408924,0.0665616010991979,0.8660254037844386,0.5000000000000001,49,-4.15,-7.479,-0.786,6.693,-125.3,25,10,-588.1,9.1,3,11.9,9.2,-5.065,-8.661,2.303,-159.8,-269.5,-33.5,7,5,14,-462.8,-303.0,-33.5,28,30,10,6.281,8.242,7.557,0
PVC,2001-03,2001,3,0,90.14206240408924,0.0,1.0,6.123233995736766e-17,50,-1.958,-5.794,1.887,7.681,-82.2,19,20,-670.3,21.5,12,8.9,4.7,-4.15,-5.065,-8.661,-125.3,-159.8,-269.5,10,7,5,-588.1,-462.8,-303.0,25,28,30,6.693,6.281,8.242,0
PVC,2001-04,2001,4,0,90.14206240408924,0.0,0.8660254037844387,-0.4999999999999998,51,7.18,1.073,13.233,12.16,0.0,0,14,-670.3,215.4,30,10.4,10.5,-1.958,-4.15,-5.065,-82.2,-125.3,-159.8,20,10,7,-670.3,-588.1,-462.8,19,25,28,7.681,6.693,6.281,0
PVC,2001-05,2001,5,2,90.14206240408924,0.0221872003663993,0.4999999999999999,-0.8660254037844387,52,13.723,7.981,19.397,11.416,0.0,0,1,-670.3,425.4,31,4.7,8.5,7.18,-1.958,-4.15,0.0,-82.2,-125.3,14,20,10,-670.3,-670.3,-588.1,0,19,25,12.16,7.681,6.693,0
PVC,2001-06,2001,6,0,90.14206240408924,0.0,1.2246467991473532e-16,-1.0,53,18.513,12.663,24.313,11.65,0.0,0,0,-670.3,555.4,30,5.9,6.8,13.723,7.18,-1.958,0.0,0.0,-82.2,1,14,20,-670.3,-670.3,-670.3,0,0,19,11.416,12.16,7.681,0
PVC,2001-07,2001,7,4,90.14206240408924,0.0443744007327986,-0.4999999999999997,-0.8660254037844388,54,19.4,13.403,25.332,11.929,0.0,0,0,-670.3,601.4,31,4.1,6.7,18.513,13.723,7.18,0.0,0.0,0.0,0,1,14,-670.3,-670.3,-670.3,0,0,0,11.65,11.416,12.16,0
PVC,2001-08,2001,8,2,90.14206240408924,0.0221872003663993,-0.8660254037844384,-0.5000000000000004,55,20.965,14.487,27.394,12.906,0.0,0,0,-670.3,649.9,31,2.8,7.7,19.4,18.513,13.723,0.0,0.0,0.0,0,0,1,-670.3,-670.3,-670.3,0,0,0,11.929,11.65,11.416,0
PVC,2001-09,2001,9,0,90.14206240408924,0.0,-1.0,-1.8369701987210294e-16,56,14.68,8.543,20.78,12.237,0.0,0,0,-670.3,440.4,30,5.2,6.0,20.965,19.4,18.513,0.0,0.0,0.0,0,0,0,-670.3,-670.3,-670.3,0,0,0,12.906,11.929,11.65,0
PVC,2001-10,2001,10,4,90.14206240408924,0.0443744007327986,-0.8660254037844386,0.5000000000000001,57,9.074,4.1,14.006,9.906,0.0,0,7,0.0,281.3,31,5.8,8.5,14.68,20.965,19.4,0.0,0.0,0.0,0,0,0,-670.3,-670.3,-670.3,0,0,0,12.237,12.906,11.929,0
PVC,2001-11,2001,11,3,90.14206240408924,0.0332808005495989,-0.5000000000000004,0.8660254037844384,58,5.64,0.98,10.227,9.247,-0.3,1,14,-0.3,169.5,29,6.9,7.0,9.074,14.68,20.965,0.0,0.0,0.0,7,0,0,0.0,-670.3,-670.3,0,0,0,9.906,12.237,12.906,0
PVC,2001-12,2001,12,0,90.14206240408924,0.0,-2.4492935982947064e-16,1.0,59,-0.171,-3.484,3.132,6.616,-66.1,16,15,-66.4,60.8,15,8.3,7.0,5.64,9.074,14.68,-0.3,0.0,0.0,14,7,0,-0.3,0.0,-670.3,1,0,0,9.247,9.906,12.237,0
PVC,2002-01,2002,1,1,105.94155793780654,0.0094391664561611,0.4999999999999999,0.8660254037844387,60,-2.184,-5.271,0.919,6.19,-89.3,21,10,-155.7,21.6,10,6.7,8.0,-0.171,5.64,9.074,-66.1,-0.3,0.0,15,14,7,-66.4,-0.3,0.0,16,1,0,6.616,9.247,9.906,0
PVC,2002-02,2002,2,0,105.94155793780654,0.0,0.8660254037844386,0.5000000000000001,61,-3.143,-7.464,1.221,8.686,-105.2,23,15,-260.9,17.2,5,8.1,7.6,-2.184,-0.171,5.64,-89.3,-66.1,-0.3,10,15,14,-155.7,-66.4,-0.3,21,16,1,6.19,6.616,9.247,0
PVC,2002-03,2002,3,1,105.94155793780654,0.0094391664561611,1.0,6.123233995736766e-17,62,-0.748,-5.41,3.916,9.326,-74.9,18,20,-335.8,51.7,13,8.3,13.6,-3.143,-2.184,-0.171,-105.2,-89.3,-66.1,15,10,15,-260.9,-155.7,-66.4,23,21,16,8.686,6.19,6.616,0
PVC,2002-04,2002,4,0,105.94155793780654,0.0,0.8660254037844387,-0.4999999999999998,63,6.347,1.777,10.897,9.12,-7.8,6,14,-343.6,198.2,24,6.7,7.5,-0.748,-3.143,-2.184,-74.9,-105.2,-89.3,20,15,10,-335.8,-260.9,-155.7,18,23,21,9.326,8.686,6.19,0
PVC,2002-05,2002,5,5,105.94155793780654,0.0471958322808059,0.4999999999999999,-0.8660254037844387,64,9.565,3.758,15.332,11.574,0.0,0,6,-343.6,296.5,31,7.2,6.1,6.347,-0.748,-3.143,-7.8,-74.9,-105.2,14,20,15,-343.6,-335.8,-260.9,6,18,23,9.12,9.326,8.686,0
PVC,2002-06,2002,6,1,105.94155793780654,0.0094391664561611,1.2246467991473532e-16,-1.0,65,18.047,12.47,23.573,11.103,0.0,0,0,-343.6,541.4,30,6.8,6.9,9.565,6.347,-0.748,0.0,-7.8,-74.9,6,14,20,-343.6,-343.6,-335.8,0,6,18,11.574,9.12,9.326,0
PVC,2002-07,2002,7,2,105.94155793780654,0.0188783329123223,-0.4999999999999997,-0.8660254037844388,66,22.01,15.535,28.432,12.897,0.0,0,0,-343.6,682.3,31,5.5,9.2,18.047,9.565,6.347,0.0,0.0,-7.8,0,6,14,-343.6,-343.6,-343.6,0,0,6,11.103,11.574,9.12,0
PVC,2002-08,2002,8,1,105.94155793780654,0.0094391664561611,-0.8660254037844384,-0.5000000000000004,67,19.977,13.268,26.639,13.371,0.0,0,0,-343.6,619.3,31,3.0,6.8,22.01,18.047,9.565,0.0,0.0,0.0,0,0,6,-343.6,-343.6,-343.6,0,0,0,12.897,11.103,11.574,0
PVC,2002-09,2002,9,0,105.94155793780654,0.0,-1.0,-1.8369701987210294e-16,68,17.893,10.987,24.747,13.76,0.0,0,0,-343.6,536.8,30,7.2,7.9,19.977,22.01,18.047,0.0,0.0,0.0,0,0,0,-343.6,-343.6,-343.6,0,0,0,13.371,12.897,11.103,0
PVC,2002-10,2002,10,1,105.94155793780654,0.0094391664561611,-0.8660254037844386,0.5000000000000001,69,6.932,1.81,12.023,10.213,-2.0,4,15,-2.0,216.9,27,5.8,8.7,17.893,19.977,22.01,0.0,0.0,0.0,0,0,0,-343.6,-343.6,-343.6,0,0,0,13.76,13.371,12.897,0
PVC,2002-11,2002,11,3,105.94155793780654,0.0283174993684835,-0.5000000000000004,0.8660254037844384,70,1.787,-1.517,5.087,6.603,-26.7,10,17,-28.7,80.3,19,10.8,8.0,6.932,17.893,19.977,-2.0,0.0,0.0,15,0,0,-2.0,-343.6,-343.6,4,0,0,10.213,13.76,13.371,0
PVC,2002-12,2002,12,8,105.94155793780654,0.0755133316492894,-2.4492935982947064e-16,1.0,71,-3.794,-7.419,-0.139,7.281,-130.3,25,13,-159.0,12.7,6,8.5,7.6,1.787,6.932,17.893,-26.7,-2.0,0.0,17,15,0,-28.7,-2.0,-343.6,10,4,0,6.603,10.213,13.76,0
PVC,2003-01,2003,1,8,118.58941636695874,0.0674596455997817,0.4999999999999999,0.8660254037844387,72,-10.013,-14.503,-5.461,9.042,-312.6,30,2,-471.6,2.2,1,11.3,6.3,-3.794,1.787,6.932,-130.3,-26.7,-2.0,13,17,15,-159.0,-28.7,-2.0,25,10,4,7.281,6.603,10.213,0
PVC,2003-02,2003,2,9,118.58941636695874,0.0758921012997545,0.8660254037844386,0.5000000000000001,73,-8.996,-14.307,-3.636,10.671,-252.2,27,8,-723.8,0.3,1,6.6,8.5,-10.013,-3.794,1.787,-312.6,-130.3,-26.7,2,13,17,-471.6,-159.0,-28.7,30,25,10,9.042,7.281,6.603,0
PVC,2003-03,2003,3,6,118.58941636695874,0.0505947341998363,1.0,6.123233995736766e-17,74,-2.603,-9.055,3.855,12.91,-147.1,17,17,-870.9,66.4,14,14.6,10.9,-8.996,-10.013,-3.794,-252.2,-312.6,-130.3,8,2,13,-723.8,-471.6,-159.0,27,30,25,10.671,9.042,7.281,0
PVC,2003-04,2003,4,1,118.58941636695874,0.0084324556999727,0.8660254037844387,-0.4999999999999998,75,4.777,-1.54,11.073,12.613,-23.1,8,17,-894.0,166.4,22,9.5,10.5,-2.603,-8.996,-10.013,-147.1,-252.2,-312.6,17,8,2,-870.9,-723.8,-471.6,17,27,30,12.91,10.671,9.042,0
PVC,2003-05,2003,5,1,118.58941636695874,0.0084324556999727,0.4999999999999999,-0.8660254037844387,76,11.0,5.326,16.613,11.287,0.0,0,1,-894.0,341.0,31,3.8,7.1,4.777,-2.603,-8.996,-23.1,-147.1,-252.2,17,17,8,-894.0,-870.9,-723.8,8,17,27,12.613,12.91,10.671,0
PVC,2003-06,2003,6,0,118.58941636695874,0.0,1.2246467991473532e-16,-1.0,77,16.673,10.017,23.277,13.26,0.0,0,0,-894.0,500.2,30,4.7,7.7,11.0,4.777,-2.603,0.0,-23.1,-147.1,1,17,17,-894.0,-894.0,-870.9,0,8,17,11.287,12.613,12.91,0
PVC,2003-07,2003,7,1,118.58941636695874,0.0084324556999727,-0.4999999999999997,-0.8660254037844388,78,19.213,12.713,25.671,12.958,0.0,0,0,-894.0,595.6,31,3.3,4.5,16.673,11.0,4.777,0.0,0.0,-23.1,0,1,17,-894.0,-894.0,-894.0,0,0,8,13.26,11.287,12.613,0
PVC,2003-08,2003,8,0,118.58941636695874,0.0,-0.8660254037844384,-0.5000000000000004,79,19.726,13.161,26.252,13.09,0.0,0,0,-894.0,611.5,31,7.9,6.1,19.213,16.673,11.0,0.0,0.0,0.0,0,0,1,-894.0,-894.0,-894.0,0,0,0,12.958,13.26,11.287,0
PVC,2003-09,2003,9,1,118.58941636695874,0.0084324556999727,-1.0,-1.8369701987210294e-16,80,14.73,8.04,21.373,13.333,0.0,0,0,-894.0,441.9,30,4.1,6.5,19.726,19.213,16.673,0.0,0.0,0.0,0,0,0,-894.0,-894.0,-894.0,0,0,0,13.09,12.958,13.26,0
PVC,2003-10,2003,10,0,118.58941636695874,0.0,-0.8660254037844386,0.5000000000000001,81,7.294,1.548,13.006,11.458,-0.1,1,14,-0.1,226.2,30,8.2,8.9,14.73,19.726,19.213,0.0,0.0,0.0,0,0,0,-894.0,-894.0,-894.0,0,0,0,13.333,13.09,12.958,0
PVC,2003-11,2003,11,1,118.58941636695874,0.0084324556999727,-0.5000000000000004,0.8660254037844384,82,3.52,-0.657,7.677,8.333,-9.6,7,17,-9.7,115.2,23,6.8,5.7,7.294,14.73,19.726,-0.1,0.0,0.0,14,0,0,-0.1,-894.0,-894.0,1,0,0,11.458,13.333,13.09,0
PVC,2003-12,2003,12,2,118.58941636695874,0.0168649113999454,-2.4492935982947064e-16,1.0,83,-1.677,-5.187,1.829,7.016,-77.8,19,14,-87.5,25.8,12,5.2,8.6,3.52,7.294,14.73,-9.6,-0.1,0.0,17,14,0,-9.7,-0.1,-894.0,7,1,0,8.333,11.458,13.333,0
PVC,2004-01,2004,1,2,136.52844335832023,0.0146489621561932,0.4999999999999999,0.8660254037844387,84,-10.361,-14.781,-5.906,8.874,-332.5,29,3,-420.0,11.3,2,11.8,10.1,-1.677,3.52,7.294,-77.8,-9.6,-0.1,14,17,14,-87.5,-9.7,-0.1,19,7,1,7.016,8.333,11.458,0
PVC,2004-02,2004,2,5,136.52844335832023,0.036622405390483,0.8660254037844386,0.5000000000000001,85,-6.11,-11.624,-0.548,11.076,-178.7,27,11,-598.7,1.5,2,10.0,8.8,-10.361,-1.677,3.52,-332.5,-77.8,-9.6,3,14,17,-420.0,-87.5,-9.7,29,19,7,8.874,7.016,8.333,0
PVC,2004-03,2004,3,0,136.52844335832023,0.0,1.0,6.123233995736766e-17,86,0.552,-3.545,4.645,8.19,-62.8,16,14,-661.5,79.9,15,9.3,7.1,-6.11,-10.361,-1.677,-178.7,-332.5,-77.8,11,3,14,-598.7,-420.0,-87.5,27,29,19,11.076,8.874,7.016,0
PVC,2004-04,2004,4,0,136.52844335832023,0.0,0.8660254037844387,-0.4999999999999998,87,6.197,0.697,11.653,10.957,-5.4,3,13,-666.9,191.3,27,13.0,8.5,0.552,-6.11,-10.361,-62.8,-178.7,-332.5,14,11,3,-661.5,-598.7,-420.0,16,27,29,8.19,11.076,8.874,0
PVC,2004-05,2004,5,0,136.52844335832023,0.0,0.4999999999999999,-0.8660254037844387,88,11.887,5.842,17.884,12.042,0.0,0,2,-666.9,368.5,31,8.0,8.0,6.197,0.552,-6.11,-5.4,-62.8,-178.7,13,14,11,-666.9,-661.5,-598.7,3,16,27,10.957,8.19,11.076,0
PVC,2004-06,2004,6,1,136.52844335832023,0.0073244810780966,1.2246467991473532e-16,-1.0,89,15.46,8.827,22.04,13.213,0.0,0,0,-666.9,463.8,30,5.0,10.2,11.887,6.197,0.552,0.0,-5.4,-62.8,2,13,14,-666.9,-666.9,-661.5,0,3,16,12.042,10.957,8.19,0
PVC,2004-07,2004,7,0,136.52844335832023,0.0,-0.4999999999999997,-0.8660254037844388,90,18.903,12.794,24.968,12.174,0.0,0,0,-666.9,586.0,31,4.4,7.1,15.46,11.887,6.197,0.0,0.0,-5.4,0,2,13,-666.9,-666.9,-666.9,0,0,3,13.213,12.042,10.957,0
PVC,2004-08,2004,8,1,136.52844335832023,0.0073244810780966,-0.8660254037844384,-0.5000000000000004,91,17.213,11.039,23.345,12.306,0.0,0,0,-666.9,533.6,31,5.7,5.5,18.903,15.46,11.887,0.0,0.0,0.0,0,0,2,-666.9,-666.9,-666.9,0,0,0,12.174,13.213,12.042,0
PVC,2004-09,2004,9,0,136.52844335832023,0.0,-1.0,-1.8369701987210294e-16,92,16.08,8.753,23.353,14.6,0.0,0,0,-666.9,482.4,30,3.5,6.1,17.213,18.903,15.46,0.0,0.0,0.0,0,0,0,-666.9,-666.9,-666.9,0,0,0,12.306,12.174,13.213,0
PVC,2004-10,2004,10,0,136.52844335832023,0.0,-0.8660254037844386,0.5000000000000001,93,8.726,3.274,14.132,10.858,0.0,0,6,0.0,270.5,31,7.1,6.5,16.08,17.213,18.903,0.0,0.0,0.0,0,0,0,-666.9,-666.9,-666.9,0,0,0,14.6,12.306,12.174,0
PVC,2004-11,2004,11,1,136.52844335832023,0.0073244810780966,-0.5000000000000004,0.8660254037844384,94,3.57,-1.0,8.117,9.117,-7.3,6,17,-7.3,114.4,24,8.2,7.7,8.726,16.08,17.213,0.0,0.0,0.0,6,0,0,0.0,-666.9,-666.9,0,0,0,10.858,14.6,12.306,0
PVC,2004-12,2004,12,3,136.52844335832023,0.0219734432342898,-2.4492935982947064e-16,1.0,95,-4.584,-9.042,-0.103,8.939,-161.1,24,16,-168.4,19.0,7,14.4,8.4,3.57,8.726,16.08,-7.3,0.0,0.0,17,6,0,-7.3,0.0,-666.9,6,0,0,9.117,10.858,14.6,0
PVC,2005-01,2005,1,3,157.635116684348,0.0190312924118758,0.4999999999999999,0.8660254037844387,96,-8.281,-13.403,-3.123,10.281,-270.5,26,7,-438.9,13.8,5,9.3,13.3,-4.584,3.57,8.726,-161.1,-7.3,0.0,16,17,6,-168.4,-7.3,0.0,24,6,0,8.939,9.117,10.858,0
PVC,2005-02,2005,2,3,157.635116684348,0.0190312924118758,0.8660254037844386,0.5000000000000001,97,-6.411,-11.889,-0.882,11.007,-184.7,25,10,-623.6,5.2,3,10.8,8.2,-8.281,-4.584,3.57,-270.5,-161.1,-7.3,7,16,17,-438.9,-168.4,-7.3,26,24,6,10.281,8.939,9.117,0
PVC,2005-03,2005,3,7,157.635116684348,0.0444063489610437,1.0,6.123233995736766e-17,98,-3.952,-9.316,1.452,10.768,-146.5,26,17,-770.1,24.0,5,10.7,9.2,-6.411,-8.281,-4.584,-184.7,-270.5,-161.1,10,7,16,-623.6,-438.9,-168.4,25,26,24,11.007,10.281,8.939,0
PVC,2005-04,2005,4,0,157.635116684348,0.0,0.8660254037844387,-0.4999999999999998,99,6.18,-0.477,12.77,13.247,0.0,0,18,-770.1,185.4,30,3.7,5.3,-3.952,-6.411,-8.281,-146.5,-184.7,-270.5,17,10,7,-770.1,-623.6,-438.9,26,25,26,10.768,11.007,10.281,0
PVC,2005-05,2005,5,2,157.635116684348,0.0126875282745839,0.4999999999999999,-0.8660254037844387,100,10.1,3.155,16.99,13.835,0.0,0,5,-770.1,313.1,31,5.7,6.2,6.18,-3.952,-6.411,0.0,-146.5,-184.7,18,17,10,-770.1,-770.1,-623.6,0,26,25,13.247,10.768,11.007,0
PVC,2005-06,2005,6,0,157.635116684348,0.0,1.2246467991473532e-16,-1.0,101,20.583,13.457,27.653,14.197,0.0,0,0,-770.1,617.5,30,6.6,5.1,10.1,6.18,-3.952,0.0,0.0,-146.5,5,18,17,-770.1,-770.1,-770.1,0,0,26,13.835,13.247,10.768,0
PVC,2005-07,2005,7,1,157.635116684348,0.0063437641372919,-0.4999999999999997,-0.8660254037844388,102,21.181,13.652,28.658,15.006,0.0,0,0,-770.1,656.6,31,5.0,4.7,20.583,10.1,6.18,0.0,0.0,0.0,0,5,18,-770.1,-770.1,-770.1,0,0,0,14.197,13.835,13.247,0
PVC,2005-08,2005,8,1,157.635116684348,0.0063437641372919,-0.8660254037844384,-0.5000000000000004,103,19.806,13.371,26.187,12.816,0.0,0,0,-770.1,614.0,31,3.2,6.3,21.181,20.583,10.1,0.0,0.0,0.0,0,0,5,-770.1,-770.1,-770.1,0,0,0,15.006,14.197,13.835,0
PVC,2005-09,2005,9,1,157.635116684348,0.0063437641372919,-1.0,-1.8369701987210294e-16,104,16.343,9.223,23.403,14.18,0.0,0,0,-770.1,490.3,30,8.2,6.0,19.806,21.181,20.583,0.0,0.0,0.0,0,0,0,-770.1,-770.1,-770.1,0,0,0,12.816,15.006,14.197,0
PVC,2005-10,2005,10,0,157.635116684348,0.0,-0.8660254037844386,0.5000000000000001,105,9.7,4.623,14.716,10.094,0.0,0,6,0.0,300.7,31,4.5,8.9,16.343,19.806,21.181,0.0,0.0,0.0,0,0,0,-770.1,-770.1,-770.1,0,0,0,14.18,12.816,15.006,0
PVC,2005-11,2005,11,0,157.635116684348,0.0,-0.5000000000000004,0.8660254037844384,106,3.563,-1.387,8.497,9.883,-47.4,9,7,-47.4,154.3,21,14.5,11.0,9.7,16.343,19.806,0.0,0.0,0.0,6,0,0,0.0,-770.1,-770.1,0,0,0,10.094,14.18,12.816,0
PVC,2005-12,2005,12,4,157.635116684348,0.0253750565491678,-2.4492935982947064e-16,1.0,107,-5.277,-8.252,-2.287,5.965,-167.3,27,9,-214.7,3.7,4,7.5,9.3,3.563,9.7,16.343,-47.4,0.0,0.0,7,6,0,-47.4,0.0,-770.1,9,0,0,9.883,10.094,14.18,0
PVC,2006-01,2006,1,1,180.3574468670304,0.0055445451095637,0.4999999999999999,0.8660254037844387,108,-1.052,-4.668,2.6,7.268,-68.4,20,20,-283.1,35.8,11,9.8,7.7,-5.277,3.563,9.7,-167.3,-47.4,0.0,9,7,6,-214.7,-47.4,0.0,27,9,0,5.965,9.883,10.094,0
PVC,2006-02,2006,2,0,180.3574468670304,0.0,0.8660254037844386,0.5000000000000001,109,-5.257,-9.075,-1.414,7.661,-154.2,23,12,-437.3,7.0,5,5.4,10.8,-1.052,-5.277,3.563,-68.4,-167.3,-47.4,20,9,7,-283.1,-214.7,-47.4,20,27,9,7.268,5.965,9.883,0
PVC,2006-03,2006,3,0,180.3574468670304,0.0,1.0,6.123233995736766e-17,110,-0.142,-5.142,4.858,10.0,-66.2,17,21,-503.5,61.8,14,8.1,8.2,-5.257,-1.052,-5.277,-154.2,-68.4,-167.3,12,20,9,-437.3,-283.1,-214.7,23,20,27,7.661,7.268,5.965,0
PVC,2006-04,2006,4,0,180.3574468670304,0.0,0.8660254037844387,-0.4999999999999998,111,7.25,0.637,13.82,13.183,-0.5,1,15,-504.0,218.0,28,6.5,9.0,-0.142,-5.257,-1.052,-66.2,-154.2,-68.4,21,12,20,-503.5,-437.3,-283.1,17,23,20,10.0,7.661,7.268,0
PVC,2006-05,2006,5,0,180.3574468670304,0.0,0.4999999999999999,-0.8660254037844387,112,12.835,6.242,19.371,13.129,0.0,0,4,-504.0,397.9,31,6.4,5.2,7.25,-0.142,-5.257,-0.5,-66.2,-154.2,15,21,12,-504.0,-503.5,-437.3,1,17,23,13.183,10.0,7.661,0
PVC,2006-06,2006,6,0,180.3574468670304,0.0,1.2246467991473532e-16,-1.0,113,17.603,10.91,24.257,13.347,0.0,0,0,-504.0,528.1,30,8.0,6.6,12.835,7.25,-0.142,0.0,-0.5,-66.2,4,15,21,-504.0,-504.0,-503.5,0,1,17,13.129,13.183,10.0,0
PVC,2006-07,2006,7,0,180.3574468670304,0.0,-0.4999999999999997,-0.8660254037844388,114,21.571,15.058,28.045,12.987,0.0,0,0,-504.0,668.7,31,6.2,5.6,17.603,12.835,7.25,0.0,0.0,-0.5,0,4,15,-504.0,-504.0,-504.0,0,0,1,13.347,13.129,13.183,0
PVC,2006-08,2006,8,0,180.3574468670304,0.0,-0.8660254037844384,-0.5000000000000004,115,18.581,12.048,25.065,13.016,0.0,0,0,-504.0,576.0,31,4.4,7.7,21.571,17.603,12.835,0.0,0.0,0.0,0,0,4,-504.0,-504.0,-504.0,0,0,0,12.987,13.347,13.129,0
PVC,2006-09,2006,9,0,180.3574468670304,0.0,-1.0,-1.8369701987210294e-16,116,13.733,8.523,18.89,10.367,0.0,0,0,-504.0,412.0,30,9.5,7.2,18.581,21.571,17.603,0.0,0.0,0.0,0,0,0,-504.0,-504.0,-504.0,0,0,0,13.016,12.987,13.347,0
PVC,2006-10,2006,10,0,180.3574468670304,0.0,-0.8660254037844386,0.5000000000000001,117,7.19,1.968,12.361,10.394,0.0,0,10,0.0,222.9,31,5.7,8.9,13.733,18.581,21.571,0.0,0.0,0.0,0,0,0,-504.0,-504.0,-504.0,0,0,0,10.367,13.016,12.987,0
PVC,2006-11,2006,11,2,180.3574468670304,0.0110890902191275,-0.5000000000000004,0.8660254037844384,118,4.137,-0.033,8.253,8.287,-0.9,3,15,-0.9,125.0,27,6.0,5.3,7.19,13.733,18.581,0.0,0.0,0.0,10,0,0,0.0,-504.0,-504.0,0,0,0,10.394,10.367,13.016,0
PVC,2006-12,2006,12,0,180.3574468670304,0.0,-2.4492935982947064e-16,1.0,119,0.413,-2.955,3.768,6.723,-41.9,13,18,-42.8,54.7,18,6.7,8.3,4.137,7.19,13.733,-0.9,0.0,0.0,15,10,0,-0.9,0.0,-504.0,3,0,0,8.287,10.394,10.367,0
PVC,2007-01,2007,1,4,190.7064100073707,0.0209746489373136,0.4999999999999999,0.8660254037844387,120,-4.526,-8.623,-0.41,8.213,-175.8,23,6,-218.6,35.5,8,8.3,9.5,0.413,4.137,7.19,-41.9,-0.9,0.0,18,15,10,-42.8,-0.9,0.0,13,3,0,6.723,8.287,10.394,0
PVC,2007-02,2007,2,6,190.7064100073707,0.0314619734059704,0.8660254037844386,0.5000000000000001,121,-10.039,-14.346,-5.696,8.65,-281.1,28,5,-499.7,0.0,0,9.2,8.5,-4.526,0.413,4.137,-175.8,-41.9,-0.9,6,18,15,-218.6,-42.8,-0.9,23,13,3,8.213,6.723,8.287,0
PVC,2007-03,2007,3,5,190.7064100073707,0.026218311171642,1.0,6.123233995736766e-17,122,-0.774,-5.845,4.31,10.155,-93.3,18,17,-593.0,69.3,13,10.0,8.5,-10.039,-4.526,0.413,-281.1,-175.8,-41.9,5,6,18,-499.7,-218.6,-42.8,28,23,13,8.65,8.213,6.723,0
PVC,2007-04,2007,4,2,190.7064100073707,0.0104873244686568,0.8660254037844387,-0.4999999999999998,123,4.567,-0.543,9.65,10.193,-23.4,8,10,-616.4,160.4,22,6.0,6.9,-0.774,-10.039,-4.526,-93.3,-281.1,-175.8,17,5,6,-593.0,-499.7,-218.6,18,28,23,10.155,8.65,8.213,0
PVC,2007-05,2007,5,0,190.7064100073707,0.0,0.4999999999999999,-0.8660254037844387,124,12.994,5.29,20.642,15.352,0.0,0,4,-616.4,402.8,31,11.2,10.4,4.567,-0.774,-10.039,-23.4,-93.3,-281.1,10,17,5,-616.4,-593.0,-499.7,8,18,28,10.193,10.155,8.65,0
PVC,2007-06,2007,6,0,190.7064100073707,0.0,1.2246467991473532e-16,-1.0,125,18.523,10.493,26.513,16.02,0.0,0,0,-616.4,555.7,30,7.6,9.2,12.994,4.567,-0.774,0.0,-23.4,-93.3,4,10,17,-616.4,-616.4,-593.0,0,8,18,15.352,10.193,10.155,0
PVC,2007-07,2007,7,1,190.7064100073707,0.0052436622343284,-0.4999999999999997,-0.8660254037844388,126,18.832,11.129,26.465,15.335,0.0,0,0,-616.4,583.8,31,4.3,8.1,18.523,12.994,4.567,0.0,0.0,-23.4,0,4,10,-616.4,-616.4,-616.4,0,0,8,16.02,15.352,10.193,0
PVC,2007-08,2007,8,0,190.7064100073707,0.0,-0.8660254037844384,-0.5000000000000004,127,19.465,12.161,26.713,14.552,0.0,0,0,-616.4,603.4,31,5.0,7.0,18.832,18.523,12.994,0.0,0.0,0.0,0,0,4,-616.4,-616.4,-616.4,0,0,0,15.335,16.02,15.352,0
PVC,2007-09,2007,9,0,190.7064100073707,0.0,-1.0,-1.8369701987210294e-16,128,16.29,8.45,24.17,15.72,0.0,0,2,-616.4,488.7,30,7.2,10.2,19.465,18.832,18.523,0.0,0.0,0.0,0,0,0,-616.4,-616.4,-616.4,0,0,0,14.552,15.335,16.02,1
PVC,2007-10,2007,10,0,190.7064100073707,0.0,-0.8660254037844386,0.5000000000000001,129,12.394,6.71,18.032,11.323,0.0,0,3,0.0,384.2,31,5.2,8.2,16.29,19.465,18.832,0.0,0.0,0.0,2,0,0,-616.4,-616.4,-616.4,0,0,0,15.72,14.552,15.335,0
PVC,2007-11,2007,11,1,190.7064100073707,0.0052436622343284,-0.5000000000000004,0.8660254037844384,130,0.94,-3.383,5.253,8.637,-29.9,11,20,-29.9,58.1,19,7.5,6.6,12.394,16.29,19.465,0.0,0.0,0.0,3,2,0,0.0,-616.4,-616.4,0,0,0,11.323,15.72,14.552,0
PVC,2007-12,2007,12,0,190.7064100073707,0.0,-2.4492935982947064e-16,1.0,131,-4.148,-7.703,-0.561,7.142,-132.2,26,14,-162.1,3.6,5,5.7,6.4,0.94,12.394,16.29,-29.9,0.0,0.0,20,3,2,-29.9,0.0,-616.4,11,0,0,8.637,11.323,15.72,0
PVC,2008-01,2008,1,3,201.304848558926,0.0149027707056039,0.4999999999999999,0.8660254037844387,132,-3.832,-7.548,-0.084,7.465,-157.2,24,11,-319.3,38.4,7,8.3,9.5,-4.148,0.94,12.394,-132.2,-29.9,0.0,14,20,3,-162.1,-29.9,0.0,26,11,0,7.142,8.637,11.323,0
PVC,2008-02,2008,2,3,201.304848558926,0.0149027707056039,0.8660254037844386,0.5000000000000001,133,-7.095,-11.238,-2.591,8.647,-205.75,29,5,-525.05,0.0,0,7.6,9.4,-3.832,-4.148,0.94,-157.2,-132.2,-29.9,11,14,20,-319.3,-162.1,-29.9,24,26,11,7.465,7.142,8.637,3
PVC,2008-03,2008,3,2,201.304848558926,0.0099351804704026,1.0,6.123233995736766e-17,134,-4.132,-8.884,0.639,9.523,-140.0,26,14,-665.05,11.9,5,11.1,7.5,-7.095,-3.832,-4.148,-205.75,-157.2,-132.2,5,11,14,-525.05,-319.3,-162.1,29,24,26,8.647,7.465,7.142,0
PVC,2008-04,2008,4,0,201.304848558926,0.0,0.8660254037844387,-0.4999999999999998,135,8.07,1.123,14.97,13.847,-1.2,1,11,-666.25,243.3,29,5.5,7.3,-4.132,-7.095,-3.832,-140.0,-205.75,-157.2,14,5,11,-665.05,-525.05,-319.3,26,29,24,9.523,8.647,7.465,0
PVC,2008-05,2008,5,0,201.304848558926,0.0,0.4999999999999999,-0.8660254037844387,136,10.181,3.697,16.613,12.916,0.0,0,3,-666.25,315.6,31,6.3,10.7,8.07,-4.132,-7.095,-1.2,-140.0,-205.75,11,14,5,-666.25,-665.05,-525.05,1,26,29,13.847,9.523,8.647,0
PVC,2008-06,2008,6,0,201.304848558926,0.0,1.2246467991473532e-16,-1.0,137,18.413,12.837,23.943,11.107,0.0,0,0,-666.25,552.4,30,6.5,5.4,10.181,8.07,-4.132,0.0,-1.2,-140.0,3,11,14,-666.25,-666.25,-665.05,0,1,26,12.916,13.847,9.523,0
PVC,2008-07,2008,7,0,201.304848558926,0.0,-0.4999999999999997,-0.8660254037844388,138,20.2,13.874,26.494,12.619,0.0,0,0,-666.25,626.2,31,4.9,5.6,18.413,10.181,8.07,0.0,0.0,-1.2,0,3,11,-666.25,-666.25,-666.25,0,0,1,11.107,12.916,13.847,0
PVC,2008-08,2008,8,0,201.304848558926,0.0,-0.8660254037844384,-0.5000000000000004,139,17.784,11.177,24.319,13.142,0.0,0,0,-666.25,551.3,31,4.4,7.6,20.2,18.413,10.181,0.0,0.0,0.0,0,0,3,-666.25,-666.25,-666.25,0,0,0,12.619,11.107,12.916,0
PVC,2008-09,2008,9,0,201.304848558926,0.0,-1.0,-1.8369701987210294e-16,140,15.293,8.817,21.71,12.893,0.0,0,0,-666.25,458.8,30,5.2,9.8,17.784,20.2,18.413,0.0,0.0,0.0,0,0,0,-666.25,-666.25,-666.25,0,0,0,13.142,12.619,11.107,0
PVC,2008-10,2008,10,0,201.304848558926,0.0,-0.8660254037844386,0.5000000000000001,141,7.494,1.281,13.652,12.371,-0.9,1,10,-0.9,233.2,30,9.2,4.7,15.293,17.784,20.2,0.0,0.0,0.0,0,0,0,-666.25,-666.25,-666.25,0,0,0,12.893,13.142,12.619,0
PVC,2008-11,2008,11,0,201.304848558926,0.0,-0.5000000000000004,0.8660254037844384,142,1.343,-2.76,5.443,8.203,-52.7,11,13,-53.6,93.0,19,9.2,5.9,7.494,15.293,17.784,-0.9,0.0,0.0,10,0,0,-0.9,-666.25,-666.25,1,0,0,12.371,12.893,13.142,0
PVC,2008-12,2008,12,4,201.304848558926,0.0198703609408052,-2.4492935982947064e-16,1.0,143,-4.387,-8.497,-0.255,8.242,-154.8,25,11,-208.4,18.8,6,10.3,6.9,1.343,7.494,15.293,-52.7,-0.9,0.0,13,10,0,-53.6,-0.9,-666.25,11,1,0,8.203,12.371,12.893,0
PVC,2009-01,2009,1,6,211.4112851145478,0.0283806987727691,0.4999999999999999,0.8660254037844387,144,-10.768,-15.939,-5.558,10.381,-333.8,31,3,-542.2,0.0,0,10.0,10.3,-4.387,1.343,7.494,-154.8,-52.7,-0.9,11,13,10,-208.4,-53.6,-0.9,25,11,1,8.242,8.203,12.371,0
PVC,2009-02,2009,2,1,211.4112851145478,0.0047301164621281,0.8660254037844386,0.5000000000000001,145,-5.2,-10.371,-0.007,10.364,-163.1,24,11,-705.3,17.5,4,10.2,10.0,-10.768,-4.387,1.343,-333.8,-154.8,-52.7,3,11,13,-542.2,-208.4,-53.6,31,25,11,10.381,8.242,8.203,0
PVC,2009-03,2009,3,1,211.4112851145478,0.0047301164621281,1.0,6.123233995736766e-17,146,-0.148,-6.084,5.784,11.868,-63.9,14,24,-769.2,59.3,17,8.0,9.2,-5.2,-10.768,-4.387,-163.1,-333.8,-154.8,11,3,11,-705.3,-542.2,-208.4,24,31,25,10.364,10.381,8.242,0
PVC,2009-04,2009,4,0,211.4112851145478,0.0,0.8660254037844387,-0.4999999999999998,147,6.723,0.61,12.79,12.18,-4.3,2,14,-773.5,206.0,28,7.9,9.8,-0.148,-5.2,-10.768,-63.9,-163.1,-333.8,24,11,3,-769.2,-705.3,-542.2,14,24,31,11.868,10.364,10.381,0
PVC,2009-05,2009,5,1,211.4112851145478,0.0047301164621281,0.4999999999999999,-0.8660254037844387,148,11.855,4.919,18.752,13.832,0.0,0,4,-773.5,367.5,31,6.3,8.1,6.723,-0.148,-5.2,-4.3,-63.9,-163.1,14,24,11,-773.5,-769.2,-705.3,2,14,24,12.18,11.868,10.364,0
PVC,2009-06,2009,6,0,211.4112851145478,0.0,1.2246467991473532e-16,-1.0,149,16.35,10.1,22.547,12.447,0.0,0,0,-773.5,490.5,30,2.8,3.1,11.855,6.723,-0.148,0.0,-4.3,-63.9,4,14,24,-773.5,-773.5,-769.2,0,2,14,13.832,12.18,11.868,0
PVC,2009-07,2009,7,1,211.4112851145478,0.0047301164621281,-0.4999999999999997,-0.8660254037844388,150,17.255,11.352,23.097,11.745,0.0,0,0,-773.5,534.9,31,4.3,4.5,16.35,11.855,6.723,0.0,0.0,-4.3,0,4,14,-773.5,-773.5,-773.5,0,0,2,12.447,13.832,12.18,0
PVC,2009-08,2009,8,0,211.4112851145478,0.0,-0.8660254037844384,-0.5000000000000004,151,18.739,12.513,24.9,12.387,0.0,0,0,-773.5,580.9,31,8.6,4.6,17.255,16.35,11.855,0.0,0.0,0.0,0,0,4,-773.5,-773.5,-773.5,0,0,0,11.745,12.447,13.832,0
PVC,2009-09,2009,9,0,211.4112851145478,0.0,-1.0,-1.8369701987210294e-16,152,14.915,8.243,21.618,13.375,0.0,0,0,-773.5,447.45,30,4.7,5.1,18.739,17.255,16.35,0.0,0.0,0.0,0,0,0,-773.5,-773.5,-773.5,0,0,0,12.387,11.745,12.447,1
PVC,2009-10,2009,10,0,211.4112851145478,0.0,-0.8660254037844386,0.5000000000000001,153,7.384,2.413,12.313,9.9,0.0,0,9,0.0,228.9,31,7.4,6.2,14.915,18.739,17.255,0.0,0.0,0.0,0,0,0,-773.5,-773.5,-773.5,0,0,0,13.375,12.387,11.745,0
PVC,2009-11,2009,11,1,211.4112851145478,0.0047301164621281,-0.5000000000000004,0.8660254037844384,154,4.783,-0.213,9.743,9.957,0.0,0,13,0.0,143.5,30,8.3,5.3,7.384,14.915,18.739,0.0,0.0,0.0,9,0,0,0.0,-773.5,-773.5,0,0,0,9.9,13.375,12.387,0
PVC,2009-12,2009,12,0,211.4112851145478,0.0,-2.4492935982947064e-16,1.0,155,-3.597,-6.771,-0.403,6.368,-125.9,25,13,-125.9,14.4,6,6.0,8.1,4.783,7.384,14.915,0.0,0.0,0.0,13,9,0,0.0,0.0,-773.5,0,0,0,9.957,9.9,13.375,0
PVC,2010-01,2010,1,2,226.62029598664205,0.0088253348681438,0.4999999999999999,0.8660254037844387,156,-6.256,-9.568,-2.929,6.639,-198.45,28,10,-324.35,4.5,3,4.8,7.5,-3.597,4.783,7.384,-125.9,0.0,0.0,13,13,9,-125.9,0.0,0.0,25,0,0,6.368,9.957,9.9,1
PVC,2010-02,2010,2,2,226.62029598664205,0.0088253348681438,0.8660254037844386,0.5000000000000001,157,-5.025,-8.346,-1.646,6.7,-140.7,28,7,-465.05,0.0,0,3.3,4.3,-6.256,-3.597,4.783,-198.45,-125.9,0.0,10,13,13,-324.35,-125.9,0.0,28,25,0,6.639,6.368,9.957,0
PVC,2010-03,2010,3,0,226.62029598664205,0.0,1.0,6.123233995736766e-17,158,2.81,-2.942,8.539,11.481,-18.2,8,26,-483.25,105.3,23,4.4,8.0,-5.025,-6.256,-3.597,-140.7,-198.45,-125.9,7,10,13,-465.05,-324.35,-125.9,28,28,25,6.7,6.639,6.368,0
PVC,2010-04,2010,4,2,226.62029598664205,0.0088253348681438,0.8660254037844387,-0.4999999999999998,159,9.135,1.967,16.23,14.263,0.0,0,9,-483.25,274.05,30,9.9,7.3,2.81,-5.025,-6.256,-18.2,-140.7,-198.45,26,7,10,-483.25,-465.05,-324.35,8,28,28,11.481,6.7,6.639,1
PVC,2010-05,2010,5,1,226.62029598664205,0.0044126674340719,0.4999999999999999,-0.8660254037844387,160,14.01,7.365,20.597,13.232,0.0,0,3,-483.25,434.3,31,8.0,8.7,9.135,2.81,-5.025,0.0,-18.2,-140.7,9,26,7,-483.25,-483.25,-465.05,0,8,28,14.263,11.481,6.7,0
PVC,2010-06,2010,6,1,226.62029598664205,0.0044126674340719,1.2246467991473532e-16,-1.0,161,17.767,12.527,23.055,10.528,0.0,0,0,-483.25,533.0,30,4.6,7.7,14.01,9.135,2.81,0.0,0.0,-18.2,3,9,26,-483.25,-483.25,-483.25,0,0,8,13.232,14.263,11.481,2
PVC,2010-07,2010,7,1,226.62029598664205,0.0044126674340719,-0.4999999999999997,-0.8660254037844388,162,21.206,14.718,27.708,12.99,0.0,0,0,-483.25,657.4,31,4.9,5.4,17.767,14.01,9.135,0.0,0.0,0.0,0,3,9,-483.25,-483.25,-483.25,0,0,0,10.528,13.232,14.263,2
PVC,2010-08,2010,8,1,226.62029598664205,0.0044126674340719,-0.8660254037844384,-0.5000000000000004,163,20.326,13.718,26.868,13.15,0.0,0,0,-483.25,630.1,31,5.6,6.1,21.206,17.767,14.01,0.0,0.0,0.0,0,0,3,-483.25,-483.25,-483.25,0,0,0,12.99,10.528,13.232,2
PVC,2010-09,2010,9,0,226.62029598664205,0.0,-1.0,-1.8369701987210294e-16,164,14.617,9.28,20.037,10.757,0.0,0,0,-483.25,438.5,30,8.5,11.1,20.326,21.206,17.767,0.0,0.0,0.0,0,0,0,-483.25,-483.25,-483.25,0,0,0,13.15,12.99,10.528,1
PVC,2010-10,2010,10,0,226.62029598664205,0.0,-0.8660254037844386,0.5000000000000001,165,8.805,3.216,14.395,11.179,0.0,0,5,0.0,272.95,31,6.7,5.7,14.617,20.326,21.206,0.0,0.0,0.0,0,0,0,-483.25,-483.25,-483.25,0,0,0,10.757,13.15,12.99,1
PVC,2010-11,2010,11,0,226.62029598664205,0.0,-0.5000000000000004,0.8660254037844384,166,2.407,-3.152,7.887,11.038,-6.3,5,26,-6.3,78.5,25,8.4,5.45,8.805,14.617,20.326,0.0,0.0,0.0,5,0,0,0.0,-483.25,-483.25,0,0,0,11.179,10.757,13.15,8
PVC,2010-12,2010,12,3,226.62029598664205,0.0132380023022158,-2.4492935982947064e-16,1.0,167,-5.206,-7.91,-2.474,5.435,-169.2,28,6,-175.5,7.8,3,8.2,6.8,2.407,8.805,14.617,-6.3,0.0,0.0,26,5,0,-6.3,0.0,-483.25,5,0,0,11.038,11.179,10.757,0
PVC,2011-01,2011,1,5,240.8483146530453,0.0207599542774578,0.4999999999999999,0.8660254037844387,168,-8.703,-12.592,-4.761,7.831,-273.3,30,3,-448.8,3.5,1,11.6,8.4,-5.206,2.407,8.805,-169.2,-6.3,0.0,6,26,5,-175.5,-6.3,0.0,28,5,0,5.435,11.038,11.179,2
PVC,2011-02,2011,2,3,240.8483146530453,0.0124559725664747,0.8660254037844386,0.5000000000000001,169,-6.343,-10.704,-1.943,8.761,-187.0,25,9,-635.8,9.4,3,8.0,13.9,-8.703,-5.206,2.407,-273.3,-169.2,-6.3,3,6,26,-448.8,-175.5,-6.3,30,28,5,7.831,5.435,11.038,2
PVC,2011-03,2011,3,1,240.8483146530453,0.0041519908554915,1.0,6.123233995736766e-17,170,-2.085,-6.598,2.444,9.042,-94.7,20,17,-730.5,30.05,11,6.5,8.1,-6.343,-8.703,-5.206,-187.0,-273.3,-169.2,9,3,6,-635.8,-448.8,-175.5,25,30,28,8.761,7.831,5.435,1
PVC,2011-04,2011,4,0,240.8483146530453,0.0,0.8660254037844387,-0.4999999999999998,171,6.008,0.43,11.542,11.112,0.0,0,15,-730.5,180.25,30,8.3,7.2,-2.085,-6.343,-8.703,-94.7,-187.0,-273.3,17,9,3,-730.5,-635.8,-448.8,20,25,30,9.042,8.761,7.831,5
PVC,2011-05,2011,5,1,240.8483146530453,0.0041519908554915,0.4999999999999999,-0.8660254037844387,172,13.516,8.6,18.253,9.653,0.0,0,0,-730.5,419.0,31,4.0,6.8,6.008,-2.085,-6.343,0.0,-94.7,-187.0,15,17,9,-730.5,-730.5,-635.8,0,20,25,11.112,9.042,8.761,1
PVC,2011-06,2011,6,0,240.8483146530453,0.0,1.2246467991473532e-16,-1.0,173,17.103,10.757,23.42,12.663,0.0,0,0,-730.5,513.1,30,3.8,6.5,13.516,6.008,-2.085,0.0,0.0,-94.7,0,15,17,-730.5,-730.5,-730.5,0,0,20,9.653,11.112,9.042,0
PVC,2011-07,2011,7,0,240.8483146530453,0.0,-0.4999999999999997,-0.8660254037844388,174,22.194,14.755,29.577,14.823,0.0,0,0,-730.5,688.0,31,4.5,4.9,17.103,13.516,6.008,0.0,0.0,0.0,0,0,15,-730.5,-730.5,-730.5,0,0,0,12.663,9.653,11.112,1
PVC,2011-08,2011,8,0,240.8483146530453,0.0,-0.8660254037844384,-0.5000000000000004,175,19.829,12.916,26.687,13.771,0.0,0,0,-730.5,614.7,31,4.2,3.4,22.194,17.103,13.516,0.0,0.0,0.0,0,0,0,-730.5,-730.5,-730.5,0,0,0,14.823,12.663,9.653,3
PVC,2011-09,2011,9,0,240.8483146530453,0.0,-1.0,-1.8369701987210294e-16,176,15.42,9.585,21.192,11.607,0.0,0,0,-730.5,462.6,30,2.8,6.6,19.829,22.194,17.103,0.0,0.0,0.0,0,0,0,-730.5,-730.5,-730.5,0,0,0,13.771,14.823,12.663,2
PVC,2011-10,2011,10,0,240.8483146530453,0.0,-0.8660254037844386,0.5000000000000001,177,8.971,3.616,14.284,10.668,0.0,0,7,0.0,278.1,31,5.3,4.5,15.42,19.829,22.194,0.0,0.0,0.0,0,0,0,-730.5,-730.5,-730.5,0,0,0,11.607,13.771,14.823,0
PVC,2011-11,2011,11,0,240.8483146530453,0.0,-0.5000000000000004,0.8660254037844384,178,5.253,0.283,10.183,9.9,-3.4,3,15,-3.4,161.0,27,7.7,6.9,8.971,15.42,19.829,0.0,0.0,0.0,7,0,0,0.0,-730.5,-730.5,0,0,0,10.668,11.607,13.771,0
PVC,2011-12,2011,12,13,240.8483146530453,0.0539758811213903,-2.4492935982947064e-16,1.0,179,-0.542,-4.1,3.013,7.113,-51.1,17,19,-54.5,34.3,13,6.7,6.8,5.253,8.971,15.42,-3.4,0.0,0.0,15,7,0,-3.4,0.0,-730.5,3,0,0,9.9,10.668,11.607,0
PVC,2012-01,2012,1,0,245.97480803058403,0.0,0.4999999999999999,0.8660254037844387,180,-3.203,-6.89,0.519,7.41,-117.0,23,15,-171.5,17.7,8,11.0,8.8,-0.542,5.253,8.971,-51.1,-3.4,0.0,19,15,7,-54.5,-3.4,0.0,17,3,0,7.113,9.9,10.668,0
PVC,2012-02,2012,2,1,245.97480803058403,0.0040654569791377,0.8660254037844386,0.5000000000000001,181,-1.759,-5.234,1.752,6.986,-61.9,23,21,-233.4,10.9,6,5.4,6.0,-3.203,-0.542,5.253,-117.0,-51.1,-3.4,15,19,15,-171.5,-54.5,-3.4,23,17,3,7.41,7.113,9.9,0
PVC,2012-03,2012,3,0,245.97480803058403,0.0,1.0,6.123233995736766e-17,182,6.061,-0.542,12.648,13.19,-29.4,9,15,-262.8,217.3,22,14.0,10.7,-1.759,-3.203,-0.542,-61.9,-117.0,-51.1,21,15,19,-233.4,-171.5,-54.5,23,23,17,6.986,7.41,7.113,0
PVC,2012-04,2012,4,0,245.97480803058403,0.0,0.8660254037844387,-0.4999999999999998,183,5.823,-0.797,12.383,13.18,0.0,0,19,-262.8,174.7,30,8.5,12.4,6.061,-1.759,-3.203,-29.4,-61.9,-117.0,15,21,15,-262.8,-233.4,-171.5,9,23,23,13.19,6.986,7.41,0
PVC,2012-05,2012,5,0,245.97480803058403,0.0,0.4999999999999999,-0.8660254037844387,184,15.197,7.481,22.821,15.34,0.0,0,0,-262.8,471.1,31,6.2,6.6,5.823,6.061,-1.759,0.0,-29.4,-61.9,19,15,21,-262.8,-262.8,-233.4,0,9,23,13.18,13.19,6.986,1
PVC,2012-06,2012,6,0,245.97480803058403,0.0,1.2246467991473532e-16,-1.0,185,18.637,12.037,25.167,13.13,0.0,0,0,-262.8,559.1,30,4.0,6.8,15.197,5.823,6.061,0.0,0.0,-29.4,0,19,15,-262.8,-262.8,-262.8,0,0,9,15.34,13.18,13.19,0
PVC,2012-07,2012,7,0,245.97480803058403,0.0,-0.4999999999999997,-0.8660254037844388,186,22.061,13.982,30.085,16.103,0.0,0,0,-262.8,683.9,31,6.1,6.1,18.637,15.197,5.823,0.0,0.0,0.0,0,0,19,-262.8,-262.8,-262.8,0,0,0,13.13,15.34,13.18,2
PVC,2012-08,2012,8,0,245.97480803058403,0.0,-0.8660254037844384,-0.5000000000000004,187,19.218,11.835,26.556,14.721,0.0,0,0,-262.8,595.75,31,5.9,4.8,22.061,18.637,15.197,0.0,0.0,0.0,0,0,0,-262.8,-262.8,-262.8,0,0,0,16.103,13.13,15.34,1
PVC,2012-09,2012,9,0,245.97480803058403,0.0,-1.0,-1.8369701987210294e-16,188,14.367,7.597,21.09,13.493,0.0,0,0,-262.8,431.0,30,7.9,6.3,19.218,22.061,18.637,0.0,0.0,0.0,0,0,0,-262.8,-262.8,-262.8,0,0,0,14.721,16.103,13.13,0
PVC,2012-10,2012,10,0,245.97480803058403,0.0,-0.8660254037844386,0.5000000000000001,189,8.994,4.135,13.787,9.652,0.0,0,4,0.0,278.8,31,12.8,6.4,14.367,19.218,22.061,0.0,0.0,0.0,0,0,0,-262.8,-262.8,-262.8,0,0,0,13.493,14.721,16.103,0
PVC,2012-11,2012,11,1,245.97480803058403,0.0040654569791377,-0.5000000000000004,0.8660254037844384,190,1.88,-2.493,6.24,8.733,-13.6,10,23,-13.6,70.0,20,5.8,8.3,8.994,14.367,19.218,0.0,0.0,0.0,4,0,0,0.0,-262.8,-262.8,0,0,0,9.652,13.493,14.721,0
PVC,2012-12,2012,12,0,245.97480803058403,0.0,-2.4492935982947064e-16,1.0,191,-0.242,-3.71,3.235,6.945,-49.6,20,17,-63.2,42.1,11,7.8,10.9,1.88,8.994,14.367,-13.6,0.0,0.0,23,4,0,-13.6,0.0,-262.8,10,0,0,8.733,9.652,13.493,0
PVC,2013-01,2013,1,1,250.6540976861644,0.0039895617475684,0.4999999999999999,0.8660254037844387,192,-3.977,-8.268,0.339,8.606,-156.2,25,12,-219.4,32.9,6,10.2,10.8,-0.242,1.88,8.994,-49.6,-13.6,0.0,17,23,4,-63.2,-13.6,0.0,20,10,0,6.945,8.733,9.652,0
PVC,2013-02,2013,2,2,250.6540976861644,0.0079791234951368,0.8660254037844386,0.5000000000000001,193,-6.925,-11.364,-2.436,8.929,-196.5,26,11,-415.9,2.6,2,12.8,5.9,-3.977,-0.242,1.88,-156.2,-49.6,-13.6,12,17,23,-219.4,-63.2,-13.6,25,20,10,8.606,6.945,8.733,0
PVC,2013-03,2013,3,1,250.6540976861644,0.0039895617475684,1.0,6.123233995736766e-17,194,-1.742,-5.397,1.929,7.326,-85.0,19,16,-500.9,31.0,11,7.5,5.0,-6.925,-3.977,-0.242,-196.5,-156.2,-49.6,11,12,17,-415.9,-219.4,-63.2,26,25,20,8.929,8.606,6.945,0
PVC,2013-04,2013,4,0,250.6540976861644,0.0,0.8660254037844387,-0.4999999999999998,195,5.172,-0.5,10.8,11.3,-10.0,6,15,-510.9,165.15,24,9.1,10.8,-1.742,-6.925,-3.977,-85.0,-196.5,-156.2,16,11,12,-500.9,-415.9,-219.4,19,26,25,7.326,8.929,8.606,1
PVC,2013-05,2013,5,0,250.6540976861644,0.0,0.4999999999999999,-0.8660254037844387,196,13.726,6.719,20.671,13.952,0.0,0,1,-510.9,425.5,31,9.2,8.5,5.172,-1.742,-6.925,-10.0,-85.0,-196.5,15,16,11,-510.9,-500.9,-415.9,6,19,26,11.3,7.326,8.929,0
PVC,2013-06,2013,6,0,250.6540976861644,0.0,1.2246467991473532e-16,-1.0,197,17.588,12.01,22.89,10.88,0.0,0,0,-510.9,527.65,30,3.7,7.1,13.726,5.172,-1.742,0.0,-10.0,-85.0,1,15,16,-510.9,-510.9,-500.9,0,6,19,13.952,11.3,7.326,3
PVC,2013-07,2013,7,0,250.6540976861644,0.0,-0.4999999999999997,-0.8660254037844388,198,20.329,14.548,26.055,11.506,0.0,0,0,-510.9,630.2,31,3.5,5.3,17.588,13.726,5.172,0.0,0.0,-10.0,0,1,15,-510.9,-510.9,-510.9,0,0,6,10.88,13.952,11.3,1
PVC,2013-08,2013,8,0,250.6540976861644,0.0,-0.8660254037844384,-0.5000000000000004,199,18.303,11.448,25.119,13.671,0.0,0,0,-510.9,567.4,31,4.4,4.1,20.329,17.588,13.726,0.0,0.0,0.0,0,0,1,-510.9,-510.9,-510.9,0,0,0,11.506,10.88,13.952,0
PVC,2013-09,2013,9,0,250.6540976861644,0.0,-1.0,-1.8369701987210294e-16,200,14.342,7.408,21.232,13.823,0.0,0,1,-510.9,430.25,30,13.1,8.4,18.303,20.329,17.588,0.0,0.0,0.0,0,0,0,-510.9,-510.9,-510.9,0,0,0,13.671,11.506,10.88,1
PVC,2013-10,2013,10,1,250.6540976861644,0.0039895617475684,-0.8660254037844386,0.5000000000000001,201,9.634,4.031,15.202,11.171,0.0,0,4,0.0,298.65,31,5.4,5.4,14.342,18.303,20.329,0.0,0.0,0.0,1,0,0,-510.9,-510.9,-510.9,0,0,0,13.823,13.671,11.506,1
PVC,2013-11,2013,11,2,250.6540976861644,0.0079791234951368,-0.5000000000000004,0.8660254037844384,202,0.743,-3.507,4.987,8.493,-56.5,14,15,-56.5,78.8,16,7.1,8.4,9.634,14.342,18.303,0.0,0.0,0.0,4,1,0,0.0,-510.9,-510.9,0,0,0,11.171,13.823,13.671,0
PVC,2013-12,2013,12,4,250.6540976861644,0.0159582469902736,-2.4492935982947064e-16,1.0,203,-5.461,-8.768,-2.123,6.645,-180.8,24,10,-237.3,11.5,6,8.2,8.7,0.743,9.634,14.342,-56.5,0.0,0.0,15,4,1,-56.5,0.0,-510.9,14,0,0,8.493,11.171,13.823,0
PVC,2014-01,2014,1,1,258.7483472807624,0.003864758984972,0.4999999999999999,0.8660254037844387,204,-9.713,-14.171,-5.406,8.765,-306.7,27,4,-544.0,5.6,4,11.1,10.1,-5.461,0.743,9.634,-180.8,-56.5,0.0,10,15,4,-237.3,-56.5,0.0,24,14,0,6.645,8.493,11.171,1
PVC,2014-02,2014,2,5,258.7483472807624,0.0193237949248603,0.8660254037844386,0.5000000000000001,205,-11.675,-17.343,-5.968,11.375,-327.2,27,5,-871.2,0.3,1,7.5,8.7,-9.713,-5.461,0.743,-306.7,-180.8,-56.5,4,10,15,-544.0,-237.3,-56.5,27,24,14,8.765,6.645,8.493,2
PVC,2014-03,2014,3,1,258.7483472807624,0.003864758984972,1.0,6.123233995736766e-17,206,-6.419,-11.832,-1.0,10.832,-215.1,23,16,-1086.3,16.1,8,13.2,12.1,-11.675,-9.713,-5.461,-327.2,-306.7,-180.8,5,4,10,-871.2,-544.0,-237.3,27,27,24,11.375,8.765,6.645,0
PVC,2014-04,2014,4,0,258.7483472807624,0.0,0.8660254037844387,-0.4999999999999998,207,4.745,-1.355,10.808,12.163,-8.0,4,20,-1094.3,150.35,26,6.7,13.6,-6.419,-11.675,-9.713,-215.1,-327.2,-306.7,16,5,4,-1086.3,-871.2,-544.0,23,27,27,10.832,11.375,8.765,2
PVC,2014-05,2014,5,0,258.7483472807624,0.0,0.4999999999999999,-0.8660254037844387,208,12.481,6.621,18.769,12.148,0.0,0,0,-1094.3,386.9,31,4.9,7.2,4.745,-6.419,-11.675,-8.0,-215.1,-327.2,20,16,5,-1094.3,-1086.3,-871.2,4,23,27,12.163,10.832,11.375,6
PVC,2014-06,2014,6,0,258.7483472807624,0.0,1.2246467991473532e-16,-1.0,209,18.233,10.857,25.54,14.683,0.0,0,0,-1094.3,547.0,30,5.6,6.9,12.481,4.745,-6.419,0.0,-8.0,-215.1,0,20,16,-1094.3,-1094.3,-1086.3,0,4,23,12.148,12.163,10.832,0
PVC,2014-07,2014,7,1,258.7483472807624,0.003864758984972,-0.4999999999999997,-0.8660254037844388,210,17.885,11.453,24.339,12.885,0.0,0,0,-1094.3,554.45,31,4.7,6.2,18.233,12.481,4.745,0.0,0.0,-8.0,0,0,20,-1094.3,-1094.3,-1094.3,0,0,4,14.683,12.148,12.163,3
PVC,2014-08,2014,8,0,258.7483472807624,0.0,-0.8660254037844384,-0.5000000000000004,211,17.819,11.263,24.324,13.061,0.0,0,0,-1094.3,552.4,31,5.7,6.7,17.885,18.233,12.481,0.0,0.0,0.0,0,0,0,-1094.3,-1094.3,-1094.3,0,0,0,12.885,14.683,12.148,4
PVC,2014-09,2014,9,0,258.7483472807624,0.0,-1.0,-1.8369701987210294e-16,212,14.508,7.955,21.037,13.082,0.0,0,0,-1094.3,435.25,30,5.7,9.3,17.819,17.885,18.233,0.0,0.0,0.0,0,0,0,-1094.3,-1094.3,-1094.3,0,0,0,13.061,12.885,14.683,1
PVC,2014-10,2014,10,1,258.7483472807624,0.003864758984972,-0.8660254037844386,0.5000000000000001,213,9.382,4.384,14.171,9.787,0.0,0,7,0.0,290.85,31,8.3,10.0,14.508,17.819,17.885,0.0,0.0,0.0,0,0,0,-1094.3,-1094.3,-1094.3,0,0,0,13.082,13.061,12.885,2
PVC,2014-11,2014,11,1,258.7483472807624,0.003864758984972,-0.5000000000000004,0.8660254037844384,214,0.12,-3.705,3.942,7.647,-60.6,14,15,-60.6,64.2,16,8.0,6.0,9.382,14.508,17.819,0.0,0.0,0.0,7,0,0,0.0,-1094.3,-1094.3,0,0,0,9.787,13.082,13.061,1
PVC,2014-12,2014,12,1,258.7483472807624,0.003864758984972,-2.4492935982947064e-16,1.0,215,-1.277,-4.216,1.658,5.874,-68.0,18,13,-128.6,28.4,13,4.8,4.9,0.12,9.382,14.508,-60.6,0.0,0.0,15,7,0,-60.6,0.0,-1094.3,14,0,0,7.647,9.787,13.082,0
PVC,2015-01,2015,1,1,271.9966451708608,0.0036765159341278,0.4999999999999999,0.8660254037844387,216,-9.597,-14.674,-4.455,10.219,-297.5,31,2,-426.1,0.0,0,7.8,9.5,-1.277,0.12,9.382,-68.0,-60.6,0.0,13,15,7,-128.6,-60.6,0.0,18,14,0,5.874,7.647,9.787,2
PVC,2015-02,2015,2,3,271.9966451708608,0.0110295478023836,0.8660254037844386,0.5000000000000001,217,-14.768,-20.239,-9.261,10.979,-413.5,28,0,-839.6,0.0,0,8.1,8.8,-9.597,-1.277,0.12,-297.5,-68.0,-60.6,2,13,15,-426.1,-128.6,-60.6,31,18,14,10.219,5.874,7.647,0
PVC,2015-03,2015,3,3,271.9966451708608,0.0110295478023836,1.0,6.123233995736766e-17,218,-2.644,-7.445,2.134,9.579,-108.25,17,18,-947.85,26.3,14,10.9,10.1,-14.768,-9.597,-1.277,-413.5,-297.5,-68.0,0,2,13,-839.6,-426.1,-128.6,28,31,18,10.979,10.219,5.874,6
PVC,2015-04,2015,4,1,271.9966451708608,0.0036765159341278,0.8660254037844387,-0.4999999999999998,219,6.033,-0.27,12.317,12.587,-5.0,3,15,-952.85,186.0,27,7.5,5.1,-2.644,-14.768,-9.597,-108.25,-413.5,-297.5,18,0,2,-947.85,-839.6,-426.1,17,28,31,9.579,10.979,10.219,0
PVC,2015-05,2015,5,1,271.9966451708608,0.0036765159341278,0.4999999999999999,-0.8660254037844387,220,15.213,7.542,22.829,15.287,0.0,0,3,-952.85,471.6,31,8.0,11.1,6.033,-2.644,-14.768,-5.0,-108.25,-413.5,15,18,0,-952.85,-947.85,-839.6,3,17,28,12.587,9.579,10.979,0
PVC,2015-06,2015,6,0,271.9966451708608,0.0,1.2246467991473532e-16,-1.0,221,16.695,10.353,22.885,12.532,0.0,0,0,-952.85,500.85,30,5.3,5.8,15.213,6.033,-2.644,0.0,-5.0,-108.25,3,15,18,-952.85,-952.85,-947.85,0,3,17,15.287,12.587,9.579,1
PVC,2015-07,2015,7,0,271.9966451708608,0.0,-0.4999999999999997,-0.8660254037844388,222,19.19,11.956,26.373,14.416,0.0,0,0,-952.85,594.9,31,6.3,4.0,16.695,15.213,6.033,0.0,0.0,-5.0,0,3,15,-952.85,-952.85,-952.85,0,0,3,12.532,15.287,12.587,1
PVC,2015-08,2015,8,1,271.9966451708608,0.0036765159341278,-0.8660254037844384,-0.5000000000000004,223,18.594,12.342,24.8,12.458,0.0,0,0,-952.85,576.4,31,5.9,4.3,19.19,16.695,15.213,0.0,0.0,0.0,0,0,3,-952.85,-952.85,-952.85,0,0,0,14.416,12.532,15.287,0
PVC,2015-09,2015,9,1,271.9966451708608,0.0036765159341278,-1.0,-1.8369701987210294e-16,224,17.57,10.623,24.463,13.84,0.0,0,0,-952.85,527.1,30,5.3,7.7,18.594,19.19,16.695,0.0,0.0,0.0,0,0,0,-952.85,-952.85,-952.85,0,0,0,12.458,14.416,12.532,0
PVC,2015-10,2015,10,0,271.9966451708608,0.0,-0.8660254037844386,0.5000000000000001,225,8.642,3.103,14.132,11.029,0.0,0,10,0.0,267.9,31,8.5,5.8,17.57,18.594,19.19,0.0,0.0,0.0,0,0,0,-952.85,-952.85,-952.85,0,0,0,13.84,12.458,14.416,0
PVC,2015-11,2015,11,1,271.9966451708608,0.0036765159341278,-0.5000000000000004,0.8660254037844384,226,4.963,-0.653,10.56,11.213,-17.1,5,14,-17.1,166.0,25,8.4,9.4,8.642,17.57,18.594,0.0,0.0,0.0,10,0,0,0.0,-952.85,-952.85,0,0,0,11.029,13.84,12.458,0
PVC,2015-12,2015,12,1,271.9966451708608,0.0036765159341278,-2.4492935982947064e-16,1.0,227,2.819,-0.731,6.34,7.071,-11.8,6,16,-28.9,99.2,25,7.6,6.5,4.963,8.642,17.57,-17.1,0.0,0.0,14,10,0,-17.1,0.0,-952.85,5,0,0,11.213,11.029,13.84,1
PVC,2016-01,2016,1,0,280.99550201390366,0.0,0.4999999999999999,0.8660254037844387,228,-5.155,-8.968,-1.316,7.652,-169.3,26,10,-198.2,9.5,4,6.8,8.8,2.819,4.963,8.642,-11.8,-17.1,0.0,16,14,10,-28.9,-17.1,0.0,6,5,0,7.071,11.213,11.029,0
PVC,2016-02,2016,2,0,280.99550201390366,0.0,0.8660254037844386,0.5000000000000001,229,-3.634,-8.317,1.079,9.397,-132.5,21,17,-330.7,27.1,8,13.5,9.2,-5.155,2.819,4.963,-169.3,-11.8,-17.1,10,16,14,-198.2,-28.9,-17.1,26,6,5,7.652,7.071,11.213,0
PVC,2016-03,2016,3,1,280.99550201390366,0.0035587758267764,1.0,6.123233995736766e-17,230,2.11,-2.765,6.977,9.742,-46.4,11,17,-377.1,111.8,20,10.9,6.0,-3.634,-5.155,2.819,-132.5,-169.3,-11.8,17,10,16,-330.7,-198.2,-28.9,21,26,6,9.397,7.652,7.071,0
PVC,2016-04,2016,4,0,280.99550201390366,0.0,0.8660254037844387,-0.4999999999999998,231,3.607,-2.61,9.807,12.417,-32.5,8,17,-409.6,140.7,22,8.8,6.0,2.11,-3.634,-5.155,-46.4,-132.5,-169.3,17,17,10,-377.1,-330.7,-198.2,11,21,26,9.742,9.397,7.652,0
PVC,2016-05,2016,5,0,280.99550201390366,0.0,0.4999999999999999,-0.8660254037844387,232,12.961,5.942,19.929,13.987,0.0,0,1,-409.6,401.8,31,5.8,8.9,3.607,2.11,-3.634,-32.5,-46.4,-132.5,17,17,17,-409.6,-377.1,-330.7,8,11,21,12.417,9.742,9.397,0
PVC,2016-06,2016,6,0,280.99550201390366,0.0,1.2246467991473532e-16,-1.0,233,17.437,9.423,25.39,15.967,0.0,0,0,-409.6,523.1,30,8.6,9.2,12.961,3.607,2.11,0.0,-32.5,-46.4,1,17,17,-409.6,-409.6,-377.1,0,8,11,13.987,12.417,9.742,0
PVC,2016-07,2016,7,0,280.99550201390366,0.0,-0.4999999999999997,-0.8660254037844388,234,21.19,13.787,28.59,14.803,0.0,0,0,-409.6,656.9,31,5.2,4.6,17.437,12.961,3.607,0.0,0.0,-32.5,0,1,17,-409.6,-409.6,-409.6,0,0,8,15.967,13.987,12.417,1
PVC,2016-08,2016,8,0,280.99550201390366,0.0,-0.8660254037844384,-0.5000000000000004,235,21.319,14.371,28.226,13.855,0.0,0,0,-409.6,660.9,31,4.5,6.1,21.19,17.437,12.961,0.0,0.0,0.0,0,0,1,-409.6,-409.6,-409.6,0,0,0,14.803,15.967,13.987,0
PVC,2016-09,2016,9,0,280.99550201390366,0.0,-1.0,-1.8369701987210294e-16,236,16.6,9.603,23.557,13.953,0.0,0,0,-409.6,498.0,30,4.2,6.6,21.319,21.19,17.437,0.0,0.0,0.0,0,0,0,-409.6,-409.6,-409.6,0,0,0,13.855,14.803,15.967,0
PVC,2016-10,2016,10,0,280.99550201390366,0.0,-0.8660254037844386,0.5000000000000001,237,9.918,4.494,15.461,10.968,-0.6,1,11,-0.6,308.05,30,9.3,9.5,16.6,21.319,21.19,0.0,0.0,0.0,0,0,0,-409.6,-409.6,-409.6,0,0,0,13.953,13.855,14.803,1
PVC,2016-11,2016,11,0,280.99550201390366,0.0,-0.5000000000000004,0.8660254037844384,238,5.06,-0.673,10.757,11.43,-8.8,4,17,-9.4,160.6,26,5.8,7.6,9.918,16.6,21.319,-0.6,0.0,0.0,11,0,0,-0.6,-409.6,-409.6,1,0,0,10.968,13.953,13.855,0
PVC,2016-12,2016,12,1,280.99550201390366,0.0035587758267764,-2.4492935982947064e-16,1.0,239,-2.897,-5.597,-0.2,5.397,-104.3,22,11,-113.7,14.5,9,5.7,4.3,5.06,9.918,16.6,-8.8,-0.6,0.0,17,11,0,-9.4,-0.6,-409.6,4,1,0,11.43,10.968,13.953,0
PVC,2017-01,2017,1,0,293.4322798335029,0.0,0.4999999999999999,0.8660254037844387,240,-3.026,-6.158,0.123,6.281,-118.1,17,13,-231.8,24.3,14,8.6,8.9,-2.897,5.06,9.918,-104.3,-8.8,-0.6,11,17,11,-113.7,-9.4,-0.6,22,4,1,5.397,11.43,10.968,1
PVC,2017-02,2017,2,0,293.4322798335029,0.0,0.8660254037844386,0.5000000000000001,241,-1.211,-5.964,3.568,9.532,-83.6,17,17,-315.4,49.7,11,8.8,6.2,-3.026,-2.897,5.06,-118.1,-104.3,-8.8,13,11,17,-231.8,-113.7,-9.4,17,22,4,6.281,5.397,11.43,0
PVC,2017-03,2017,3,0,293.4322798335029,0.0,1.0,6.123233995736766e-17,242,-1.277,-5.655,3.11,8.765,-102.9,16,14,-418.3,63.3,15,12.0,8.7,-1.211,-3.026,-2.897,-83.6,-118.1,-104.3,17,13,11,-315.4,-231.8,-113.7,17,17,22,9.532,6.281,5.397,0
PVC,2017-04,2017,4,0,293.4322798335029,0.0,0.8660254037844387,-0.4999999999999998,243,8.613,2.803,14.373,11.57,0.0,0,8,-418.3,258.4,30,7.8,10.0,-1.277,-1.211,-3.026,-102.9,-83.6,-118.1,14,17,13,-418.3,-315.4,-231.8,16,17,17,8.765,9.532,6.281,0
PVC,2017-05,2017,5,0,293.4322798335029,0.0,0.4999999999999999,-0.8660254037844387,244,11.171,5.787,16.519,10.732,0.0,0,2,-418.3,346.3,31,6.1,10.2,8.613,-1.277,-1.211,0.0,-102.9,-83.6,8,14,17,-418.3,-418.3,-315.4,0,16,17,11.57,8.765,9.532,0
PVC,2017-06,2017,6,2,293.4322798335029,0.0068158827008903,1.2246467991473532e-16,-1.0,245,17.927,11.483,24.31,12.827,0.0,0,0,-418.3,537.8,30,5.0,4.7,11.171,8.613,-1.277,0.0,0.0,-102.9,2,8,14,-418.3,-418.3,-418.3,0,0,16,10.732,11.57,8.765,0
PVC,2017-07,2017,7,1,293.4322798335029,0.0034079413504451,-0.4999999999999997,-0.8660254037844388,246,19.784,13.671,25.845,12.174,0.0,0,0,-418.3,613.3,31,5.4,4.6,17.927,11.171,8.613,0.0,0.0,0.0,0,2,8,-418.3,-418.3,-418.3,0,0,0,12.827,10.732,11.57,0
PVC,2017-08,2017,8,0,293.4322798335029,0.0,-0.8660254037844384,-0.5000000000000004,247,17.81,11.316,24.252,12.935,0.0,0,0,-418.3,552.1,31,3.4,5.9,19.784,17.927,11.171,0.0,0.0,0.0,0,0,2,-418.3,-418.3,-418.3,0,0,0,12.174,12.827,10.732,0
PVC,2017-09,2017,9,0,293.4322798335029,0.0,-1.0,-1.8369701987210294e-16,248,16.507,9.103,23.863,14.76,0.0,0,0,-418.3,495.2,30,4.8,8.3,17.81,19.784,17.927,0.0,0.0,0.0,0,0,0,-418.3,-418.3,-418.3,0,0,0,12.935,12.174,12.827,0
PVC,2017-10,2017,10,0,293.4322798335029,0.0,-0.8660254037844386,0.5000000000000001,249,10.305,5.505,15.085,9.58,0.0,0,1,0.0,206.1,20,3.1,5.291,16.507,17.81,19.784,0.0,0.0,0.0,0,0,0,-418.3,-418.3,-418.3,0,0,0,14.76,12.935,12.174,21
PVC,2017-11,2017,11,0,293.4322798335029,0.0,-0.5000000000000004,0.8660254037844384,250,2.0,-2.387,6.35,8.737,-19.2,5,22,-19.2,79.2,25,8.8,9.7,10.305,16.507,17.81,0.0,0.0,0.0,1,0,0,0.0,-418.3,-418.3,0,0,0,9.58,14.76,12.935,0
PVC,2017-12,2017,12,0,293.4322798335029,0.0,-2.4492935982947064e-16,1.0,251,-6.377,-10.416,-2.3,8.116,-212.6,25,10,-231.8,14.9,6,7.4,7.2,2.0,10.305,16.507,-19.2,0.0,0.0,22,1,0,-19.2,0.0,-418.3,5,0,0,8.737,9.58,14.76,0
PVC,2018-01,2018,1,1,304.0428812260965,0.003289009747465,0.4999999999999999,0.8660254037844387,252,-7.519,-12.342,-2.655,9.687,-246.5,27,10,-478.3,13.4,3,12.6,15.2,-6.377,2.0,10.305,-212.6,-19.2,0.0,10,22,1,-231.8,-19.2,0.0,25,5,0,8.116,8.737,9.58,0
PVC,2018-02,2018,2,0,304.0428812260965,0.0,0.8660254037844386,0.5000000000000001,253,-3.246,-8.021,1.532,9.554,-137.0,18,12,-615.3,46.1,10,10.9,8.5,-7.519,-6.377,2.0,-246.5,-212.6,-19.2,10,10,22,-478.3,-231.8,-19.2,27,25,5,9.687,8.116,8.737,0
PVC,2018-03,2018,3,0,304.0428812260965,0.0,1.0,6.123233995736766e-17,254,-1.068,-5.384,3.268,8.652,-52.5,23,23,-667.8,19.4,8,5.9,3.5,-3.246,-7.519,-6.377,-137.0,-246.5,-212.6,12,10,10,-615.3,-478.3,-231.8,18,27,25,9.554,9.687,8.116,0
PVC,2018-04,2018,4,0,304.0428812260965,0.0,0.8660254037844387,-0.4999999999999998,255,2.173,-2.9,7.233,10.133,-20.4,12,25,-688.2,85.6,18,6.9,5.8,-1.068,-3.246,-7.519,-52.5,-137.0,-246.5,23,12,10,-667.8,-615.3,-478.3,23,18,27,8.652,9.554,9.687,0
PVC,2018-05,2018,5,0,304.0428812260965,0.0,0.4999999999999999,-0.8660254037844387,256,15.977,8.565,23.348,14.784,0.0,0,0,-688.2,495.3,31,5.5,5.5,2.173,-1.068,-3.246,-20.4,-52.5,-137.0,25,23,12,-688.2,-667.8,-615.3,12,23,18,10.133,8.652,9.554,0
PVC,2018-06,2018,6,1,304.0428812260965,0.003289009747465,1.2246467991473532e-16,-1.0,257,18.017,11.263,24.717,13.453,0.0,0,0,-688.2,540.5,30,5.1,4.3,15.977,2.173,-1.068,0.0,-20.4,-52.5,0,25,23,-688.2,-688.2,-667.8,0,12,23,14.784,10.133,8.652,0
PVC,2018-07,2018,7,0,304.0428812260965,0.0,-0.4999999999999997,-0.8660254037844388,258,20.765,13.326,28.145,14.819,0.0,0,0,-688.2,643.7,31,4.7,6.9,18.017,15.977,2.173,0.0,0.0,-20.4,0,0,25,-688.2,-688.2,-688.2,0,0,12,13.453,14.784,10.133,0
PVC,2018-08,2018,8,0,304.0428812260965,0.0,-0.8660254037844384,-0.5000000000000004,259,20.816,14.671,26.9,12.229,0.0,0,0,-688.2,645.3,31,4.1,6.3,20.765,18.017,15.977,0.0,0.0,0.0,0,0,0,-688.2,-688.2,-688.2,0,0,0,14.819,13.453,14.784,0
PVC,2018-09,2018,9,0,304.0428812260965,0.0,-1.0,-1.8369701987210294e-16,260,17.053,11.04,23.017,11.977,0.0,0,0,-688.2,511.6,30,6.3,10.6,20.816,20.765,18.017,0.0,0.0,0.0,0,0,0,-688.2,-688.2,-688.2,0,0,0,12.229,14.819,13.453,0
PVC,2018-10,2018,10,1,304.0428812260965,0.003289009747465,-0.8660254037844386,0.5000000000000001,261,7.923,2.974,12.832,9.858,0.0,0,9,0.0,245.6,31,10.0,8.0,17.053,20.816,20.765,0.0,0.0,0.0,0,0,0,-688.2,-688.2,-688.2,0,0,0,11.977,12.229,14.819,0
PVC,2018-11,2018,11,0,304.0428812260965,0.0,-0.5000000000000004,0.8660254037844384,262,0.047,-2.87,2.97,5.84,-45.7,16,16,-45.7,47.1,14,9.1,5.5,7.923,17.053,20.816,0.0,0.0,0.0,9,0,0,0.0,-688.2,-688.2,0,0,0,9.858,11.977,12.229,0
PVC,2018-12,2018,12,1,304.0428812260965,0.003289009747465,-2.4492935982947064e-16,1.0,263,-1.381,-4.503,1.752,6.255,-61.1,21,15,-106.8,18.3,10,8.2,8.4,0.047,7.923,17.053,-45.7,0.0,0.0,16,9,0,-45.7,0.0,-688.2,16,0,0,5.84,9.858,11.977,0
PVC,2019-01,2019,1,0,328.73593186958686,0.0,0.4999999999999999,0.8660254037844387,264,-7.874,-12.429,-3.284,9.145,-250.8,27,7,-357.6,6.7,4,14.0,11.2,-1.381,0.047,7.923,-61.1,-45.7,0.0,15,16,9,-106.8,-45.7,0.0,21,16,0,6.255,5.84,9.858,0
PVC,2019-02,2019,2,0,328.73593186958686,0.0,0.8660254037844386,0.5000000000000001,265,-5.564,-10.275,-0.821,9.454,-170.3,23,11,-527.9,14.5,5,10.6,7.4,-7.874,-1.381,0.047,-250.8,-61.1,-45.7,7,15,16,-357.6,-106.8,-45.7,27,21,16,9.145,6.255,5.84,0
PVC,2019-03,2019,3,0,328.73593186958686,0.0,1.0,6.123233995736766e-17,266,-2.532,-7.335,2.294,9.629,-114.9,20,19,-642.8,36.4,11,10.6,8.2,-5.564,-7.874,-1.381,-170.3,-250.8,-61.1,11,7,15,-527.9,-357.6,-106.8,23,27,21,9.454,9.145,6.255,0
PVC,2019-04,2019,4,2,328.73593186958686,0.006083910537633,0.8660254037844387,-0.4999999999999998,267,5.107,-0.183,10.347,10.53,-3.8,2,16,-646.6,157.0,28,9.0,5.3,-2.532,-5.564,-7.874,-114.9,-170.3,-250.8,19,11,7,-642.8,-527.9,-357.6,20,23,27,9.629,9.454,9.145,0
PVC,2019-05,2019,5,0,328.73593186958686,0.0,0.4999999999999999,-0.8660254037844387,268,11.306,5.139,17.423,12.284,0.0,0,0,-646.6,350.5,31,8.4,7.5,5.107,-2.532,-5.564,-3.8,-114.9,-170.3,16,19,11,-646.6,-642.8,-527.9,2,20,23,10.53,9.629,9.454,0
PVC,2019-06,2019,6,0,328.73593186958686,0.0,1.2246467991473532e-16,-1.0,269,16.805,10.193,23.365,13.172,0.0,0,0,-646.6,504.15,30,4.5,6.5,11.306,5.107,-2.532,0.0,-3.8,-114.9,0,16,19,-646.6,-646.6,-642.8,0,2,20,12.284,10.53,9.629,1
PVC,2019-07,2019,7,0,328.73593186958686,0.0,-0.4999999999999997,-0.8660254037844388,270,21.339,14.161,28.469,14.308,0.0,0,0,-646.6,661.5,31,5.2,8.2,16.805,11.306,5.107,0.0,0.0,-3.8,0,0,16,-646.6,-646.6,-646.6,0,0,2,13.172,12.284,10.53,1
PVC,2019-08,2019,8,1,328.73593186958686,0.0030419552688165,-0.8660254037844384,-0.5000000000000004,271,19.013,11.894,26.09,14.197,0.0,0,0,-646.6,589.4,31,5.9,6.1,21.339,16.805,11.306,0.0,0.0,0.0,0,0,0,-646.6,-646.6,-646.6,0,0,0,14.308,13.172,12.284,0
PVC,2019-09,2019,9,0,328.73593186958686,0.0,-1.0,-1.8369701987210294e-16,272,15.473,8.813,22.077,13.263,0.0,0,0,-646.6,464.2,30,7.1,8.5,19.013,21.339,16.805,0.0,0.0,0.0,0,0,0,-646.6,-646.6,-646.6,0,0,0,14.197,14.308,13.172,0
PVC,2019-10,2019,10,1,328.73593186958686,0.0030419552688165,-0.8660254037844386,0.5000000000000001,273,8.626,2.448,14.765,12.316,0.0,0,8,0.0,267.4,31,7.3,8.6,15.473,19.013,21.339,0.0,0.0,0.0,0,0,0,-646.6,-646.6,-646.6,0,0,0,13.263,14.197,14.308,0
PVC,2019-11,2019,11,0,328.73593186958686,0.0,-0.5000000000000004,0.8660254037844384,274,-0.563,-4.39,3.25,7.64,-56.0,14,18,-56.0,39.1,16,4.6,6.8,8.626,15.473,19.013,0.0,0.0,0.0,8,0,0,0.0,-646.6,-646.6,0,0,0,12.316,13.263,14.197,0
PVC,2019-12,2019,12,0,328.73593186958686,0.0,-2.4492935982947064e-16,1.0,275,-2.1,-5.81,1.616,7.426,-90.0,21,14,-146.0,24.9,10,7.9,8.7,-0.563,8.626,15.473,-56.0,0.0,0.0,18,8,0,-56.0,0.0,-646.6,14,0,0,7.64,12.316,13.263,0
PVC,2020-01,2020,1,0,342.0433694524867,0.0,0.4999999999999999,0.8660254037844387,276,-2.465,-5.842,0.932,6.774,-96.6,23,15,-242.6,20.2,8,9.1,9.5,-2.1,-0.563,8.626,-90.0,-56.0,0.0,14,18,8,-146.0,-56.0,0.0,21,14,0,7.426,7.64,12.316,0
PVC,2020-02,2020,2,0,342.0433694524867,0.0,0.8660254037844386,0.5000000000000001,277,-4.897,-8.786,-0.976,7.81,-148.0,22,11,-390.6,6.0,6,10.7,9.5,-2.465,-2.1,-0.563,-96.6,-90.0,-56.0,15,14,18,-242.6,-146.0,-56.0,23,21,14,6.774,7.426,7.64,0
PVC,2020-03,2020,3,0,342.0433694524867,0.0,1.0,6.123233995736766e-17,278,1.881,-3.121,6.863,9.984,-28.3,11,24,-418.9,86.6,20,9.6,9.5,-4.897,-2.465,-2.1,-148.0,-96.6,-90.0,11,15,14,-390.6,-242.6,-146.0,22,23,21,7.81,6.774,7.426,1
PVC,2020-04,2020,4,0,342.0433694524867,0.0,0.8660254037844387,-0.4999999999999998,279,4.74,-1.253,10.677,11.93,-3.8,3,22,-422.7,146.0,27,5.3,5.4,1.881,-4.897,-2.465,-28.3,-148.0,-96.6,24,11,15,-418.9,-390.6,-242.6,11,22,23,9.984,7.81,6.774,0
PVC,2020-05,2020,5,0,342.0433694524867,0.0,0.4999999999999999,-0.8660254037844387,280,11.003,4.597,17.348,12.752,0.0,0,8,-422.7,341.1,31,4.4,7.2,4.74,1.881,-4.897,-3.8,-28.3,-148.0,22,24,11,-422.7,-418.9,-390.6,3,11,22,11.93,9.984,7.81,0
PVC,2020-06,2020,6,0,342.0433694524867,0.0,1.2246467991473532e-16,-1.0,281,18.182,10.5,25.817,15.317,0.0,0,0,-422.7,545.45,30,6.2,7.9,11.003,4.74,1.881,0.0,-3.8,-28.3,8,22,24,-422.7,-422.7,-418.9,0,3,11,12.752,11.93,9.984,1
PVC,2020-07,2020,7,0,342.0433694524867,0.0,-0.4999999999999997,-0.8660254037844388,282,22.494,15.368,29.565,14.197,0.0,0,0,-422.7,697.3,31,3.8,4.4,18.182,11.003,4.74,0.0,0.0,-3.8,0,8,22,-422.7,-422.7,-422.7,0,0,3,15.317,12.752,11.93,0
PVC,2020-08,2020,8,0,342.0433694524867,0.0,-0.8660254037844384,-0.5000000000000004,283,19.523,12.506,26.487,13.981,0.0,0,0,-422.7,605.2,31,5.8,6.1,22.494,18.182,11.003,0.0,0.0,0.0,0,0,8,-422.7,-422.7,-422.7,0,0,0,14.197,15.317,12.752,0
PVC,2020-09,2020,9,1,342.0433694524867,0.0029236058620306,-1.0,-1.8369701987210294e-16,284,14.563,7.693,21.39,13.697,0.0,0,3,-422.7,436.9,30,8.3,8.3,19.523,22.494,18.182,0.0,0.0,0.0,0,0,0,-422.7,-422.7,-422.7,0,0,0,13.981,14.197,15.317,0
PVC,2020-10,2020,10,0,342.0433694524867,0.0,-0.8660254037844386,0.5000000000000001,285,7.461,2.113,12.761,10.648,-3.7,2,8,-3.7,235.0,29,6.5,12.1,14.563,19.523,22.494,0.0,0.0,0.0,3,0,0,-422.7,-422.7,-422.7,0,0,0,13.697,13.981,14.197,0
PVC,2020-11,2020,11,0,342.0433694524867,0.0,-0.5000000000000004,0.8660254037844384,286,5.1,-0.062,10.225,10.287,-9.6,5,16,-13.3,162.6,25,8.5,11.7,7.461,14.563,19.523,-3.7,0.0,0.0,8,3,0,-3.7,-422.7,-422.7,2,0,0,10.648,13.697,13.981,1
PVC,2020-12,2020,12,0,342.0433694524867,0.0,-2.4492935982947064e-16,1.0,287,-1.855,-5.132,1.445,6.577,-74.8,21,19,-88.1,17.3,10,6.2,7.3,5.1,7.461,14.563,-9.6,-3.7,0.0,16,8,3,-13.3,-3.7,-422.7,5,2,0,10.287,10.648,13.697,0
PVC,2021-01,2021,1,0,353.8921496756791,0.0,0.4999999999999999,0.8660254037844387,288,-4.165,-7.129,-1.168,5.961,-131.0,29,13,-219.1,1.9,2,5.6,4.7,-1.855,5.1,7.461,-74.8,-9.6,-3.7,19,16,8,-88.1,-13.3,-3.7,21,5,2,6.577,10.287,10.648,0
PVC,2021-02,2021,2,0,353.8921496756791,0.0,0.8660254037844386,0.5000000000000001,289,-7.893,-12.55,-3.2,9.35,-225.1,25,8,-444.2,4.1,3,11.2,6.0,-4.165,-1.855,5.1,-131.0,-74.8,-9.6,13,19,16,-219.1,-88.1,-13.3,29,21,5,5.961,6.577,10.287,0
PVC,2021-03,2021,3,0,353.8921496756791,0.0,1.0,6.123233995736766e-17,290,2.274,-4.379,8.915,13.294,-47.2,11,22,-491.4,117.7,20,8.1,7.2,-7.893,-4.165,-1.855,-225.1,-131.0,-74.8,8,13,19,-444.2,-219.1,-88.1,25,29,21,9.35,5.961,6.577,1
PVC,2021-04,2021,4,0,353.8921496756791,0.0,0.8660254037844387,-0.4999999999999998,291,7.04,0.993,13.043,12.05,-4.8,3,14,-496.2,216.0,27,7.4,6.2,2.274,-7.893,-4.165,-47.2,-225.1,-131.0,22,8,13,-491.4,-444.2,-219.1,11,25,29,13.294,9.35,5.961,0
PVC,2021-05,2021,5,0,353.8921496756791,0.0,0.4999999999999999,-0.8660254037844387,292,11.626,4.21,18.99,14.781,0.0,0,4,-496.2,360.4,31,6.3,6.9,7.04,2.274,-7.893,-4.8,-47.2,-225.1,14,22,8,-496.2,-491.4,-444.2,3,11,25,12.05,13.294,9.35,0
PVC,2021-06,2021,6,0,353.8921496756791,0.0,1.2246467991473532e-16,-1.0,293,20.028,13.668,26.342,12.673,0.0,0,0,-496.2,600.85,30,7.2,5.7,11.626,7.04,2.274,0.0,-4.8,-47.2,4,14,22,-496.2,-496.2,-491.4,0,3,11,14.781,12.05,13.294,1
PVC,2021-07,2021,7,0,353.8921496756791,0.0,-0.4999999999999997,-0.8660254037844388,294,19.173,13.295,24.982,11.687,0.0,0,0,-496.2,594.35,31,4.6,5.1,20.028,11.626,7.04,0.0,0.0,-4.8,0,4,14,-496.2,-496.2,-496.2,0,0,3,12.673,14.781,12.05,1
PVC,2021-08,2021,8,0,353.8921496756791,0.0,-0.8660254037844384,-0.5000000000000004,295,20.987,14.058,27.874,13.816,0.0,0,0,-496.2,650.6,31,4.5,5.5,19.173,20.028,11.626,0.0,0.0,0.0,0,0,4,-496.2,-496.2,-496.2,0,0,0,11.687,12.673,14.781,0
PVC,2021-09,2021,9,0,353.8921496756791,0.0,-1.0,-1.8369701987210294e-16,296,15.397,8.8,21.957,13.157,0.0,0,0,-496.2,461.9,30,5.9,6.2,20.987,19.173,20.028,0.0,0.0,0.0,0,0,0,-496.2,-496.2,-496.2,0,0,0,13.816,11.687,12.673,0
PVC,2021-10,2021,10,0,353.8921496756791,0.0,-0.8660254037844386,0.5000000000000001,297,12.284,8.081,16.445,8.365,0.0,0,1,0.0,380.8,31,7.6,7.4,15.397,20.987,19.173,0.0,0.0,0.0,0,0,0,-496.2,-496.2,-496.2,0,0,0,13.157,13.816,11.687,0
PVC,2021-11,2021,11,0,353.8921496756791,0.0,-0.5000000000000004,0.8660254037844384,298,2.218,-2.422,6.835,9.257,-18.8,7,21,-18.8,85.35,23,6.7,5.4,12.284,15.397,20.987,0.0,0.0,0.0,1,0,0,0.0,-496.2,-496.2,0,0,0,8.365,13.157,13.816,1
PVC,2021-12,2021,12,0,353.8921496756791,0.0,-2.4492935982947064e-16,1.0,299,-0.058,-3.677,3.568,7.245,-48.9,16,20,-67.7,47.1,15,7.7,10.1,2.218,12.284,15.397,-18.8,0.0,0.0,21,1,0,-18.8,0.0,-496.2,7,0,0,9.257,8.365,13.157,0
PVC,2022-01,2022,1,1,364.1874462021626,0.0027458387443835,0.4999999999999999,0.8660254037844387,300,-10.442,-16.223,-4.629,11.594,-323.7,31,6,-391.4,0.0,0,9.7,13.1,-0.058,2.218,12.284,-48.9,-18.8,0.0,20,21,1,-67.7,-18.8,0.0,16,7,0,7.245,9.257,8.365,0
PVC,2022-02,2022,2,0,364.1874462021626,0.0,0.8660254037844386,0.5000000000000001,301,-6.679,-11.932,-1.371,10.561,-190.3,27,12,-581.7,3.3,1,9.7,8.2,-10.442,-0.058,2.218,-323.7,-48.9,-18.8,6,20,21,-391.4,-67.7,-18.8,31,16,7,11.594,7.245,9.257,0
PVC,2022-03,2022,3,0,364.1874462021626,0.0,1.0,6.123233995736766e-17,302,-0.339,-5.279,4.626,9.905,-75.1,18,18,-656.8,64.6,13,10.4,9.1,-6.679,-10.442,-0.058,-190.3,-323.7,-48.9,12,6,20,-581.7,-391.4,-67.7,27,31,16,10.561,11.594,7.245,1
PVC,2022-04,2022,4,0,364.1874462021626,0.0,0.8660254037844387,-0.4999999999999998,303,5.257,-0.49,10.983,11.473,-3.0,4,17,-659.8,160.7,26,7.7,9.5,-0.339,-6.679,-10.442,-75.1,-190.3,-323.7,18,12,6,-656.8,-581.7,-391.4,18,27,31,9.905,10.561,11.594,0
PVC,2022-05,2022,5,0,364.1874462021626,0.0,0.4999999999999999,-0.8660254037844387,304,13.752,6.848,20.6,13.752,0.0,0,1,-659.8,426.3,31,6.9,9.3,5.257,-0.339,-6.679,-3.0,-75.1,-190.3,17,18,12,-659.8,-656.8,-581.7,4,18,27,11.473,9.905,10.561,0
PVC,2022-06,2022,6,0,364.1874462021626,0.0,1.2246467991473532e-16,-1.0,305,17.1,9.275,24.877,15.602,0.0,0,0,-659.8,513.0,30,7.0,6.2,13.752,5.257,-0.339,0.0,-3.0,-75.1,1,17,18,-659.8,-659.8,-656.8,0,4,18,13.752,11.473,9.905,1
PVC,2022-07,2022,7,0,364.1874462021626,0.0,-0.4999999999999997,-0.8660254037844388,306,19.945,12.113,27.745,15.632,0.0,0,0,-659.8,618.3,31,3.3,7.4,17.1,13.752,5.257,0.0,0.0,-3.0,0,1,17,-659.8,-659.8,-659.8,0,0,4,15.602,13.752,11.473,0
PVC,2022-08,2022,8,0,364.1874462021626,0.0,-0.8660254037844384,-0.5000000000000004,307,19.965,12.537,27.331,14.794,0.0,0,0,-659.8,618.9,31,4.2,4.8,19.945,17.1,13.752,0.0,0.0,0.0,0,0,1,-659.8,-659.8,-659.8,0,0,0,15.632,15.602,13.752,1
PVC,2022-09,2022,9,0,364.1874462021626,0.0,-1.0,-1.8369701987210294e-16,308,15.95,9.097,22.73,13.633,0.0,0,0,-659.8,478.5,30,5.4,9.0,19.965,19.945,17.1,0.0,0.0,0.0,0,0,0,-659.8,-659.8,-659.8,0,0,0,14.794,15.632,15.602,0
PVC,2022-10,2022,10,0,364.1874462021626,0.0,-0.8660254037844386,0.5000000000000001,309,8.356,1.232,15.442,14.21,0.0,0,15,0.0,259.05,31,8.3,11.3,15.95,19.965,19.945,0.0,0.0,0.0,0,0,0,-659.8,-659.8,-659.8,0,0,0,13.633,14.794,15.632,1
PVC,2022-11,2022,11,0,364.1874462021626,0.0,-0.5000000000000004,0.8660254037844384,310,3.763,-1.013,8.523,9.537,-23.1,9,15,-23.1,136.0,21,5.5,7.0,8.356,15.95,19.965,0.0,0.0,0.0,15,0,0,0.0,-659.8,-659.8,0,0,0,14.21,13.633,14.794,0
PVC,2022-12,2022,12,0,364.1874462021626,0.0,-2.4492935982947064e-16,1.0,311,-1.994,-5.042,1.065,6.106,-95.1,22,11,-118.2,33.3,9,5.7,6.5,3.763,8.356,15.95,-23.1,0.0,0.0,15,15,0,-23.1,0.0,-659.8,9,0,0,9.537,14.21,13.633,0
PVC,2023-01,2023,1,0,372.6076967196887,0.0,0.4999999999999999,0.8660254037844387,312,-2.3,-5.026,0.455,5.481,-85.7,20,13,-203.9,14.4,11,5.9,5.3,-1.994,3.763,8.356,-95.1,-23.1,0.0,11,15,15,-118.2,-23.1,0.0,22,9,0,6.106,9.537,14.21,0
PVC,2023-02,2023,2,1,372.6076967196887,0.0026837878251138,0.8660254037844386,0.5000000000000001,313,-2.832,-7.53,1.864,9.395,-95.5,18,18,-299.4,16.2,10,12.3,10.2,-2.3,-1.994,3.763,-85.7,-95.1,-23.1,13,11,15,-203.9,-118.2,-23.1,20,22,9,5.481,6.106,9.537,1
PVC,2023-03,2023,3,0,372.6076967196887,0.0,1.0,6.123233995736766e-17,314,-0.832,-4.931,3.277,8.208,-57.4,19,23,-356.8,31.6,12,7.3,7.1,-2.832,-2.3,-1.994,-95.5,-85.7,-95.1,18,13,11,-299.4,-203.9,-118.2,18,20,22,9.395,5.481,6.106,1
PVC,2023-04,2023,4,0,372.6076967196887,0.0,0.8660254037844387,-0.4999999999999998,315,7.802,1.48,14.078,12.598,-0.9,2,13,-357.7,234.95,28,6.4,8.2,-0.832,-2.832,-2.3,-57.4,-95.5,-85.7,23,18,13,-356.8,-299.4,-203.9,19,18,20,8.208,9.395,5.481,3
PVC,2023-05,2023,5,1,372.6076967196887,0.0026837878251138,0.4999999999999999,-0.8660254037844387,316,11.494,3.627,19.321,15.694,0.0,0,3,-357.7,356.3,31,5.8,6.5,7.802,-0.832,-2.832,-0.9,-57.4,-95.5,13,23,18,-357.7,-356.8,-299.4,2,19,18,12.598,8.208,9.395,1
PVC,2023-06,2023,6,0,372.6076967196887,0.0,1.2246467991473532e-16,-1.0,317,17.387,10.483,24.247,13.763,0.0,0,0,-357.7,521.6,30,5.6,6.4,11.494,7.802,-0.832,0.0,-0.9,-57.4,3,13,23,-357.7,-357.7,-356.8,0,2,19,15.694,12.598,8.208,2
PVC,2023-07,2023,7,0,372.6076967196887,0.0,-0.4999999999999997,-0.8660254037844388,318,19.703,13.161,26.203,13.042,0.0,0,0,-357.7,610.8,31,2.7,6.5,17.387,11.494,7.802,0.0,0.0,-0.9,0,3,13,-357.7,-357.7,-357.7,0,0,2,13.763,15.694,12.598,0
PVC,2023-08,2023,8,0,372.6076967196887,0.0,-0.8660254037844384,-0.5000000000000004,319,17.74,11.887,23.527,11.64,0.0,0,0,-357.7,549.95,31,5.4,7.4,19.703,17.387,11.494,0.0,0.0,0.0,0,0,3,-357.7,-357.7,-357.7,0,0,0,13.042,13.763,15.694,1
PVC,2023-09,2023,9,0,372.6076967196887,0.0,-1.0,-1.8369701987210294e-16,320,16.07,10.14,21.953,11.813,0.0,0,0,-357.7,482.1,30,6.1,5.4,17.74,19.703,17.387,0.0,0.0,0.0,0,0,0,-357.7,-357.7,-357.7,0,0,0,11.64,13.042,13.763,2
PVC,2023-10,2023,10,1,372.6076967196887,0.0026837878251138,-0.8660254037844386,0.5000000000000001,321,10.677,5.932,15.374,9.442,0.0,0,3,0.0,331.0,31,8.2,8.4,16.07,17.74,19.703,0.0,0.0,0.0,0,0,0,-357.7,-357.7,-357.7,0,0,0,11.813,11.64,13.042,0
PVC,2023-11,2023,11,0,372.6076967196887,0.0,-0.5000000000000004,0.8660254037844384,322,2.08,-2.843,6.97,9.813,-20.7,9,21,-20.7,83.1,21,7.2,6.5,10.677,16.07,17.74,0.0,0.0,0.0,3,0,0,0.0,-357.7,-357.7,0,0,0,9.442,11.813,11.64,0
PVC,2023-12,2023,12,0,372.6076967196887,0.0,-2.4492935982947064e-16,1.0,323,1.848,-0.577,4.261,4.839,-13.8,11,17,-34.5,71.1,20,6.5,6.1,2.08,10.677,16.07,-20.7,0.0,0.0,21,3,0,-20.7,0.0,-357.7,9,0,0,9.813,9.442,11.813,0
PVC,2024-01,2024,1,0,377.643419255185,0.0,0.4999999999999999,0.8660254037844387,324,-3.506,-5.903,-1.094,4.81,-118.9,21,14,-153.4,10.2,9,6.1,9.1,1.848,2.08,10.677,-13.8,-20.7,0.0,17,21,3,-34.5,-20.7,0.0,11,9,0,4.839,9.813,9.442,0
PVC,2024-02,2024,2,0,377.643419255185,0.0,0.8660254037844386,0.5000000000000001,325,-1.272,-6.421,3.897,10.317,-71.8,19,19,-225.2,34.9,10,8.5,10.6,-3.506,1.848,2.08,-118.9,-13.8,-20.7,14,17,21,-153.4,-34.5,-20.7,21,11,9,4.81,4.839,9.813,0
PVC,2024-03,2024,3,0,377.643419255185,0.0,1.0,6.123233995736766e-17,326,2.516,-2.36,7.394,9.753,-32.7,9,16,-257.9,110.7,21,5.5,6.8,-1.272,-3.506,1.848,-71.8,-118.9,-13.8,19,14,17,-225.2,-153.4,-34.5,19,21,11,10.317,4.81,4.839,1
PVC,2024-04,2024,4,0,377.643419255185,0.0,0.8660254037844387,-0.4999999999999998,327,7.693,2.277,13.08,10.803,0.0,0,9,-257.9,230.8,30,8.5,7.1,2.516,-1.272,-3.506,-32.7,-71.8,-118.9,16,19,14,-257.9,-225.2,-153.4,9,19,21,9.753,10.317,4.81,0
PVC,2024-05,2024,5,0,377.643419255185,0.0,0.4999999999999999,-0.8660254037844387,328,14.619,7.79,21.397,13.606,0.0,0,0,-257.9,453.2,31,5.0,3.2,7.693,2.516,-1.272,0.0,-32.7,-71.8,9,16,19,-257.9,-257.9,-225.2,0,9,19,10.803,9.753,10.317,0
PVC,2024-06,2024,6,0,377.643419255185,0.0,1.2246467991473532e-16,-1.0,329,18.53,12.14,24.873,12.733,0.0,0,0,-257.9,555.9,30,7.5,5.8,14.619,7.693,2.516,0.0,0.0,-32.7,0,9,16,-257.9,-257.9,-257.9,0,0,9,13.606,10.803,9.753,0
PVC,2024-07,2024,7,0,377.643419255185,0.0,-0.4999999999999997,-0.8660254037844388,330,20.426,13.815,26.989,13.174,0.0,0,0,-257.9,633.2,31,5.9,4.1,18.53,14.619,7.693,0.0,0.0,0.0,0,0,9,-257.9,-257.9,-257.9,0,0,0,12.733,13.606,10.803,1
PVC,2024-08,2024,8,1,377.643419255185,0.002648000597951,-0.8660254037844384,-0.5000000000000004,331,18.971,12.429,25.477,13.048,0.0,0,0,-257.9,588.1,31,3.9,7.6,20.426,18.53,14.619,0.0,0.0,0.0,0,0,0,-257.9,-257.9,-257.9,0,0,0,13.174,12.733,13.606,0
PVC,2024-09,2024,9,0,377.643419255185,0.0,-1.0,-1.8369701987210294e-16,332,16.593,9.352,23.788,14.437,0.0,0,0,-257.9,497.8,30,4.1,6.1,18.971,20.426,18.53,0.0,0.0,0.0,0,0,0,-257.9,-257.9,-257.9,0,0,0,13.048,13.174,12.733,1
PVC,2024-10,2024,10,0,377.643419255185,0.0,-0.8660254037844386,0.5000000000000001,333,9.732,2.258,17.155,14.897,0.0,0,13,0.0,301.7,31,9.3,6.9,16.593,18.971,20.426,0.0,0.0,0.0,0,0,0,-257.9,-257.9,-257.9,0,0,0,14.437,13.048,13.174,1
PVC,2024-11,2024,11,1,377.643419255185,0.002648000597951,-0.5000000000000004,0.8660254037844384,334,5.078,0.823,9.29,8.467,-6.25,2,13,-6.25,158.6,27,9.0,5.7,9.732,16.593,18.971,0.0,0.0,0.0,13,0,0,0.0,-257.9,-257.9,0,0,0,14.897,14.437,13.048,3
PVC,2024-12,2024,12,0,377.643419255185,0.0,-2.4492935982947064e-16,1.0,335,-2.268,-5.69,1.161,6.852,-104.1,20,10,-110.35,33.8,11,10.4,7.2,5.078,9.732,16.593,-6.25,0.0,0.0,13,13,0,-6.25,0.0,-257.9,2,0,0,8.467,14.897,14.437,0
PVC,2025-01,2025,1,0,383.0185619511311,0.0,0.4999999999999999,0.8660254037844387,336,-7.452,-11.184,-3.671,7.513,-231.2,30,8,-341.55,0.2,1,7.1,6.7,-2.268,5.078,9.732,-104.1,-6.25,0.0,10,13,13,-110.35,-6.25,0.0,20,2,0,6.852,8.467,14.897,0
PVC,2025-02,2025,2,0,383.0185619511311,0.0,0.8660254037844386,0.5000000000000001,337,-6.523,-10.014,-2.984,7.03,-187.05,24,6,-528.6,4.4,4,7.8,4.8,-7.452,-2.268,5.078,-231.2,-104.1,-6.25,8,10,13,-341.55,-110.35,-6.25,30,20,2,7.513,6.852,8.467,1
PVC,2025-03,2025,3,0,383.0185619511311,0.0,1.0,6.123233995736766e-17,338,1.371,-4.394,7.126,11.519,-40.6,11,26,-569.2,83.1,20,7.4,7.2,-6.523,-7.452,-2.268,-187.05,-231.2,-104.1,6,8,10,-528.6,-341.55,-110.35,24,30,20,7.03,7.513,6.852,0
PVC,2025-04,2025,4,0,383.0185619511311,0.0,0.8660254037844387,-0.4999999999999998,339,6.6,-0.123,13.267,13.39,-5.0,2,14,-574.2,203.0,28,10.0,7.6,1.371,-6.523,-7.452,-40.6,-187.05,-231.2,26,6,8,-569.2,-528.6,-341.55,11,24,30,11.519,7.03,7.513,0
PVC,2025-05,2025,5,1,383.0185619511311,0.0026108395240844,0.4999999999999999,-0.8660254037844387,340,11.881,6.145,17.558,11.413,0.0,0,2,-574.2,368.3,31,5.3,8.2,6.6,1.371,-6.523,-5.0,-40.6,-187.05,14,26,6,-574.2,-569.2,-528.6,2,11,24,13.39,11.519,7.03,0
PVC,2025-06,2025,6,0,383.0185619511311,0.0,1.2246467991473532e-16,-1.0,341,19.103,12.86,25.28,12.42,0.0,0,0,-574.2,573.1,30,7.0,6.6,11.881,6.6,1.371,0.0,-5.0,-40.6,2,14,26,-574.2,-574.2,-569.2,0,2,11,11.413,13.39,11.519,2
PVC,2025-07,2025,7,0,383.0185619511311,0.0,-0.4999999999999997,-0.8660254037844388,342,21.165,13.919,28.366,14.447,0.0,0,0,-574.2,656.1,31,5.8,5.1,19.103,11.881,6.6,0.0,0.0,-5.0,0,2,14,-574.2,-574.2,-574.2,0,0,2,12.42,11.413,13.39,1
PVC,2025-08,2025,8,0,383.0185619511311,0.0,-0.8660254037844384,-0.5000000000000004,343,18.855,11.813,25.839,14.026,0.0,0,0,-574.2,584.5,31,2.7,4.1,21.165,19.103,11.881,0.0,0.0,0.0,0,0,2,-574.2,-574.2,-574.2,0,0,0,14.447,12.42,11.413,0
PVC,2025-09,2025,9,0,383.0185619511311,0.0,-1.0,-1.8369701987210294e-16,344,16.085,8.325,23.79,15.465,0.0,0,0,-574.2,482.55,30,3.1,4.7,18.855,21.165,19.103,0.0,0.0,0.0,0,0,0,-574.2,-574.2,-574.2,0,0,0,14.026,14.447,12.42,4
PVC,2025-10,2025,10,2,383.0185619511311,0.0052216790481688,-0.8660254037844386,0.5000000000000001,345,9.494,3.077,15.852,12.774,0.0,0,8,0.0,294.3,31,11.5,8.4,16.085,18.855,21.165,0.0,0.0,0.0,0,0,0,-574.2,-574.2,-574.2,0,0,0,15.465,14.026,14.447,2
PVC,2025-11,2025,11,0,383.0185619511311,0.0,-0.5000000000000004,0.8660254037844384,346,1.91,-2.23,6.027,8.257,-15.6,9,19,-15.6,72.9,20,5.5,5.8,9.494,16.085,18.855,0.0,0.0,0.0,8,0,0,0.0,-574.2,-574.2,0,0,0,12.774,15.465,14.026,0
PVC,2025-12,2025,12,0,383.0185619511311,0.0,-2.4492935982947064e-16,1.0,347,-6.348,-11.535,-1.116,10.419,-200.6,27,13,-216.2,3.8,4,9.3,8.2,1.91,9.494,16.085,-15.6,0.0,0.0,19,8,0,-15.6,0.0,-574.2,9,0,0,8.257,12.774,15.465,0
