year,breaks_ci,breaks_ci_lo,breaks_ci_hi,model,scenario,breaks_di,breaks_di_lo,breaks_di_hi,rate_ci,rate_ci_lo,rate_ci_hi,rate_di,rate_di_lo,rate_di_hi,pct_change_ci,pct_change_di
2026,42.06609243253229,0.0,138.0,CanESM5,ssp126,16.50373347126353,0.0,59.0,0.27806777123567084,0.0,0.9122157588577472,0.05124587322236773,0.0,0.1832013662474771,-19.7,-22.7
2027,40.966588188057415,0.0,133.0,CanESM5,ssp126,16.82602110950957,0.0,60.0,0.27079976327377986,0.0,0.8791644632469593,0.05224661111476345,0.0,0.1863064741499767,-21.8,-21.2
2028,40.391845595930086,0.0,131.0,CanESM5,ssp126,16.328920698496336,0.0,59.0,0.2670005658112777,0.0,0.865943945002644,0.050703060700190455,0.0,0.1832013662474771,-22.9,-23.5
2029,45.21519297700432,0.0,148.0,CanESM5,ssp126,18.084594561021706,0.0,65.0,0.29888414183635853,0.0,0.9783183500793231,0.056154617484929996,0.0,0.20183201366247477,-13.7,-15.3
2030,44.035328352895135,0.0,140.0,CanESM5,ssp126,16.853257365814947,0.0,59.0,0.2910849309419298,0.0,0.9254362771020624,0.052331182629451786,0.0,0.1832013662474771,-15.9,-21.0
2031,52.551348566143375,0.0,169.0,CanESM5,ssp126,20.10544064686772,0.0,70.0,0.34737803124103234,0.0,1.1171337916446324,0.062429562635825865,0.0,0.21735755317497282,0.3,-5.8
2032,50.36649807243562,0.0,161.0,CanESM5,ssp126,19.737664750477734,0.0,70.0,0.33293560333445016,0.0,1.0642517186673717,0.06128757879359644,0.0,0.21735755317497282,-3.8,-7.5
2033,43.355117751404094,0.0,140.0,CanESM5,ssp126,17.310603859521784,0.0,61.0,0.2865885626084353,0.0,0.9254362771020624,0.05375129284124137,0.0,0.18941158205247632,-17.2,-18.9
2034,54.688675299729546,0.0,174.0,CanESM5,ssp126,20.084022760829047,0.0,69.0,0.3615063147787516,0.0,1.1501850872554205,0.062363057788632346,0.0,0.21425244527247322,4.4,-5.9
2035,55.293734311001884,0.0,177.0,CanESM5,ssp126,20.1966478819874,0.0,70.0,0.36550591162745827,0.0,1.1700158646218932,0.06271277094236112,0.0,0.21735755317497282,5.6,-5.4
2036,43.3082111355488,0.0,141.0,CanESM5,ssp126,17.505009061590187,0.0,61.0,0.28627849772308833,0.0,0.93204653622422,0.054354941970471,0.0,0.18941158205247632,-17.3,-18.0
2037,42.54384193163993,0.0,138.0,CanESM5,ssp126,16.58472126646737,0.0,59.0,0.28122581922025336,0.0,0.9122157588577472,0.0514973490652612,0.0,0.1832013662474771,-18.8,-22.3
2038,43.01058983445278,0.0,139.0,CanESM5,ssp126,17.98040635198773,0.0,64.0,0.28431114380256994,0.0,0.9188260179799048,0.055831101853711325,0.0,0.19872690575997515,-17.9,-15.8
2039,41.890555790911954,0.0,135.0,CanESM5,ssp126,16.722019627877295,0.0,59.0,0.27690742854912714,0.0,0.8923849814912744,0.05192367529227541,0.0,0.1832013662474771,-20.0,-21.7
2040,41.35823684008546,0.0,133.0,CanESM5,ssp126,17.437986076336163,0.0,61.0,0.27338866234852893,0.0,0.8791644632469593,0.05414682836930962,0.0,0.18941158205247632,-21.0,-18.3
2041,40.66695270865104,0.0,132.0,CanESM5,ssp126,15.756431617206415,0.0,56.0,0.2688190951127118,0.0,0.8725542041248017,0.04892542032978238,0.0,0.17388604253997825,-22.4,-26.2
2042,46.94619689687333,0.0,152.0,CanESM5,ssp126,18.923941810826626,0.0,67.0,0.3103265262881632,0.0,1.0047593865679534,0.05876088126324057,0.0,0.208042229467474,-10.4,-11.3
2043,45.42073977540788,0.0,146.0,CanESM5,ssp126,17.802453162679807,0.0,63.0,0.30024285943553597,0.0,0.965097831835008,0.05527853799931628,0.0,0.19562179785747555,-13.3,-16.6
2044,41.374245465214244,0.0,136.0,CanESM5,ssp126,16.641430876095693,0.0,59.0,0.2734944835088197,0.0,0.8989952406134321,0.051673438522265774,0.0,0.1832013662474771,-21.0,-22.0
2045,39.24718626607208,0.0,129.0,CanESM5,ssp126,16.46777104751457,0.0,59.0,0.259434071034321,0.0,0.8527234267583289,0.051134206016191806,0.0,0.1832013662474771,-25.1,-22.8
2046,44.46080145208644,0.0,143.0,CanESM5,ssp126,18.497073639641396,0.0,66.0,0.29389741837709177,0.0,0.9452670544685352,0.057435409531567755,0.0,0.20493712156497437,-15.1,-13.3
2047,45.25105763038194,0.0,148.0,CanESM5,ssp126,17.981616990060832,0.0,64.0,0.299121216488511,0.0,0.9783183500793231,0.05583486101555917,0.0,0.19872690575997515,-13.6,-15.8
2048,41.15673301696911,0.0,134.0,CanESM5,ssp126,16.73212156651322,0.0,59.0,0.2720566698636245,0.0,0.8857747223691169,0.051955042901764385,0.0,0.1832013662474771,-21.4,-21.6
2049,38.946619201771526,0.0,127.0,CanESM5,ssp126,16.858760492591422,0.0,60.0,0.25744724485570813,0.0,0.8395029085140138,0.05234827043189387,0.0,0.1863064741499767,-25.6,-21.0
2050,40.27968061913589,0.0,132.0,CanESM5,ssp126,16.26642427380077,0.0,58.0,0.26625912625023723,0.0,0.8725542041248017,0.050509002557990276,0.0,0.18009625834497747,-23.1,-23.8
2051,40.755264079923215,0.0,133.0,CanESM5,ssp126,16.5594202528834,0.0,60.0,0.26940285616025395,0.0,0.8791644632469593,0.05141878668804036,0.0,0.1863064741499767,-22.2,-22.4
2052,44.957480644470195,0.0,147.0,CanESM5,ssp126,17.453339167589885,0.0,61.0,0.2971805965393323,0.0,0.9717080909571655,0.05419450137428935,0.0,0.18941158205247632,-14.2,-18.2
2053,41.25402375653823,0.0,135.0,CanESM5,ssp126,16.77918918661118,0.0,60.0,0.27269978686236274,0.0,0.8923849814912744,0.05210119294088241,0.0,0.1863064741499767,-21.2,-21.4
2054,42.69277111032081,0.0,139.0,CanESM5,ssp126,17.470654850300427,0.0,63.0,0.2822102796821841,0.0,0.9188260179799048,0.05424826843751103,0.0,0.19562179785747555,-18.5,-18.2
2055,39.200424135055044,0.0,129.0,CanESM5,ssp126,15.66670902966453,0.0,57.0,0.2591249612311941,0.0,0.8527234267583289,0.048646822014173356,0.0,0.17699115044247787,-25.2,-26.6
2056,43.24783437735117,0.0,140.0,CanESM5,ssp126,16.670314544376275,0.0,60.0,0.2858793917064461,0.0,0.9254362771020624,0.05176312542889699,0.0,0.1863064741499767,-17.4,-21.9
2057,38.3927932572727,0.0,126.0,CanESM5,ssp126,15.601114148144182,0.0,56.0,0.25378631185399725,0.0,0.8328926493918561,0.048443142829201,0.0,0.17388604253997825,-26.7,-26.9
2058,39.446442707943845,0.0,130.0,CanESM5,ssp126,16.672933523650062,0.0,59.0,0.2607512077468525,0.0,0.8593336858804865,0.051771257642136505,0.0,0.1832013662474771,-24.7,-21.9
2059,40.769187436089716,0.0,132.0,CanESM5,ssp126,16.67575884933862,0.0,59.0,0.2694948931523646,0.0,0.8725542041248017,0.05178003058325918,0.0,0.1832013662474771,-22.2,-21.9
2060,46.21404475251154,0.0,149.0,CanESM5,ssp126,17.732469976182596,0.0,62.0,0.30548681089708846,0.0,0.9849286092014807,0.05506123265388168,0.0,0.19251668995497592,-11.8,-16.9
2061,46.567530819070996,0.0,148.0,CanESM5,ssp126,18.672119073365554,0.0,66.0,0.3078234453931187,0.0,0.9783183500793231,0.05797894449112111,0.0,0.20493712156497437,-11.1,-12.5
2062,41.975301587799976,0.0,136.0,CanESM5,ssp126,16.288289863180275,0.0,59.0,0.2774676202260707,0.0,0.8989952406134321,0.050576897572365394,0.0,0.1832013662474771,-19.9,-23.7
2063,43.02427475401091,0.0,139.0,CanESM5,ssp126,17.39729804845278,0.0,60.0,0.28440160466691505,0.0,0.9188260179799048,0.0540204876523918,0.0,0.1863064741499767,-17.9,-18.5
2064,43.085371831084494,0.0,139.0,CanESM5,ssp126,17.528886992277723,0.0,61.0,0.28480547217797786,0.0,0.9188260179799048,0.054429085521744205,0.0,0.18941158205247632,-17.7,-17.9
2065,43.90304519518947,0.0,143.0,CanESM5,ssp126,16.935527753762145,0.0,59.0,0.2902105049919981,0.0,0.9452670544685352,0.052586641061208333,0.0,0.1832013662474771,-16.2,-20.7
2066,40.88166283322269,0.0,134.0,CanESM5,ssp126,16.697505399735608,0.0,61.0,0.2702383846722811,0.0,0.8857747223691169,0.05184755596874897,0.0,0.18941158205247632,-22.0,-21.8
2067,41.98745742375606,0.0,137.0,CanESM5,ssp126,16.556142516985584,0.0,60.0,0.2775479734515869,0.0,0.9056054997355897,0.051408608964401754,0.0,0.1863064741499767,-19.8,-22.4
2068,47.17659262083267,0.0,151.0,CanESM5,ssp126,18.833632970216513,0.0,66.0,0.31184950172417153,0.0,0.9981491274457959,0.05848046256859653,0.0,0.20493712156497437,-9.9,-11.8
2069,45.7290504160902,0.0,149.0,CanESM5,ssp126,17.840864013458127,0.0,64.0,0.3022808726605645,0.0,0.9849286092014807,0.05539780783560977,0.0,0.19872690575997515,-12.7,-16.4
2070,49.60797068339048,0.0,160.0,CanESM5,ssp126,19.148989222115063,0.0,68.0,0.3279215407416081,0.0,1.0576414595452142,0.05945967775846937,0.0,0.2111473373699736,-5.3,-10.3
2071,43.42382585534432,0.0,141.0,CanESM5,ssp126,17.734257230944042,0.0,63.0,0.28704274097927235,0.0,0.93204653622422,0.05506678227276523,0.0,0.19562179785747555,-17.1,-16.9
2072,40.126175757001214,0.0,131.0,CanESM5,ssp126,16.274375725363093,0.0,58.0,0.26524441933501597,0.0,0.865943945002644,0.05053369267307279,0.0,0.18009625834497747,-23.4,-23.8
2073,41.16761144097218,0.0,135.0,CanESM5,ssp126,16.513270387912797,0.0,59.0,0.27212857906512544,0.0,0.8923849814912744,0.05127548637762085,0.0,0.1832013662474771,-21.4,-22.6
2074,40.62179807303474,0.0,132.0,CanESM5,ssp126,16.517640014080513,0.0,59.0,0.2685206112707214,0.0,0.8725542041248017,0.0512890545383652,0.0,0.1832013662474771,-22.4,-22.6
2075,37.172464577746936,0.0,123.0,CanESM5,ssp126,15.947741385985847,0.0,58.0,0.24571962306813153,0.0,0.8130618720253834,0.04951945780464476,0.0,0.18009625834497747,-29.0,-25.3
2076,46.65732464140801,0.0,148.0,CanESM5,ssp126,18.119281030424577,0.0,64.0,0.30841700582633536,0.0,0.9783183500793231,0.05626232271518267,0.0,0.19872690575997515,-10.9,-15.1
2077,39.43778918443793,0.0,130.0,CanESM5,ssp126,15.81457634182988,0.0,57.0,0.26069400571415874,0.0,0.8593336858804865,0.049105965973699366,0.0,0.17699115044247787,-24.7,-25.9
2078,47.825344962560564,0.0,154.0,CanESM5,ssp126,18.440158970654554,0.0,64.0,0.31613792280909947,0.0,1.0179799048122686,0.057258683343128565,0.0,0.19872690575997515,-8.7,-13.6
2079,46.16403480208467,0.0,149.0,CanESM5,ssp126,18.238245694327382,0.0,64.0,0.30515623216608057,0.0,0.9849286092014807,0.056631720833185475,0.0,0.19872690575997515,-11.9,-14.6
2080,39.34431954688834,0.0,129.0,CanESM5,ssp126,16.584842798155666,0.0,60.0,0.2600761471899018,0.0,0.8527234267583289,0.051497726434266936,0.0,0.1863064741499767,-24.9,-22.3
2081,39.645669687728144,0.0,129.0,CanESM5,ssp126,16.187456602872775,0.0,58.0,0.26206814970735154,0.0,0.8527234267583289,0.050263799418949776,0.0,0.18009625834497747,-24.3,-24.2
2082,44.791156642510664,0.0,146.0,CanESM5,ssp126,17.939439421598085,0.0,63.0,0.2960811517881456,0.0,0.965097831835008,0.05570389511441728,0.0,0.19562179785747555,-14.5,-16.0
2083,39.321557710983804,0.0,127.0,CanESM5,ssp126,16.069060676669466,0.0,56.0,0.25992568555647677,0.0,0.8395029085140138,0.049896167292872114,0.0,0.17388604253997825,-24.9,-24.7
2084,42.0128295275389,0.0,137.0,CanESM5,ssp126,17.616136421457025,0.0,64.0,0.27771568963206567,0.0,0.9056054997355897,0.05470000441377744,0.0,0.19872690575997515,-19.8,-17.5
2085,40.729233874614245,0.0,133.0,CanESM5,ssp126,16.47552971130778,0.0,60.0,0.2692307897581587,0.0,0.8791644632469593,0.05115829750444893,0.0,0.1863064741499767,-22.2,-22.8
2086,42.18432480146852,0.0,137.0,CanESM5,ssp126,16.584760125516542,0.0,59.0,0.2788493178309659,0.0,0.9056054997355897,0.051497469726801866,0.0,0.1832013662474771,-19.5,-22.3
2087,40.244249903203155,0.0,132.0,CanESM5,ssp126,16.11688915300514,0.0,58.0,0.2660249200370383,0.0,0.8725542041248017,0.050044679872706534,0.0,0.18009625834497747,-23.2,-24.5
2088,38.54658089258069,0.0,126.0,CanESM5,ssp126,16.320798395187122,0.0,59.0,0.2548028879731669,0.0,0.8328926493918561,0.05067784007199851,0.0,0.1832013662474771,-26.4,-23.5
2089,43.07556095723289,0.0,141.0,CanESM5,ssp126,17.760136482833104,0.0,64.0,0.28474061975960396,0.0,0.93204653622422,0.05514714014231673,0.0,0.19872690575997515,-17.8,-16.8
2090,41.28716901543193,0.0,133.0,CanESM5,ssp126,15.888119804606646,0.0,57.0,0.272918885612321,0.0,0.8791644632469593,0.04933432636114468,0.0,0.17699115044247787,-21.2,-25.6
2091,40.360412135270444,0.0,131.0,CanESM5,ssp126,16.49398757809211,0.0,59.0,0.2667927824912113,0.0,0.865943945002644,0.051215611172464245,0.0,0.1832013662474771,-22.9,-22.7
2092,43.422726602679184,0.0,141.0,CanESM5,ssp126,17.705250848216757,0.0,63.0,0.28703547463431506,0.0,0.93204653622422,0.054976714324535804,0.0,0.19562179785747555,-17.1,-17.1
2093,40.41258673811744,0.0,133.0,CanESM5,ssp126,17.182354309247728,0.0,62.0,0.2671376701356256,0.0,0.8791644632469593,0.05335306414919338,0.0,0.19251668995497592,-22.8,-19.5
2094,42.88813867675145,0.0,138.0,CanESM5,ssp126,17.130484415508185,0.0,61.0,0.283501709920356,0.0,0.9122157588577472,0.053192002532240906,0.0,0.18941158205247632,-18.1,-19.7
2095,37.73468813647308,0.0,125.0,CanESM5,ssp126,15.809490790360034,0.0,57.0,0.24943606647589292,0.0,0.8262823902696985,0.04909017478764177,0.0,0.17699115044247787,-28.0,-25.9
2096,44.93750691740797,0.0,145.0,CanESM5,ssp126,17.693413474200625,0.0,62.0,0.2970485650278158,0.0,0.9584875727128503,0.05493995800093347,0.0,0.19251668995497592,-14.2,-17.1
2097,41.882741910680295,0.0,136.0,CanESM5,ssp126,17.407118433344003,0.0,62.0,0.2768557767760464,0.0,0.8989952406134321,0.054050981007123126,0.0,0.19251668995497592,-20.0,-18.4
2098,42.14502228703795,0.0,138.0,CanESM5,ssp126,16.38223926388448,0.0,59.0,0.2785895180264275,0.0,0.9122157588577472,0.05086862059892712,0.0,0.1832013662474771,-19.5,-23.2
2099,44.250351427816014,0.0,143.0,CanESM5,ssp126,18.658757583879858,0.0,65.0,0.29250628918439986,0.0,0.9452670544685352,0.057937455624529906,0.0,0.20183201366247477,-15.5,-12.6
2100,33.963297472031215,0.0,111.0,CanESM5,ssp126,14.177020990693693,0.0,52.0,0.2245061969330461,0.0,0.7337387625594923,0.044021179912105864,0.0,0.16146561092997982,-35.2,-33.6
2026,43.34743931347727,0.0,141.0,CanESM5,ssp245,17.08750706605776,0.0,61.0,0.2865378061440856,0.0,0.93204653622422,0.05305855322483391,0.0,0.18941158205247632,-17.2,-19.9
2027,37.15913767226874,0.0,122.0,CanESM5,ssp245,15.57168286219086,0.0,57.0,0.24563152876962416,0.0,0.8064516129032258,0.048351755510606616,0.0,0.17699115044247787,-29.1,-27.0
2028,46.81374864873239,0.0,150.0,CanESM5,ssp245,18.36771078248238,0.0,63.0,0.3094510090476758,0.0,0.9915388683236382,0.057033723901513365,0.0,0.19562179785747555,-10.6,-13.9
2029,47.90798945111735,0.0,154.0,CanESM5,ssp245,17.975019989496772,0.0,64.0,0.316684224293478,0.0,1.0179799048122686,0.055814376616974914,0.0,0.19872690575997515,-8.5,-15.8
2030,40.49309929586717,0.0,133.0,CanESM5,ssp245,16.642989528414155,0.0,60.0,0.267669879004939,0.0,0.8791644632469593,0.05167827830589708,0.0,0.1863064741499767,-22.7,-22.0
2031,38.03572247701016,0.0,125.0,CanESM5,ssp245,16.47574515854698,0.0,60.0,0.25142598147151085,0.0,0.8262823902696985,0.05115896649137395,0.0,0.1863064741499767,-27.4,-22.8
2032,41.424390376322485,0.0,136.0,CanESM5,ssp245,16.08890759055048,0.0,57.0,0.2738259543649027,0.0,0.8989952406134321,0.04995779410200429,0.0,0.17699115044247787,-20.9,-24.6
2033,44.287637840287076,0.0,145.0,CanESM5,ssp245,17.729669294391755,0.0,64.0,0.2927527620325692,0.0,0.9584875727128503,0.055052536234720555,0.0,0.19872690575997515,-15.4,-16.9
2034,49.3862706390692,0.0,159.0,CanESM5,ssp245,19.098808350987028,0.0,67.0,0.32645604600125067,0.0,1.0510312004230566,0.0593038607389754,0.0,0.208042229467474,-5.7,-10.5
2035,41.40037845189602,0.0,136.0,CanESM5,ssp245,16.945518299247965,0.0,60.0,0.2736672293224221,0.0,0.8989952406134321,0.052617662782946634,0.0,0.1863064741499767,-21.0,-20.6
2036,41.73898478252162,0.0,136.0,CanESM5,ssp245,17.426103668591626,0.0,61.0,0.2759055049082603,0.0,0.8989952406134321,0.054109932211121335,0.0,0.18941158205247632,-20.3,-18.4
2037,44.47054457493779,0.0,146.0,CanESM5,ssp245,17.269500597652808,0.0,62.0,0.2939618229437982,0.0,0.965097831835008,0.053623662777993505,0.0,0.19251668995497592,-15.1,-19.1
2038,41.905820212187685,0.0,136.0,CanESM5,ssp245,17.79201139363732,0.0,62.0,0.2770083303291095,0.0,0.8989952406134321,0.055246115179746376,0.0,0.19251668995497592,-20.0,-16.6
2039,42.897989501124385,0.0,138.0,CanESM5,ssp245,17.27587944036796,0.0,61.0,0.2835668264220279,0.0,0.9122157588577472,0.05364346977291712,0.0,0.18941158205247632,-18.1,-19.1
2040,44.29041517214803,0.0,142.0,CanESM5,ssp245,17.538220796725632,0.0,62.0,0.2927711209158384,0.0,0.9386567953463776,0.054458067991695794,0.0,0.19251668995497592,-15.4,-17.8
2041,51.32334313768622,0.0,166.0,CanESM5,ssp245,20.634412106991963,0.0,73.0,0.33926059715551443,0.0,1.0973030142781597,0.0640720760968544,0.0,0.22667287688247165,-2.0,-3.3
2042,43.69160108208857,0.0,142.0,CanESM5,ssp245,17.095360192548505,0.0,61.0,0.28881280461454634,0.0,0.9386567953463776,0.05308293802995965,0.0,0.18941158205247632,-16.6,-19.9
2043,40.62659108065728,0.0,133.0,CanESM5,ssp245,16.821842898506105,0.0,60.0,0.2685522942930809,0.0,0.8791644632469593,0.05223363731875828,0.0,0.1863064741499767,-22.4,-21.2
2044,40.08871073373253,0.0,130.0,CanESM5,ssp245,16.42403940081477,0.0,58.0,0.2649967658231923,0.0,0.8593336858804865,0.05099841453443493,0.0,0.18009625834497747,-23.5,-23.1
2045,39.784911900876004,0.0,131.0,CanESM5,ssp245,16.07838628307913,0.0,57.0,0.2629885768170016,0.0,0.865943945002644,0.04992512430703037,0.0,0.17699115044247787,-24.0,-24.7
2046,41.626479447452205,0.0,136.0,CanESM5,ssp245,16.862732232981543,0.0,60.0,0.2751618154908263,0.0,0.8989952406134321,0.05236060311436591,0.0,0.1863064741499767,-20.5,-21.0
2047,47.2853001612242,0.0,153.0,CanESM5,ssp245,19.764203832403567,0.0,68.0,0.31256808673469194,0.0,1.0113696456901111,0.06136998550660943,0.0,0.2111473373699736,-9.7,-7.4
2048,46.988393818569634,0.0,151.0,CanESM5,ssp245,19.51051321214765,0.0,69.0,0.3106054588747332,0.0,0.9981491274457959,0.06058224875686275,0.0,0.21425244527247322,-10.3,-8.6
2049,37.94677557632207,0.0,125.0,CanESM5,ssp245,15.614250073440587,0.0,57.0,0.25083801940984973,0.0,0.8262823902696985,0.04848393129464551,0.0,0.17699115044247787,-27.6,-26.8
2050,43.27474584029959,0.0,140.0,CanESM5,ssp245,17.73404211721327,0.0,62.0,0.2860572834498915,0.0,0.9254362771020624,0.055066114321419876,0.0,0.19251668995497592,-17.4,-16.9
2051,38.956970188143586,0.0,128.0,CanESM5,ssp245,16.42604423233468,0.0,58.0,0.25751566755779737,0.0,0.8461131676361713,0.05100463975263058,0.0,0.18009625834497747,-25.6,-23.0
2052,40.61489477171348,0.0,133.0,CanESM5,ssp245,16.849561826260867,0.0,60.0,0.2684749786601896,0.0,0.8791644632469593,0.05231970758037841,0.0,0.1863064741499767,-22.5,-21.1
2053,36.850524367977414,0.0,121.0,CanESM5,ssp245,15.836480043646642,0.0,56.0,0.2435915148597132,0.0,0.7998413537810682,0.04917397933130458,0.0,0.17388604253997825,-29.6,-25.8
2054,37.573707747042356,0.0,125.0,CanESM5,ssp245,16.01901793219586,0.0,57.0,0.24837194438816998,0.0,0.8262823902696985,0.04974077917154436,0.0,0.17699115044247787,-28.3,-25.0
2055,41.086433614271,0.0,133.0,CanESM5,ssp245,16.927383054795694,0.0,61.0,0.2715919725956571,0.0,0.8791644632469593,0.05256135089208413,0.0,0.18941158205247632,-21.6,-20.7
2056,38.416366115074986,0.0,126.0,CanESM5,ssp245,16.61592150232416,0.0,60.0,0.2539421345523201,0.0,0.8328926493918561,0.05159422916417997,0.0,0.1863064741499767,-26.7,-22.2
2057,39.03625841830538,0.0,129.0,CanESM5,ssp245,16.19142721265447,0.0,58.0,0.2580397833045041,0.0,0.8527234267583289,0.05027612859076066,0.0,0.18009625834497747,-25.5,-24.1
2058,43.04898644447965,0.0,139.0,CanESM5,ssp245,17.177838630681226,0.0,61.0,0.28456495534426,0.0,0.9188260179799048,0.05333904247999138,0.0,0.18941158205247632,-17.8,-19.5
2059,35.93238749386909,0.0,119.0,CanESM5,ssp245,16.40489154830654,0.0,59.0,0.23752239221224944,0.0,0.786620835536753,0.05093895838629573,0.0,0.1832013662474771,-31.4,-23.1
2060,39.33688128342056,0.0,129.0,CanESM5,ssp245,16.074550725621254,0.0,57.0,0.2600269783409609,0.0,0.8527234267583289,0.049913214487257426,0.0,0.17699115044247787,-24.9,-24.7
2061,39.800526627962974,0.0,131.0,CanESM5,ssp245,17.05243856392912,0.0,59.0,0.26309179420916823,0.0,0.865943945002644,0.05294966174174544,0.0,0.1832013662474771,-24.0,-20.1
2062,44.18044817483237,0.0,143.0,CanESM5,ssp245,18.259747249407006,0.0,65.0,0.2920442105686963,0.0,0.9452670544685352,0.05669848548177924,0.0,0.20183201366247477,-15.7,-14.5
2063,41.12214958811059,0.0,136.0,CanESM5,ssp245,17.181937662966845,0.0,60.0,0.27182806443753693,0.0,0.8989952406134321,0.05335177041753406,0.0,0.1863064741499767,-21.5,-19.5
2064,42.97467822286616,0.0,139.0,CanESM5,ssp245,18.207434795734045,0.0,64.0,0.2840737587444881,0.0,0.9188260179799048,0.056536049668480186,0.0,0.19872690575997515,-18.0,-14.7
2065,41.33889293806666,0.0,135.0,CanESM5,ssp245,17.16751889558403,0.0,61.0,0.27326079414375104,0.0,0.8923849814912744,0.05330699858898938,0.0,0.18941158205247632,-21.1,-19.6
2066,35.30800804157863,0.0,117.0,CanESM5,ssp245,15.70337863950935,0.0,57.0,0.23339508224205863,0.0,0.7734003172924379,0.04876068510948408,0.0,0.17699115044247787,-32.6,-26.4
2067,41.49407856064944,0.0,134.0,CanESM5,ssp245,17.65837367028364,0.0,62.0,0.2742866113210566,0.0,0.8857747223691169,0.05483115562888881,0.0,0.19251668995497592,-20.8,-17.3
2068,35.9066507444063,0.0,118.0,CanESM5,ssp245,15.741806656263988,0.0,57.0,0.2373522656293383,0.0,0.7800105764145955,0.048880008247986294,0.0,0.17699115044247787,-31.4,-26.3
2069,39.598110287018045,0.0,130.0,CanESM5,ssp245,17.065697929690607,0.0,61.0,0.2617537697449633,0.0,0.8593336858804865,0.05299083350315357,0.0,0.18941158205247632,-24.4,-20.0
2070,40.24888433962404,0.0,132.0,CanESM5,ssp245,16.97521131100668,0.0,61.0,0.2660555548626655,0.0,0.8725542041248017,0.05270986278840764,0.0,0.18941158205247632,-23.2,-20.5
2071,37.35043980670681,0.0,122.0,CanESM5,ssp245,15.71551638567558,0.0,58.0,0.2468960854488816,0.0,0.8064516129032258,0.04879837412102338,0.0,0.18009625834497747,-28.7,-26.4
2072,38.332052057014636,0.0,124.0,CanESM5,ssp245,16.943985501637094,0.0,60.0,0.25338479678090053,0.0,0.819672131147541,0.05261290328097219,0.0,0.1863064741499767,-26.8,-20.6
2073,38.42731785626827,0.0,127.0,CanESM5,ssp245,16.250376738044114,0.0,57.0,0.2540145283994465,0.0,0.8395029085140138,0.05045917322789664,0.0,0.17699115044247787,-26.6,-23.9
2074,37.0807825810459,0.0,121.0,CanESM5,ssp245,16.274643670823856,0.0,58.0,0.24511358131310088,0.0,0.7998413537810682,0.05053452467264045,0.0,0.18009625834497747,-29.2,-23.8
2075,38.669605203996056,0.0,125.0,CanESM5,ssp245,16.732739830624094,0.0,61.0,0.2556161105499475,0.0,0.8262823902696985,0.05195696267854089,0.0,0.18941158205247632,-26.2,-21.6
2076,42.098856541788834,0.0,137.0,CanESM5,ssp245,17.306119554403185,0.0,61.0,0.2782843504877633,0.0,0.9056054997355897,0.05373736858998039,0.0,0.18941158205247632,-19.6,-18.9
2077,36.05694316313349,0.0,119.0,CanESM5,ssp245,15.996104634345432,0.0,58.0,0.23834573746122084,0.0,0.786620835536753,0.04966963090931666,0.0,0.18009625834497747,-31.2,-25.1
2078,39.093012810958044,0.0,128.0,CanESM5,ssp245,16.438993425411557,0.0,60.0,0.2584149445462589,0.0,0.8461131676361713,0.051044848394384584,0.0,0.1863064741499767,-25.4,-23.0
2079,35.79614735833222,0.0,117.0,CanESM5,ssp245,15.922543629581135,0.0,58.0,0.2366218096135128,0.0,0.7734003172924379,0.04944121605210723,0.0,0.18009625834497747,-31.7,-25.4
2080,42.47083155161658,0.0,138.0,CanESM5,ssp245,17.942071616567457,0.0,63.0,0.2807432016896918,0.0,0.9122157588577472,0.0557120683638176,0.0,0.19562179785747555,-18.9,-15.9
2081,40.123836759205346,0.0,130.0,CanESM5,ssp245,16.81650213985142,0.0,61.0,0.2652289579534991,0.0,0.8593336858804865,0.052217053686854274,0.0,0.18941158205247632,-23.4,-21.2
2082,39.098102646348586,0.0,128.0,CanESM5,ssp245,17.60333627703861,0.0,63.0,0.2584485896770795,0.0,0.8461131676361713,0.054660258584190685,0.0,0.19562179785747555,-25.4,-17.5
2083,39.18062639767791,0.0,129.0,CanESM5,ssp245,16.72909884631214,0.0,60.0,0.25899409305709886,0.0,0.8527234267583289,0.05194565702938097,0.0,0.1863064741499767,-25.2,-21.6
2084,35.62629492476681,0.0,118.0,CanESM5,ssp245,15.871755293403297,0.0,58.0,0.2354990410151164,0.0,0.7800105764145955,0.04928351278808662,0.0,0.18009625834497747,-32.0,-25.6
2085,38.27657672343979,0.0,125.0,CanESM5,ssp245,16.11896676760697,0.0,58.0,0.2530180904510827,0.0,0.8262823902696985,0.05005113109022503,0.0,0.18009625834497747,-26.9,-24.5
2086,40.50145261065752,0.0,132.0,CanESM5,ssp245,16.30270383584583,0.0,58.0,0.2677250965802322,0.0,0.8725542041248017,0.05062165451279562,0.0,0.18009625834497747,-22.7,-23.6
2087,37.12134657475707,0.0,121.0,CanESM5,ssp245,17.04482349867419,0.0,61.0,0.24538171982256127,0.0,0.7998413537810682,0.05292601614244431,0.0,0.18941158205247632,-29.1,-20.1
2088,38.56382310745693,0.0,127.0,CanESM5,ssp245,16.88322108518715,0.0,61.0,0.2549168634813388,0.0,0.8395029085140138,0.05242422321126269,0.0,0.18941158205247632,-26.4,-20.9
2089,36.2527101142261,0.0,120.0,CanESM5,ssp245,15.414731420611758,0.0,56.0,0.23963980773549773,0.0,0.7932310946589106,0.047864404349050635,0.0,0.17388604253997825,-30.8,-27.8
2090,38.20665459125316,0.0,125.0,CanESM5,ssp245,16.424329449872918,0.0,57.0,0.2525558870389553,0.0,0.8262823902696985,0.050999315168057495,0.0,0.17699115044247787,-27.1,-23.1
2091,37.0201403242431,0.0,123.0,CanESM5,ssp245,16.189321711197447,0.0,58.0,0.24471272028188196,0.0,0.8130618720253834,0.05026959078154773,0.0,0.18009625834497747,-29.3,-24.2
2092,38.10178837901123,0.0,125.0,CanESM5,ssp245,16.843466902041833,0.0,61.0,0.251862694202877,0.0,0.8262823902696985,0.05230078218302075,0.0,0.18941158205247632,-27.3,-21.1
2093,40.940591449044966,0.0,133.0,CanESM5,ssp245,16.22549023762253,0.0,58.0,0.27062791809257647,0.0,0.8791644632469593,0.05038189795877202,0.0,0.18009625834497747,-21.8,-24.0
2094,36.713004919546464,0.0,123.0,CanESM5,ssp245,15.89469038961932,0.0,57.0,0.24268247567124843,0.0,0.8130618720253834,0.04935472873659159,0.0,0.17699115044247787,-29.9,-25.5
2095,36.96450607368428,0.0,123.0,CanESM5,ssp245,15.997480938586115,0.0,57.0,0.24434496346962106,0.0,0.8130618720253834,0.04967390448249065,0.0,0.17699115044247787,-29.4,-25.1
2096,41.901378113493735,0.0,137.0,CanESM5,ssp245,17.434167822878848,0.0,63.0,0.2769789669056963,0.0,0.9056054997355897,0.054134972280325565,0.0,0.19562179785747555,-20.0,-18.3
2097,35.24485992351879,0.0,116.0,CanESM5,ssp245,15.568276768954423,0.0,55.0,0.2329776568186065,0.0,0.7667900581702802,0.0483411792235815,0.0,0.17078093463747865,-32.7,-27.1
2098,40.07413012097548,0.0,133.0,CanESM5,ssp245,17.05496001072993,0.0,61.0,0.26490038419470835,0.0,0.8791644632469593,0.05295749110613236,0.0,0.18941158205247632,-23.5,-20.1
2099,38.831738295485415,0.0,128.0,CanESM5,ssp245,16.32609864577046,0.0,58.0,0.2566878522969686,0.0,0.8461131676361713,0.05069429792197007,0.0,0.18009625834497747,-25.9,-23.5
2100,28.12378807175351,0.0,95.0,CanESM5,ssp245,14.449613771656155,0.0,51.0,0.1859055266509354,0.0,0.6279746166049709,0.04486760991043675,0.0,0.1583605030274802,-46.3,-32.3
2026,43.961843702833214,0.0,144.0,CanESM5,ssp370,18.027423338140437,0.0,63.0,0.2905991783635194,0.0,0.9518773135906927,0.055977094668965804,0.0,0.19562179785747555,-16.1,-15.5
2027,50.969473522541186,0.0,162.0,CanESM5,ssp370,18.341524534977168,0.0,66.0,0.33692142730394753,0.0,1.0708619777895294,0.05695241277744812,0.0,0.20493712156497437,-2.7,-14.1
2028,46.956257858131146,0.0,150.0,CanESM5,ssp370,17.97903579282341,0.0,64.0,0.31039303184909534,0.0,0.9915388683236382,0.05582684611961934,0.0,0.19872690575997515,-10.4,-15.8
2029,41.894697554293224,0.0,136.0,CanESM5,ssp370,16.98913680850192,0.0,61.0,0.2769348066783,0.0,0.8989952406134321,0.05275310296072635,0.0,0.18941158205247632,-20.0,-20.4
2030,45.79800144080377,0.0,149.0,CanESM5,ssp370,18.48179450207389,0.0,65.0,0.30273665680065953,0.0,0.9849286092014807,0.05738796616076351,0.0,0.20183201366247477,-12.6,-13.4
2031,47.73853128841684,0.0,154.0,CanESM5,ssp370,18.095684274568267,0.0,64.0,0.31556406192766284,0.0,1.0179799048122686,0.05618905224209988,0.0,0.19872690575997515,-8.9,-15.2
2032,44.20012545287775,0.0,142.0,CanESM5,ssp370,17.97002354334394,0.0,63.0,0.29217428247539495,0.0,0.9386567953463776,0.05579886211254135,0.0,0.19562179785747555,-15.6,-15.8
2033,52.22899788137008,0.0,168.0,CanESM5,ssp370,20.691895274141277,0.0,73.0,0.34524720968647593,0.0,1.110523532522475,0.06425056753343045,0.0,0.22667287688247165,-0.3,-3.1
2034,41.38380359579325,0.0,135.0,CanESM5,ssp370,16.42539142238751,0.0,58.0,0.27355766522867037,0.0,0.8923849814912744,0.051002612707304794,0.0,0.18009625834497747,-21.0,-23.0
2035,40.2093077663847,0.0,132.0,CanESM5,ssp370,16.37716440467467,0.0,58.0,0.2657939434583864,0.0,0.8725542041248017,0.05085286261349067,0.0,0.18009625834497747,-23.2,-23.3
2036,44.499519700788575,0.0,144.0,CanESM5,ssp370,17.136354238058146,0.0,61.0,0.294153356033769,0.0,0.9518773135906927,0.053210228964627064,0.0,0.18941158205247632,-15.0,-19.7
2037,40.780637962895966,0.0,132.0,CanESM5,ssp370,17.193722422269378,0.0,61.0,0.26957058410163914,0.0,0.8725542041248017,0.05338836336677341,0.0,0.18941158205247632,-22.1,-19.4
2038,42.353789757710445,0.0,137.0,CanESM5,ssp370,17.251509166031795,0.0,61.0,0.2799695251038501,0.0,0.9056054997355897,0.05356779744148981,0.0,0.18941158205247632,-19.1,-19.2
2039,44.86078938074773,0.0,144.0,CanESM5,ssp370,17.370929887718084,0.0,62.0,0.296541442231278,0.0,0.9518773135906927,0.05393861166812012,0.0,0.19251668995497592,-14.4,-18.6
2040,44.26026561768519,0.0,144.0,CanESM5,ssp370,17.660195876941287,0.0,63.0,0.2925718245484214,0.0,0.9518773135906927,0.05483681377718145,0.0,0.19562179785747555,-15.5,-17.3
2041,47.330762785086044,0.0,153.0,CanESM5,ssp370,18.99268043777886,0.0,67.0,0.31286860645879194,0.0,1.0113696456901111,0.05897432211699692,0.0,0.208042229467474,-9.6,-11.0
2042,39.746858439589914,0.0,131.0,CanESM5,ssp370,16.751764831718745,0.0,61.0,0.2627370335774056,0.0,0.865943945002644,0.05201603735978495,0.0,0.18941158205247632,-24.1,-21.5
2043,37.80948799979544,0.0,124.0,CanESM5,ssp370,16.222282180943118,0.0,59.0,0.24993051295475566,0.0,0.819672131147541,0.05037193659662511,0.0,0.1832013662474771,-27.8,-24.0
2044,40.08261005959886,0.0,131.0,CanESM5,ssp370,16.522592967813917,0.0,60.0,0.2649564387863489,0.0,0.865943945002644,0.05130443399414351,0.0,0.1863064741499767,-23.5,-22.6
2045,42.84026837777675,0.0,138.0,CanESM5,ssp370,17.649736879632435,0.0,63.0,0.28318527483987804,0.0,0.9122157588577472,0.054804337461985514,0.0,0.19562179785747555,-18.2,-17.3
2046,39.21231517583958,0.0,130.0,CanESM5,ssp370,16.13068493551626,0.0,58.0,0.259203564092012,0.0,0.8593336858804865,0.05008751726600298,0.0,0.18009625834497747,-25.1,-24.4
2047,41.26471456221442,0.0,135.0,CanESM5,ssp370,16.351349445309282,0.0,59.0,0.27277045585810694,0.0,0.8923849814912744,0.050772704379162495,0.0,0.1832013662474771,-21.2,-23.4
2048,37.26893157297038,0.0,122.0,CanESM5,ssp370,15.977130393077255,0.0,58.0,0.24635729490329442,0.0,0.8064516129032258,0.04961071384281091,0.0,0.18009625834497747,-28.8,-25.1
2049,37.77597325005449,0.0,123.0,CanESM5,ssp370,17.148753805994556,0.0,61.0,0.24970897177455376,0.0,0.8130618720253834,0.05324873096101399,0.0,0.18941158205247632,-27.9,-19.7
2050,38.521033339111625,0.0,126.0,CanESM5,ssp370,16.249395940703263,0.0,58.0,0.25463401202479924,0.0,0.8328926493918561,0.05045612774632281,0.0,0.18009625834497747,-26.5,-23.9
2051,38.33559842595406,0.0,125.0,CanESM5,ssp370,16.695633720459302,0.0,61.0,0.25340823919853295,0.0,0.8262823902696985,0.05184174420263717,0.0,0.18941158205247632,-26.8,-21.8
2052,36.724860228392416,0.0,121.0,CanESM5,ssp370,15.418017013979009,0.0,55.0,0.2427608423346934,0.0,0.7998413537810682,0.047874606470979686,0.0,0.17078093463747865,-29.9,-27.8
2053,40.65606667489751,0.0,133.0,CanESM5,ssp370,16.609404110966103,0.0,59.0,0.2687471356087884,0.0,0.8791644632469593,0.051573991960770386,0.0,0.1832013662474771,-22.4,-22.2
2054,37.29031198730009,0.0,123.0,CanESM5,ssp370,16.079784684735877,0.0,57.0,0.24649862498215291,0.0,0.8130618720253834,0.0499294664950656,0.0,0.17699115044247787,-28.8,-24.7
2055,37.51542467805828,0.0,122.0,CanESM5,ssp370,16.56678971103396,0.0,59.0,0.24798667819975068,0.0,0.8064516129032258,0.05144166965078081,0.0,0.1832013662474771,-28.4,-22.4
2056,39.363994468655996,0.0,127.0,CanESM5,ssp370,16.30367572754248,0.0,58.0,0.26020620352099416,0.0,0.8395029085140138,0.05062467234138326,0.0,0.18009625834497747,-24.8,-23.6
2057,39.10494794345601,0.0,127.0,CanESM5,ssp370,16.274941346872936,0.0,57.0,0.2584938388647277,0.0,0.8395029085140138,0.050535448988892825,0.0,0.17699115044247787,-25.3,-23.8
2058,35.99114697997983,0.0,117.0,CanESM5,ssp370,15.76407428873142,0.0,57.0,0.23791080764132622,0.0,0.7734003172924379,0.04894915164953088,0.0,0.17699115044247787,-31.3,-26.1
2059,37.77020538665242,0.0,124.0,CanESM5,ssp370,16.057829625881187,0.0,57.0,0.24967084470288486,0.0,0.819672131147541,0.049861293668316056,0.0,0.17699115044247787,-27.9,-24.8
2060,37.550908733983945,0.0,123.0,CanESM5,ssp370,16.469923629408605,0.0,59.0,0.24822123700412443,0.0,0.8130618720253834,0.05114089001524175,0.0,0.1832013662474771,-28.3,-22.8
2061,36.31583655832006,0.0,120.0,CanESM5,ssp370,16.21340117827244,0.0,59.0,0.2400570898884192,0.0,0.7932310946589106,0.05034436012505027,0.0,0.1832013662474771,-30.7,-24.0
2062,36.33399947812949,0.0,122.0,CanESM5,ssp370,16.323593754360235,0.0,59.0,0.24017715149477453,0.0,0.8064516129032258,0.05068651996385727,0.0,0.1832013662474771,-30.6,-23.5
2063,37.93256095023061,0.0,126.0,CanESM5,ssp370,16.699561285872,0.0,60.0,0.25074405704806063,0.0,0.8328926493918561,0.05185393971703773,0.0,0.1863064741499767,-27.6,-21.8
2064,36.09134126776649,0.0,118.0,CanESM5,ssp370,16.529210489406974,0.0,59.0,0.23857311784615606,0.0,0.7800105764145955,0.051324982112737075,0.0,0.1832013662474771,-31.1,-22.6
2065,38.11364700370864,0.0,125.0,CanESM5,ssp370,17.00048034304935,0.0,61.0,0.2519410827849593,0.0,0.8262823902696985,0.05278832585949185,0.0,0.18941158205247632,-27.2,-20.4
2066,37.436378936658755,0.0,124.0,CanESM5,ssp370,16.545083042036207,0.0,61.0,0.24746416536659674,0.0,0.819672131147541,0.051374268101338945,0.0,0.18941158205247632,-28.5,-22.5
2067,36.39270321272569,0.0,121.0,CanESM5,ssp370,15.89740659037526,0.0,58.0,0.24056519839189378,0.0,0.7998413537810682,0.04936316283302363,0.0,0.18009625834497747,-30.5,-25.5
2068,35.836014010154,0.0,118.0,CanESM5,ssp370,16.809501544768683,0.0,61.0,0.23688533851238763,0.0,0.7800105764145955,0.052195316083740666,0.0,0.18941158205247632,-31.6,-21.2
2069,36.920438239141134,0.0,122.0,CanESM5,ssp370,16.024037028156243,0.0,57.0,0.24405366366433853,0.0,0.8064516129032258,0.04975636400607435,0.0,0.17699115044247787,-29.5,-24.9
2070,36.39026423314096,0.0,121.0,CanESM5,ssp370,15.923991674129597,0.0,57.0,0.24054907610484505,0.0,0.7998413537810682,0.04944571238667784,0.0,0.17699115044247787,-30.5,-25.4
2071,35.99209984573612,0.0,118.0,CanESM5,ssp370,16.697445188139863,0.0,59.0,0.23791710633088392,0.0,0.7800105764145955,0.0518473690052472,0.0,0.1832013662474771,-31.3,-21.8
2072,36.33013412430943,0.0,120.0,CanESM5,ssp370,16.225335721027353,0.0,59.0,0.2401516005044251,0.0,0.7932310946589106,0.05038141816807127,0.0,0.1832013662474771,-30.6,-24.0
2073,36.43093112747358,0.0,122.0,CanESM5,ssp370,16.5926478910199,0.0,59.0,0.24081789481407706,0.0,0.8064516129032258,0.05152196208979941,0.0,0.1832013662474771,-30.4,-22.3
2074,33.970894402097905,0.0,112.0,CanESM5,ssp370,16.21123406874537,0.0,57.0,0.22455641460931983,0.0,0.74034902168165,0.05033763101613218,0.0,0.17699115044247787,-35.1,-24.1
2075,37.713937788267984,0.0,123.0,CanESM5,ssp370,16.77129923184303,0.0,59.0,0.24929890129738222,0.0,0.8130618720253834,0.05207669377998146,0.0,0.1832013662474771,-28.0,-21.4
2076,37.11753714161946,0.0,121.0,CanESM5,ssp370,16.950347596593794,0.0,61.0,0.24535653848241312,0.0,0.7998413537810682,0.05263265827229869,0.0,0.18941158205247632,-29.1,-20.6
2077,34.86166090454674,0.0,116.0,CanESM5,ssp370,16.177306058647687,0.0,59.0,0.23044461200784463,0.0,0.7667900581702802,0.05023228088386178,0.0,0.1832013662474771,-33.4,-24.2
2078,35.696213537704395,0.0,118.0,CanESM5,ssp370,16.34385078846423,0.0,59.0,0.23596122116409568,0.0,0.7800105764145955,0.05074942024053479,0.0,0.1832013662474771,-31.9,-23.4
2079,33.49700066117934,0.0,111.0,CanESM5,ssp370,16.01389625784299,0.0,57.0,0.22142385418547952,0.0,0.7337387625594923,0.04972487582003723,0.0,0.17699115044247787,-36.0,-25.0
2080,35.188586228364855,0.0,117.0,CanESM5,ssp370,16.74336123959418,0.0,59.0,0.2326056731118777,0.0,0.7734003172924379,0.051989943299469585,0.0,0.1832013662474771,-32.8,-21.6
2081,34.66276419494701,0.0,115.0,CanESM5,ssp370,16.48216497727584,0.0,59.0,0.2291298532188459,0.0,0.7601797990481227,0.051178900721241545,0.0,0.1832013662474771,-33.8,-22.8
2082,35.7181273177691,0.0,117.0,CanESM5,ssp370,16.878768572497812,0.0,59.0,0.23610607692866936,0.0,0.7734003172924379,0.052410397678925046,0.0,0.1832013662474771,-31.8,-20.9
2083,36.06476266506397,0.0,118.0,CanESM5,ssp370,16.273596688015804,0.0,57.0,0.23839742639518752,0.0,0.7800105764145955,0.05053127367804938,0.0,0.17699115044247787,-31.1,-23.8
2084,35.45272422129627,0.0,116.0,CanESM5,ssp370,16.117808816583832,0.0,57.0,0.23435169368916098,0.0,0.7667900581702802,0.050047535527352374,0.0,0.17699115044247787,-32.3,-24.5
2085,36.18640539793716,0.0,121.0,CanESM5,ssp370,16.75558320491893,0.0,59.0,0.2392015163798067,0.0,0.7998413537810682,0.052027893820583544,0.0,0.1832013662474771,-30.9,-21.5
2086,33.26747743052195,0.0,110.0,CanESM5,ssp370,16.43974888666284,0.0,58.0,0.21990664615627942,0.0,0.7271285034373347,0.05104719418308598,0.0,0.18009625834497747,-36.5,-23.0
2087,37.439704421158346,0.0,123.0,CanESM5,ssp370,16.66701390650415,0.0,58.0,0.24748614768084576,0.0,0.8130618720253834,0.05175287659215696,0.0,0.18009625834497747,-28.5,-21.9
2088,36.7206614046587,0.0,121.0,CanESM5,ssp370,17.484553069780773,0.0,62.0,0.24273308702180527,0.0,0.7998413537810682,0.054291423908650126,0.0,0.19251668995497592,-29.9,-18.1
2089,33.040204249090515,0.0,110.0,CanESM5,ssp370,15.246535833084362,0.0,56.0,0.2184043115355005,0.0,0.7271285034373347,0.04734213890105375,0.0,0.17388604253997825,-36.9,-28.6
2090,35.98560772156211,0.0,120.0,CanESM5,ssp370,16.977408390839273,0.0,60.0,0.2378741917078405,0.0,0.7932310946589106,0.05271668495835824,0.0,0.1863064741499767,-31.3,-20.5
2091,35.1323289799952,0.0,116.0,CanESM5,ssp370,16.864918604562185,0.0,60.0,0.23223379812265468,0.0,0.7667900581702802,0.052367392034038764,0.0,0.1863064741499767,-32.9,-21.0
2092,34.86170180281795,0.0,116.0,CanESM5,ssp370,16.359733151155446,0.0,59.0,0.23044488235601499,0.0,0.7667900581702802,0.05079873669043765,0.0,0.1832013662474771,-33.4,-23.4
2093,34.33931737533979,0.0,114.0,CanESM5,ssp370,16.481709242493267,0.0,59.0,0.22699178592900443,0.0,0.7535695399259651,0.05117748561556673,0.0,0.1832013662474771,-34.4,-22.8
2094,33.10864036038817,0.0,110.0,CanESM5,ssp370,16.995951201043816,0.0,60.0,0.2188566919644908,0.0,0.7271285034373347,0.05277426238485892,0.0,0.1863064741499767,-36.8,-20.4
2095,33.78018637003378,0.0,110.0,CanESM5,ssp370,16.561527353431863,0.0,60.0,0.22329578510069925,0.0,0.7271285034373347,0.05142532946260476,0.0,0.1863064741499767,-35.5,-22.4
2096,33.63915812942098,0.0,109.0,CanESM5,ssp370,16.503286575664813,0.0,59.0,0.22236355188670662,0.0,0.7205182443151772,0.05124448556331257,0.0,0.1832013662474771,-35.8,-22.7
2097,33.74971794930531,0.0,112.0,CanESM5,ssp370,16.665544676361243,0.0,60.0,0.2230943809446411,0.0,0.74034902168165,0.05174831447402963,0.0,0.1863064741499767,-35.6,-21.9
2098,34.95304959397054,0.0,116.0,CanESM5,ssp370,16.235313089454554,0.0,58.0,0.23104871492577037,0.0,0.7667900581702802,0.05041239897362072,0.0,0.18009625834497747,-33.3,-23.9
2099,34.07620346527016,0.0,112.0,CanESM5,ssp370,16.498318741812103,0.0,58.0,0.22525253480480012,0.0,0.74034902168165,0.05122905990315821,0.0,0.18009625834497747,-34.9,-22.7
2100,26.60096878674655,0.0,90.0,CanESM5,ssp370,15.287051360210981,0.0,54.0,0.17583929658082065,0.0,0.594923320994183,0.04746794398450856,0.0,0.16767582673497902,-49.2,-28.4
2026,45.04681935592082,0.0,145.0,CanESM5,ssp585,17.712287136607547,0.0,64.0,0.2977711485716606,0.0,0.9584875727128503,0.05499856275922231,0.0,0.19872690575997515,-14.0,-17.0
2027,44.73596073160667,0.0,144.0,CanESM5,ssp585,17.627262640991603,0.0,62.0,0.29571629251458664,0.0,0.9518773135906927,0.0547345525259792,0.0,0.19251668995497592,-14.6,-17.4
2028,45.93231426309999,0.0,147.0,CanESM5,ssp585,18.59692086958838,0.0,65.0,0.30362449935946584,0.0,0.9717080909571655,0.05774544595431883,0.0,0.20183201366247477,-12.3,-12.9
2029,44.81941536934801,0.0,145.0,CanESM5,ssp585,17.493211549189077,0.0,62.0,0.29626794929500266,0.0,0.9584875727128503,0.05431830942148448,0.0,0.19251668995497592,-14.4,-18.0
2030,44.469779068856454,0.0,145.0,CanESM5,ssp585,17.187553783559405,0.0,61.0,0.29395676275024096,0.0,0.9584875727128503,0.05336920907796741,0.0,0.18941158205247632,-15.1,-19.5
2031,48.55518217008766,0.0,157.0,CanESM5,ssp585,19.148320291969334,0.0,66.0,0.32096233586784545,0.0,1.0378106821787414,0.05945760065818765,0.0,0.20493712156497437,-7.3,-10.3
2032,42.69821112412859,0.0,138.0,CanESM5,ssp585,17.232640582175488,0.0,61.0,0.28224623958308165,0.0,0.9122157588577472,0.053509208452648616,0.0,0.18941158205247632,-18.5,-19.3
2033,40.44784220484055,0.0,131.0,CanESM5,ssp585,16.772240252731073,0.0,59.0,0.2673707179061379,0.0,0.865943945002644,0.052079615751377345,0.0,0.1832013662474771,-22.8,-21.4
2034,47.92825860616495,0.0,154.0,CanESM5,ssp585,18.47213283573122,0.0,64.0,0.31681820866052984,0.0,1.0179799048122686,0.05735796564425157,0.0,0.19872690575997515,-8.5,-13.5
2035,42.648990762691824,0.0,139.0,CanESM5,ssp585,17.4441159158061,0.0,63.0,0.28192088023989836,0.0,0.9188260179799048,0.054165862182288776,0.0,0.19562179785747555,-18.6,-18.3
2036,42.987683636976925,0.0,140.0,CanESM5,ssp585,16.658567879208434,0.0,59.0,0.2841597279017512,0.0,0.9254362771020624,0.05172665076605631,0.0,0.1832013662474771,-17.9,-22.0
2037,37.59290596724945,0.0,123.0,CanESM5,ssp585,16.431166667937134,0.0,59.0,0.2484988495984231,0.0,0.8130618720253834,0.05102054546789981,0.0,0.1832013662474771,-28.2,-23.0
2038,40.658279666014764,0.0,133.0,CanESM5,ssp585,16.72178313191264,0.0,60.0,0.2687617640535085,0.0,0.8791644632469593,0.05192294094678665,0.0,0.1863064741499767,-22.4,-21.7
2039,39.201856521233466,0.0,128.0,CanESM5,ssp585,16.78167749684626,0.0,60.0,0.25913442967499645,0.0,0.8461131676361713,0.052108919412657224,0.0,0.1863064741499767,-25.2,-21.4
2040,44.3370133832291,0.0,144.0,CanESM5,ssp585,18.281619297491126,0.0,65.0,0.29307914716571326,0.0,0.9518773135906927,0.056766400551129095,0.0,0.20183201366247477,-15.4,-14.4
2041,39.9079658332915,0.0,130.0,CanESM5,ssp585,16.91643823829147,0.0,60.0,0.2638019951962685,0.0,0.8593336858804865,0.05252736605586545,0.0,0.1863064741499767,-23.8,-20.7
2042,37.604351550216585,0.0,123.0,CanESM5,ssp585,16.243091401847572,0.0,58.0,0.24857450786764004,0.0,0.8130618720253834,0.05043655147290039,0.0,0.18009625834497747,-28.2,-23.9
2043,40.71409596204931,0.0,133.0,CanESM5,ssp585,17.153324853710888,0.0,61.0,0.2691307242335359,0.0,0.8791644632469593,0.05326292455740068,0.0,0.18941158205247632,-22.3,-19.6
2044,41.26367981676242,0.0,134.0,CanESM5,ssp585,17.047644999267064,0.0,60.0,0.2727636159225438,0.0,0.8857747223691169,0.052934777206232145,0.0,0.1863064741499767,-21.2,-20.1
2045,38.151191717803954,0.0,124.0,CanESM5,ssp585,16.11398930240278,0.0,57.0,0.25218926307379663,0.0,0.819672131147541,0.050035675523685076,0.0,0.17699115044247787,-27.2,-24.5
2046,41.22055104865794,0.0,134.0,CanESM5,ssp585,17.5111962545563,0.0,62.0,0.27247852358975366,0.0,0.8857747223691169,0.05437415387224437,0.0,0.19251668995497592,-21.3,-18.0
2047,36.61944386286498,0.0,120.0,CanESM5,ssp585,15.953633624894726,0.0,57.0,0.242064012842841,0.0,0.7932310946589106,0.04953775384224414,0.0,0.17699115044247787,-30.1,-25.3
2048,40.37337075146643,0.0,131.0,CanESM5,ssp585,16.98277566557738,0.0,61.0,0.26687844230213137,0.0,0.865943945002644,0.052733350925562424,0.0,0.18941158205247632,-22.9,-20.4
2049,39.540558036982524,0.0,129.0,CanESM5,ssp585,16.385521828966326,0.0,57.0,0.2613733344591653,0.0,0.8527234267583289,0.05087881331770323,0.0,0.17699115044247787,-24.5,-23.2
2050,36.34735821174394,0.0,119.0,CanESM5,ssp585,15.708739760351916,0.0,56.0,0.2402654561855099,0.0,0.786620835536753,0.04877733196817859,0.0,0.17388604253997825,-30.6,-26.4
2051,39.65789902569432,0.0,130.0,CanESM5,ssp585,16.73266017612868,0.0,60.0,0.26214898880020043,0.0,0.8593336858804865,0.05195671534273771,0.0,0.1863064741499767,-24.3,-21.6
2052,41.561696362041346,0.0,134.0,CanESM5,ssp585,17.03133615215499,0.0,60.0,0.2747335825095277,0.0,0.8857747223691169,0.052884136476183785,0.0,0.1863064741499767,-20.7,-20.2
2053,40.23867427225622,0.0,132.0,CanESM5,ssp585,16.955225285423687,0.0,61.0,0.2659880636717095,0.0,0.8725542041248017,0.05264780402243033,0.0,0.18941158205247632,-23.2,-20.6
2054,37.446979760658365,0.0,124.0,CanESM5,ssp585,16.585949696373127,0.0,58.0,0.24753423956014256,0.0,0.819672131147541,0.05150116347266923,0.0,0.18009625834497747,-28.5,-22.3
2055,35.455456942451534,0.0,117.0,CanESM5,ssp585,16.234414473620973,0.0,57.0,0.23436975768410584,0.0,0.7734003172924379,0.05040960867449456,0.0,0.17699115044247787,-32.3,-23.9
2056,45.02646956583877,0.0,146.0,CanESM5,ssp585,18.347436793088086,0.0,64.0,0.29763663118613676,0.0,0.965097831835008,0.05697077097682995,0.0,0.19872690575997515,-14.0,-14.0
2057,35.88870259107885,0.0,120.0,CanESM5,ssp585,15.862739981308339,0.0,56.0,0.23723362368507964,0.0,0.7932310946589106,0.04925551927125707,0.0,0.17388604253997825,-31.5,-25.7
2058,39.25714842304227,0.0,128.0,CanESM5,ssp585,17.22075655668042,0.0,60.0,0.2594999234733095,0.0,0.8461131676361713,0.053472307271170375,0.0,0.1863064741499767,-25.1,-19.3
2059,36.95288919643984,0.0,122.0,CanESM5,ssp585,15.946293749805177,0.0,57.0,0.24426817290084507,0.0,0.8064516129032258,0.04951496273810022,0.0,0.17699115044247787,-29.5,-25.3
2060,35.93552194686304,0.0,119.0,CanESM5,ssp585,16.875580360321795,0.0,61.0,0.23754311175874565,0.0,0.786620835536753,0.05240049793610245,0.0,0.18941158205247632,-31.4,-20.9
2061,34.79316864745559,0.0,115.0,CanESM5,ssp585,16.125838836200188,0.0,58.0,0.2299918604406107,0.0,0.7601797990481227,0.050072469604720345,0.0,0.18009625834497747,-33.6,-24.5
2062,36.0980595005327,0.0,121.0,CanESM5,ssp585,17.030559844189778,0.0,59.0,0.23861752710558368,0.0,0.7998413537810682,0.05288172595618624,0.0,0.1832013662474771,-31.1,-20.2
2063,34.58248455620131,0.0,115.0,CanESM5,ssp585,15.526812715431506,0.0,55.0,0.22859918400450363,0.0,0.7601797990481227,0.04821242886331782,0.0,0.17078093463747865,-34.0,-27.3
2064,36.41965718916434,0.0,120.0,CanESM5,ssp585,16.636823424749643,0.0,60.0,0.24074337116052577,0.0,0.7932310946589106,0.05165913188868077,0.0,0.1863064741499767,-30.5,-22.1
2065,38.4558139127315,0.0,125.0,CanESM5,ssp585,17.220312058541577,0.0,62.0,0.2542028947166281,0.0,0.8262823902696985,0.05347092705648681,0.0,0.19251668995497592,-26.6,-19.3
2066,36.59507539423029,0.0,121.0,CanESM5,ssp585,15.941230871420604,0.0,56.0,0.2419029309507555,0.0,0.7998413537810682,0.04949924195441889,0.0,0.17388604253997825,-30.1,-25.3
2067,35.31223264544512,0.0,116.0,CanESM5,ssp585,15.832063427397147,0.0,56.0,0.23342300796830462,0.0,0.7667900581702802,0.04916026526128597,0.0,0.17388604253997825,-32.6,-25.8
2068,36.1936496151304,0.0,119.0,CanESM5,ssp585,16.62877104081086,0.0,58.0,0.2392494025325912,0.0,0.786620835536753,0.0516341283676785,0.0,0.18009625834497747,-30.9,-22.1
2069,35.2360065283813,0.0,116.0,CanESM5,ssp585,16.794397579903492,0.0,60.0,0.23291913358263686,0.0,0.7667900581702802,0.05214841664307869,0.0,0.1863064741499767,-32.7,-21.3
2070,33.768515170259775,0.0,112.0,CanESM5,ssp585,16.7282655719943,0.0,60.0,0.2232186354459266,0.0,0.74034902168165,0.05194306962271169,0.0,0.1863064741499767,-35.5,-21.6
2071,32.363608218283844,0.0,107.0,CanESM5,ssp585,16.1820249083795,0.0,58.0,0.21393183645084507,0.0,0.7072977260708619,0.05024693342145474,0.0,0.18009625834497747,-38.2,-24.2
2072,36.24836239887187,0.0,118.0,CanESM5,ssp585,16.886980335330804,0.0,60.0,0.2396110682104169,0.0,0.7800105764145955,0.05243589608859123,0.0,0.1863064741499767,-30.8,-20.9
2073,34.60593018441072,0.0,115.0,CanESM5,ssp585,16.632324180205487,0.0,59.0,0.22875416568224957,0.0,0.7601797990481227,0.05164516124889143,0.0,0.1832013662474771,-33.9,-22.1
2074,35.46670711267207,0.0,117.0,CanESM5,ssp585,16.76344870249038,0.0,60.0,0.23444412422443198,0.0,0.7734003172924379,0.052052317039249736,0.0,0.1863064741499767,-32.3,-21.5
2075,31.307340505790258,0.0,105.0,CanESM5,ssp585,15.978336573766228,0.0,57.0,0.2069496331688938,0.0,0.6940772078265468,0.049614459164000084,0.0,0.17699115044247787,-40.2,-25.1
2076,35.39609895134858,0.0,118.0,CanESM5,ssp585,16.796671273673336,0.0,60.0,0.2339773859819446,0.0,0.7800105764145955,0.05215547670757129,0.0,0.1863064741499767,-32.4,-21.3
2077,33.07814387750783,0.0,108.0,CanESM5,ssp585,16.202946819661467,0.0,57.0,0.2186551023103373,0.0,0.7139079851930196,0.05031189821351177,0.0,0.17699115044247787,-36.8,-24.1
2078,35.30189499578623,0.0,118.0,CanESM5,ssp585,17.03038743963745,0.0,61.0,0.23335467342534524,0.0,0.7800105764145955,0.05288119062144838,0.0,0.18941158205247632,-32.6,-20.2
2079,34.02590569540026,0.0,111.0,CanESM5,ssp585,16.062208902068605,0.0,57.0,0.22492005351269342,0.0,0.7337387625594923,0.04987489179341284,0.0,0.17699115044247787,-35.0,-24.7
2080,33.31713176959833,0.0,111.0,CanESM5,ssp585,16.658549612766052,0.0,59.0,0.22023487420411378,0.0,0.7337387625594923,0.05172659404678172,0.0,0.1832013662474771,-36.4,-22.0
2081,33.833163222289585,0.0,111.0,CanESM5,ssp585,17.103995408306808,0.0,61.0,0.22364597582158635,0.0,0.7337387625594923,0.05310975130665054,0.0,0.18941158205247632,-35.4,-19.9
2082,31.820710535131315,0.0,106.0,CanESM5,ssp585,16.379942876896823,0.0,58.0,0.21034314208838786,0.0,0.7006874669487044,0.05086149006954455,0.0,0.18009625834497747,-39.2,-23.3
2083,32.32937532136587,0.0,109.0,CanESM5,ssp585,16.03093965676711,0.0,57.0,0.2137055481317152,0.0,0.7205182443151772,0.049777797412721966,0.0,0.17699115044247787,-38.3,-24.9
2084,34.30000027958181,0.0,113.0,CanESM5,ssp585,16.513640824079634,0.0,58.0,0.22673188973811348,0.0,0.7469592808038075,0.05127663662188987,0.0,0.18009625834497747,-34.5,-22.6
2085,35.72000617128558,0.0,118.0,CanESM5,ssp585,16.648844774388298,0.0,60.0,0.2361184966372659,0.0,0.7800105764145955,0.05169645947644247,0.0,0.1863064741499767,-31.8,-22.0
2086,32.4181965259124,0.0,109.0,CanESM5,ssp585,16.14105715411697,0.0,57.0,0.2142926793093099,0.0,0.7205182443151772,0.0501197241239465,0.0,0.17699115044247787,-38.1,-24.4
2087,33.39532989811747,0.0,110.0,CanESM5,ssp585,16.011784781205936,0.0,57.0,0.22075178409649304,0.0,0.7271285034373347,0.04971831945724557,0.0,0.17699115044247787,-36.2,-25.0
2088,34.637095279349055,0.0,113.0,CanESM5,ssp585,16.587708569676938,0.0,59.0,0.22896017503535865,0.0,0.7469592808038075,0.05150662496406439,0.0,0.1832013662474771,-33.9,-22.3
2089,31.61345785125163,0.0,105.0,CanESM5,ssp585,16.238385313407925,0.0,58.0,0.20897314814418053,0.0,0.6940772078265468,0.05042193856049658,0.0,0.18009625834497747,-39.6,-23.9
2090,35.48911332278722,0.0,117.0,CanESM5,ssp585,17.103395558273743,0.0,61.0,0.23459223507923863,0.0,0.7734003172924379,0.053107888707572555,0.0,0.18941158205247632,-32.2,-19.9
2091,32.82961618514331,0.0,108.0,CanESM5,ssp585,16.46841355475777,0.0,58.0,0.21701226986477595,0.0,0.7139079851930196,0.051136201070510076,0.0,0.18009625834497747,-37.3,-22.8
2092,32.64843855333984,0.0,107.0,CanESM5,ssp585,16.664528618572614,0.0,60.0,0.21581463877141616,0.0,0.7072977260708619,0.05174515950496076,0.0,0.1863064741499767,-37.7,-21.9
2093,30.669916682737203,0.0,102.0,CanESM5,ssp585,16.290676787072314,0.0,58.0,0.2027360965278768,0.0,0.674246430460074,0.050584309228605226,0.0,0.18009625834497747,-41.4,-23.7
2094,32.89655110887179,0.0,108.0,CanESM5,ssp585,16.7952591304553,0.0,60.0,0.2174547270549431,0.0,0.7139079851930196,0.05215109185050551,0.0,0.1863064741499767,-37.2,-21.3
2095,32.01996568931027,0.0,107.0,CanESM5,ssp585,16.958772400665765,0.0,60.0,0.2116602702889362,0.0,0.7072977260708619,0.05265881819799958,0.0,0.1863064741499767,-38.9,-20.5
2096,34.07067431682777,0.0,112.0,CanESM5,ssp585,16.955951475522525,0.0,60.0,0.22521598570087104,0.0,0.74034902168165,0.05265005892104495,0.0,0.1863064741499767,-35.0,-20.6
2097,33.089950051381656,0.0,109.0,CanESM5,ssp585,16.958822028816304,0.0,60.0,0.21873314417888456,0.0,0.7205182443151772,0.052658972298762,0.0,0.1863064741499767,-36.8,-20.5
2098,31.975854390884592,0.0,105.0,CanESM5,ssp585,16.96723077975111,0.0,60.0,0.21136868317612767,0.0,0.6940772078265468,0.05268508237773982,0.0,0.1863064741499767,-39.0,-20.5
2099,32.44424969769429,0.0,108.0,CanESM5,ssp585,16.790316211370154,0.0,60.0,0.21446489752574227,0.0,0.7139079851930196,0.05213574355339281,0.0,0.1863064741499767,-38.1,-21.3
2100,26.48013382216913,0.0,87.0,CanESM5,ssp585,15.491888592781994,0.0,55.0,0.17504054615394718,0.0,0.5750925436277102,0.04810398569409096,0.0,0.17078093463747865,-49.4,-27.4
2026,55.362331661519995,0.0,178.0,MIROC6,ssp126,20.72134281971274,0.0,71.0,0.3659593578894764,0.0,1.1766261237440507,0.06434200533989361,0.0,0.22046266107747242,5.7,-2.9
2027,47.22715108964106,0.0,152.0,MIROC6,ssp126,18.774409166897,0.0,66.0,0.31218370630381453,0.0,1.0047593865679534,0.058296566268893034,0.0,0.20493712156497437,-9.8,-12.0
2028,46.39714894969593,0.0,149.0,MIROC6,ssp126,18.207451583732254,0.0,65.0,0.3066971770868319,0.0,0.9849286092014807,0.056536101797026096,0.0,0.20183201366247477,-11.4,-14.7
2029,41.161201622291514,0.0,134.0,MIROC6,ssp126,16.77751347456492,0.0,60.0,0.2720862085027202,0.0,0.8857747223691169,0.052095989674165254,0.0,0.1863064741499767,-21.4,-21.4
2030,46.24560622257627,0.0,148.0,MIROC6,ssp126,18.49216529716205,0.0,66.0,0.3056954403924925,0.0,0.9783183500793231,0.05742016859854696,0.0,0.20493712156497437,-11.7,-13.4
2031,39.744722135058105,0.0,131.0,MIROC6,ssp126,16.33456849967514,0.0,58.0,0.26272291205088644,0.0,0.865943945002644,0.0507205977322625,0.0,0.18009625834497747,-24.1,-23.5
2032,45.65855454136208,0.0,148.0,MIROC6,ssp126,17.814184697516993,0.0,62.0,0.3018148766615685,0.0,0.9783183500793231,0.05531496568084767,0.0,0.19251668995497592,-12.8,-16.5
2033,40.43711005255905,0.0,131.0,MIROC6,ssp126,16.909844836182344,0.0,60.0,0.2672997755986188,0.0,0.865943945002644,0.05250689283087205,0.0,0.1863064741499767,-22.8,-20.8
2034,45.939972998491626,0.0,149.0,MIROC6,ssp126,17.703703032176147,0.0,64.0,0.3036751255849526,0.0,0.9849286092014807,0.054971908188716494,0.0,0.19872690575997515,-12.3,-17.1
2035,47.535862868085914,0.0,155.0,MIROC6,ssp126,19.699226946115353,0.0,68.0,0.31422437115339713,0.0,1.0245901639344261,0.06116822526351608,0.0,0.2111473373699736,-9.2,-7.7
2036,45.60176035057444,0.0,148.0,MIROC6,ssp126,17.991934828216735,0.0,63.0,0.3014394523438289,0.0,0.9783183500793231,0.05586689901635378,0.0,0.19562179785747555,-12.9,-15.7
2037,43.0719585305242,0.0,140.0,MIROC6,ssp126,17.24355139240749,0.0,61.0,0.28471680678559097,0.0,0.9254362771020624,0.05354308769572268,0.0,0.18941158205247632,-17.8,-19.2
2038,45.1358296829212,0.0,146.0,MIROC6,ssp126,18.74209168008099,0.0,66.0,0.2983595298976811,0.0,0.965097831835008,0.05819621698519171,0.0,0.20493712156497437,-13.8,-12.2
2039,41.3508474848643,0.0,133.0,MIROC6,ssp126,16.914683826608726,0.0,60.0,0.27333981679577146,0.0,0.8791644632469593,0.05252191841828513,0.0,0.1863064741499767,-21.1,-20.8
2040,44.82716948660739,0.0,145.0,MIROC6,ssp126,17.617780662222415,0.0,62.0,0.2963192060193508,0.0,0.9584875727128503,0.05470510995877167,0.0,0.19251668995497592,-14.4,-17.5
2041,49.732115886321886,0.0,160.0,MIROC6,ssp126,19.69776601161387,0.0,69.0,0.3287421727017576,0.0,1.0576414595452142,0.06116368890425048,0.0,0.21425244527247322,-5.1,-7.7
2042,55.95005470986151,0.0,178.0,MIROC6,ssp126,22.10997586378794,0.0,75.0,0.3698443595310782,0.0,1.1766261237440507,0.06865386077872361,0.0,0.23288309268747087,6.8,3.6
2043,47.63887385108821,0.0,154.0,MIROC6,ssp126,18.322226713076393,0.0,64.0,0.3149053004434705,0.0,1.0179799048122686,0.056892490958163,0.0,0.19872690575997515,-9.1,-14.2
2044,48.02026550562991,0.0,155.0,MIROC6,ssp126,19.773920447994293,0.0,69.0,0.3174263981070195,0.0,1.0245901639344261,0.06140015664646574,0.0,0.21425244527247322,-8.3,-7.4
2045,49.4731220914516,0.0,160.0,MIROC6,ssp126,18.649731633503606,0.0,65.0,0.32703015660663404,0.0,1.0576414595452142,0.05790942907468904,0.0,0.20183201366247477,-5.5,-12.6
2046,37.062546364646444,0.0,121.0,MIROC6,ssp126,16.11618677315072,0.0,60.0,0.24499303519729274,0.0,0.7998413537810682,0.050042498907470014,0.0,0.1863064741499767,-29.2,-24.5
2047,38.96146270311641,0.0,128.0,MIROC6,ssp126,15.54583907741905,0.0,57.0,0.25754536424587793,0.0,0.8461131676361713,0.04827150777028116,0.0,0.17699115044247787,-25.6,-27.2
2048,50.504594030624844,0.0,161.0,MIROC6,ssp126,19.789341335304385,0.0,69.0,0.3338484534018036,0.0,1.0642517186673717,0.06144804016551587,0.0,0.21425244527247322,-3.6,-7.3
2049,45.471775647862245,0.0,146.0,MIROC6,ssp126,18.18435709053905,0.0,64.0,0.3005802197769847,0.0,0.965097831835008,0.05646439090370765,0.0,0.19872690575997515,-13.2,-14.8
2050,47.968192478840606,0.0,154.0,MIROC6,ssp126,20.280078095845898,0.0,69.0,0.31708218190666715,0.0,1.0179799048122686,0.06297183075872037,0.0,0.21425244527247322,-8.4,-5.0
2051,37.711219642752745,0.0,123.0,MIROC6,ssp126,16.82551796110944,0.0,61.0,0.24928093365119477,0.0,0.8130618720253834,0.05224504878469008,0.0,0.18941158205247632,-28.0,-21.2
2052,42.98254220335697,0.0,139.0,MIROC6,ssp126,17.34855089241386,0.0,63.0,0.28412574169326393,0.0,0.9188260179799048,0.053869122472950975,0.0,0.19562179785747555,-17.9,-18.7
2053,40.45510732004925,0.0,131.0,MIROC6,ssp126,17.110336784961454,0.0,60.0,0.2674187422002198,0.0,0.865943945002644,0.05312944196541361,0.0,0.1863064741499767,-22.8,-19.8
2054,47.08687400789122,0.0,152.0,MIROC6,ssp126,18.42180237245065,0.0,65.0,0.311256438444548,0.0,1.0047593865679534,0.05720168412498261,0.0,0.20183201366247477,-10.1,-13.7
2055,48.7808461199366,0.0,158.0,MIROC6,ssp126,19.97492208898505,0.0,70.0,0.3224540330508765,0.0,1.044420941300899,0.06202428843032153,0.0,0.21735755317497282,-6.9,-6.4
2056,40.42058296752648,0.0,133.0,MIROC6,ssp126,17.13143966636567,0.0,62.0,0.26719052728401954,0.0,0.8791644632469593,0.05319496868922735,0.0,0.19251668995497592,-22.8,-19.7
2057,45.20680490330516,0.0,146.0,MIROC6,ssp126,18.248240721989134,0.0,64.0,0.29882869449567134,0.0,0.965097831835008,0.056662756472563684,0.0,0.19872690575997515,-13.7,-14.5
2058,46.313316255726576,0.0,150.0,MIROC6,ssp126,19.288208131455306,0.0,69.0,0.30614302125678594,0.0,0.9915388683236382,0.05989196749403914,0.0,0.21425244527247322,-11.6,-9.6
2059,51.63089481713703,0.0,166.0,MIROC6,ssp126,19.75364058796078,0.0,69.0,0.34129359345013904,0.0,1.0973030142781597,0.0613371854928141,0.0,0.21425244527247322,-1.4,-7.5
2060,48.67054253244297,0.0,155.0,MIROC6,ssp126,20.17009212867162,0.0,70.0,0.32172489775544005,0.0,1.0245901639344261,0.06263031246288346,0.0,0.21735755317497282,-7.1,-5.5
2061,44.92699152050922,0.0,146.0,MIROC6,ssp126,17.985673425313927,0.0,64.0,0.2969790555295427,0.0,0.965097831835008,0.055847456684719535,0.0,0.19872690575997515,-14.2,-15.7
2062,40.90765002950505,0.0,135.0,MIROC6,ssp126,17.019102651933277,0.0,60.0,0.2704101667735659,0.0,0.8923849814912744,0.052846150137970116,0.0,0.1863064741499767,-21.9,-20.3
2063,40.5573131433175,0.0,133.0,MIROC6,ssp126,16.824763883263714,0.0,61.0,0.26809434917581637,0.0,0.8791644632469593,0.05224270729161221,0.0,0.18941158205247632,-22.6,-21.2
2064,39.268376030703195,0.0,128.0,MIROC6,ssp126,16.469174498243234,0.0,59.0,0.25957414086927016,0.0,0.8461131676361713,0.051138563882140144,0.0,0.1832013662474771,-25.0,-22.8
2065,51.678668814781034,0.0,165.0,MIROC6,ssp126,20.399247812382466,0.0,70.0,0.34160939195386725,0.0,1.0906927551560022,0.06334186558727671,0.0,0.21735755317497282,-1.3,-4.4
2066,47.78119882185408,0.0,154.0,MIROC6,ssp126,19.323238017138653,0.0,68.0,0.31584610537978636,0.0,1.0179799048122686,0.06000073906889816,0.0,0.2111473373699736,-8.8,-9.5
2067,41.9988833980273,0.0,137.0,MIROC6,ssp126,17.06826201102621,0.0,61.0,0.2776235021022429,0.0,0.9056054997355897,0.0529987952523714,0.0,0.18941158205247632,-19.8,-20.0
2068,46.87190258143336,0.0,151.0,MIROC6,ssp126,18.94920817206908,0.0,66.0,0.3098354216118017,0.0,0.9981491274457959,0.05883933604120193,0.0,0.20493712156497437,-10.5,-11.2
2069,41.68785792892595,0.0,135.0,MIROC6,ssp126,17.164839653114086,0.0,62.0,0.27556754315789234,0.0,0.8923849814912744,0.053298679252023244,0.0,0.19251668995497592,-20.4,-19.6
2070,48.57270354639108,0.0,158.0,MIROC6,ssp126,19.30605500154237,0.0,67.0,0.3210781567053879,0.0,1.044420941300899,0.05994738395138136,0.0,0.208042229467474,-7.3,-9.6
2071,52.42350764109708,0.0,167.0,MIROC6,ssp126,20.041871279414316,0.0,70.0,0.34653296960006,0.0,1.1039132734003172,0.062232172890589396,0.0,0.21735755317497282,0.1,-6.1
2072,45.850055305559025,0.0,148.0,MIROC6,ssp126,18.10878473604132,0.0,64.0,0.3030807463350015,0.0,0.9783183500793231,0.056229730588546245,0.0,0.19872690575997515,-12.5,-15.2
2073,50.50842771306036,0.0,163.0,MIROC6,ssp126,19.791015836524878,0.0,69.0,0.3338737950360944,0.0,1.077472236911687,0.06145323967248836,0.0,0.21425244527247322,-3.6,-7.3
2074,40.295298368892745,0.0,132.0,MIROC6,ssp126,16.790315395193858,0.0,60.0,0.26636236362303506,0.0,0.8725542041248017,0.052135741019077336,0.0,0.1863064741499767,-23.1,-21.3
2075,59.14926876406345,1.0,189.0,MIROC6,ssp126,23.761233291202466,0.0,82.0,0.39099199341660135,0.006610259122157588,1.2493389740877843,0.07378119326564964,0.0,0.25461884800496815,12.9,11.3
2076,42.0015170345695,0.0,137.0,MIROC6,ssp126,16.40061876673358,0.0,60.0,0.2776409111222204,0.0,0.9056054997355897,0.050925690938467875,0.0,0.1863064741499767,-19.8,-23.2
2077,44.31089222633547,0.0,143.0,MIROC6,ssp126,18.065770782725032,0.0,64.0,0.2929064795500758,0.0,0.9452670544685352,0.0560961676221861,0.0,0.19872690575997515,-15.4,-15.4
2078,41.783810626278935,0.0,135.0,MIROC6,ssp126,17.62600214681605,0.0,61.0,0.2762018153508655,0.0,0.8923849814912744,0.054730638555553636,0.0,0.18941158205247632,-20.2,-17.4
2079,50.12889554644765,0.0,162.0,MIROC6,ssp126,20.084344489675665,0.0,70.0,0.3313649890695905,0.0,1.0708619777895294,0.06236405679141644,0.0,0.21735755317497282,-4.3,-5.9
2080,39.44194933763314,0.0,129.0,MIROC6,ssp126,16.136572790620946,0.0,58.0,0.2607215054047669,0.0,0.8527234267583289,0.05010579969141731,0.0,0.18009625834497747,-24.7,-24.4
2081,45.26658204319608,0.0,146.0,MIROC6,ssp126,17.382930170607704,0.0,61.0,0.29922383687993176,0.0,0.965097831835008,0.053975873841352905,0.0,0.18941158205247632,-13.6,-18.6
2082,42.47646458199293,0.0,139.0,MIROC6,ssp126,17.705424683554742,0.0,62.0,0.2807804374801225,0.0,0.9188260179799048,0.054977254102017516,0.0,0.19251668995497592,-18.9,-17.1
2083,51.666611989358884,0.0,165.0,MIROC6,ssp126,19.50650713799041,0.0,67.0,0.3415296932136362,0.0,1.0906927551560022,0.06056980946433911,0.0,0.208042229467474,-1.4,-8.6
2084,49.271893210754236,0.0,160.0,MIROC6,ssp126,19.341720856811197,0.0,68.0,0.32569998156236274,0.0,1.0576414595452142,0.06005813028042601,0.0,0.2111473373699736,-5.9,-9.4
2085,45.06795425471123,0.0,147.0,MIROC6,ssp126,18.08855215396493,0.0,64.0,0.29791085572918585,0.0,0.9717080909571655,0.05616690623805288,0.0,0.19872690575997515,-14.0,-15.3
2086,46.04175362410916,0.0,150.0,MIROC6,ssp126,19.02156026500169,0.0,68.0,0.3043479218938998,0.0,0.9915388683236382,0.059063997096729354,0.0,0.2111473373699736,-12.1,-10.9
2087,43.896866426656345,0.0,144.0,MIROC6,ssp126,18.3238825119844,0.0,65.0,0.2901696617309383,0.0,0.9518773135906927,0.0568976323924372,0.0,0.20183201366247477,-16.2,-14.2
2088,47.58376979825918,0.0,154.0,MIROC6,ssp126,19.41055709739014,0.0,68.0,0.31454104837558955,0.0,1.0179799048122686,0.06027187423502605,0.0,0.2111473373699736,-9.2,-9.1
2089,44.68943369540534,0.0,143.0,MIROC6,ssp126,17.43504155911771,0.0,62.0,0.2954087367491099,0.0,0.9452670544685352,0.05413768532562555,0.0,0.19251668995497592,-14.7,-18.3
2090,54.23417581050852,0.0,173.0,MIROC6,ssp126,21.638472872161987,0.0,76.0,0.35850195538411234,0.0,1.1435748281332627,0.06718979311337366,0.0,0.2359882005899705,3.5,1.4
2091,54.14984693416159,0.0,171.0,MIROC6,ssp126,20.614569087148062,0.0,72.0,0.35794451965997875,0.0,1.1303543098889477,0.06401046137912765,0.0,0.22356776897997205,3.4,-3.4
2092,46.28698024694496,0.0,151.0,MIROC6,ssp126,18.771120852012,0.0,66.0,0.305968933414496,0.0,0.9981491274457959,0.058286355696357706,0.0,0.20493712156497437,-11.6,-12.1
2093,41.517859213309634,0.0,136.0,MIROC6,ssp126,16.42387242532552,0.0,58.0,0.27444380759723447,0.0,0.8989952406134321,0.05099789605752374,0.0,0.18009625834497747,-20.7,-23.1
2094,43.24375502397885,0.0,140.0,MIROC6,ssp126,17.939306386451477,0.0,63.0,0.28585242612360423,0.0,0.9254362771020624,0.055703482025932234,0.0,0.19562179785747555,-17.4,-16.0
2095,50.80849569602442,0.0,162.0,MIROC6,ssp126,20.01263260395135,0.0,70.0,0.33585732215775,0.0,1.0708619777895294,0.062141383648350715,0.0,0.21735755317497282,-3.0,-6.2
2096,42.79191901561063,0.0,140.0,MIROC6,ssp126,17.462591715892373,0.0,63.0,0.28286567302756893,0.0,0.9254362771020624,0.054223231535141664,0.0,0.19562179785747555,-18.3,-18.2
2097,45.23096599168218,0.0,146.0,MIROC6,ssp126,18.773456021719056,0.0,68.0,0.2989884055505168,0.0,0.965097831835008,0.05829360665026877,0.0,0.2111473373699736,-13.6,-12.0
2098,46.09153672659182,0.0,150.0,MIROC6,ssp126,18.191885293075114,0.0,65.0,0.3046770011012151,0.0,0.9915388683236382,0.056487766784894,0.0,0.20183201366247477,-12.0,-14.8
2099,43.66247488498013,0.0,141.0,MIROC6,ssp126,17.1594552963521,0.0,61.0,0.2886202729044165,0.0,0.93204653622422,0.05328196024329172,0.0,0.18941158205247632,-16.6,-19.6
2100,50.922756887261244,0.0,163.0,MIROC6,ssp126,21.40627057065809,0.0,76.0,0.3366126182394318,0.0,1.077472236911687,0.0664687799119953,0.0,0.2359882005899705,-2.8,0.3
2026,54.76619487133405,0.0,175.0,MIROC6,ssp245,21.193430226437233,0.0,74.0,0.36201873923409605,0.0,1.156795346377578,0.06580788767718439,0.0,0.22977798478497127,4.6,-0.7
2027,44.078840416414664,0.0,143.0,MIROC6,ssp245,17.190860529584448,0.0,61.0,0.29137255695673364,0.0,0.9452670544685352,0.05337947688118133,0.0,0.18941158205247632,-15.8,-19.5
2028,51.077575703257466,0.0,162.0,MIROC6,ssp245,20.007406201099972,0.0,70.0,0.3376360107301525,0.0,1.0708619777895294,0.062125155103555256,0.0,0.21735755317497282,-2.5,-6.3
2029,44.19376069672443,0.0,144.0,MIROC6,ssp245,17.945689878234713,0.0,64.0,0.29213220978797216,0.0,0.9518773135906927,0.055723303456713905,0.0,0.19872690575997515,-15.6,-15.9
2030,46.256691743572176,0.0,149.0,MIROC6,ssp245,18.220569811835368,0.0,64.0,0.3057687185587796,0.0,0.9849286092014807,0.05657683531077586,0.0,0.19872690575997515,-11.7,-14.6
2031,40.357067318088724,0.0,131.0,MIROC6,ssp245,17.28002954846237,0.0,61.0,0.2667706723829239,0.0,0.865943945002644,0.0536563563063573,0.0,0.18941158205247632,-23.0,-19.0
2032,48.31991838662863,0.0,157.0,MIROC6,ssp245,18.617065514402285,0.0,67.0,0.3194071812971221,0.0,1.0378106821787414,0.05780799725012353,0.0,0.208042229467474,-7.7,-12.8
2033,42.601014981924365,0.0,137.0,MIROC6,ssp245,16.782107600962185,0.0,59.0,0.28160374789743764,0.0,0.9056054997355897,0.05211025493234648,0.0,0.1832013662474771,-18.7,-21.4
2034,37.85790165870047,0.0,125.0,MIROC6,ssp245,16.343986407789682,0.0,59.0,0.2502505397851697,0.0,0.8262823902696985,0.05074984135317399,0.0,0.1832013662474771,-27.7,-23.4
2035,46.90243787359361,0.0,151.0,MIROC6,ssp245,18.905149140578114,0.0,67.0,0.31003726780535174,0.0,0.9981491274457959,0.05870252799434285,0.0,0.208042229467474,-10.5,-11.4
2036,56.96132932035943,0.0,182.0,MIROC6,ssp245,21.652844254034463,0.0,75.0,0.37652914675012844,0.0,1.203067160232681,0.06723441780479572,0.0,0.23288309268747087,8.7,1.4
2037,49.045301679231514,0.0,157.0,MIROC6,ssp245,18.371665940477964,0.0,66.0,0.324202152824111,0.0,1.0378106821787414,0.05704600509386109,0.0,0.20493712156497437,-6.4,-13.9
2038,40.36767718389417,0.0,132.0,MIROC6,ssp245,16.593938272234418,0.0,60.0,0.26684080634514923,0.0,0.8725542041248017,0.05152596886270584,0.0,0.1863064741499767,-22.9,-22.3
2039,46.33751020850445,0.0,150.0,MIROC6,ssp245,18.385996693650128,0.0,65.0,0.3063029495538369,0.0,0.9915388683236382,0.05709050362878475,0.0,0.20183201366247477,-11.5,-13.9
2040,46.207944890272934,0.0,150.0,MIROC6,ssp245,17.800686007951885,0.0,63.0,0.3054464892270818,0.0,0.9915388683236382,0.055273050793205665,0.0,0.19562179785747555,-11.8,-16.6
2041,43.670410520073524,0.0,140.0,MIROC6,ssp245,17.343958761985093,0.0,60.0,0.2886727295086827,0.0,0.9254362771020624,0.05385486341246729,0.0,0.1863064741499767,-16.6,-18.7
2042,52.07656113245446,0.0,165.0,MIROC6,ssp245,20.620582997916408,0.0,72.0,0.3442395632764044,0.0,1.0906927551560022,0.06402913522097937,0.0,0.22356776897997205,-0.6,-3.4
2043,44.548815473526275,0.0,143.0,MIROC6,ssp245,17.430682282337305,0.0,61.0,0.2944792138651922,0.0,0.9452670544685352,0.05412414930084553,0.0,0.18941158205247632,-14.9,-18.3
2044,38.92156122994631,0.0,127.0,MIROC6,ssp245,16.82268083403471,0.0,59.0,0.2572816051688677,0.0,0.8395029085140138,0.05223623919898994,0.0,0.1832013662474771,-25.7,-21.2
2045,45.225995518906394,0.0,148.0,MIROC6,ssp245,18.370733894261257,0.0,63.0,0.29895554943750924,0.0,0.9783183500793231,0.05704311098978809,0.0,0.19562179785747555,-13.7,-13.9
2046,47.62649389037267,0.0,156.0,MIROC6,ssp245,19.59485707290814,0.0,68.0,0.31482346569521863,0.0,1.0312004230565839,0.06084414554543748,0.0,0.2111473373699736,-9.1,-8.2
2047,40.06331296216671,0.0,132.0,MIROC6,ssp245,16.344435616613918,0.0,58.0,0.2648288799720169,0.0,0.8725542041248017,0.05075123619504399,0.0,0.18009625834497747,-23.5,-23.4
2048,41.827801622535915,0.0,136.0,MIROC6,ssp245,17.31121182116337,0.0,61.0,0.276492607235166,0.0,0.8989952406134321,0.053753180627739074,0.0,0.18941158205247632,-20.1,-18.9
2049,52.86394598201022,0.0,169.0,MIROC6,ssp245,19.931043712338006,0.0,70.0,0.34944438116082904,0.0,1.1171337916446324,0.06188804133624594,0.0,0.21735755317497282,0.9,-6.6
2050,47.7634297527184,0.0,154.0,MIROC6,ssp245,19.661024752628258,0.0,69.0,0.31572864722843996,0.0,1.0179799048122686,0.06104960333062648,0.0,0.21425244527247322,-8.8,-7.9
2051,44.1006148261302,0.0,145.0,MIROC6,ssp245,18.222775037076193,0.0,65.0,0.29151649144718533,0.0,0.9584875727128503,0.05658368277309794,0.0,0.20183201366247477,-15.8,-14.6
2052,42.204688070250285,0.0,136.0,MIROC6,ssp245,17.756693541209305,0.0,63.0,0.2789839243141875,0.0,0.8989952406134321,0.055136449437072826,0.0,0.19562179785747555,-19.4,-16.8
2053,43.97890388060471,0.0,142.0,MIROC6,ssp245,17.767459589054848,0.0,64.0,0.2907119505592591,0.0,0.9386567953463776,0.055169879177316715,0.0,0.19872690575997515,-16.0,-16.8
2054,43.76666236449807,0.0,141.0,MIROC6,ssp245,17.260317071794603,0.0,60.0,0.28930897914131454,0.0,0.93204653622422,0.05359514693927838,0.0,0.1863064741499767,-16.4,-19.1
2055,45.66033265515314,0.0,148.0,MIROC6,ssp245,18.77330793602608,0.0,66.0,0.30182663045447605,0.0,0.9783183500793231,0.05829314682821325,0.0,0.20493712156497437,-12.8,-12.0
2056,46.94455341136988,0.0,151.0,MIROC6,ssp245,17.98444975467521,0.0,64.0,0.3103156624231219,0.0,0.9981491274457959,0.0558436570553492,0.0,0.19872690575997515,-10.4,-15.7
2057,41.189908993054345,0.0,136.0,MIROC6,ssp245,17.421036569531925,0.0,61.0,0.2722759716621784,0.0,0.8989952406134321,0.05409419832178831,0.0,0.18941158205247632,-21.4,-18.4
2058,46.34805147513489,0.0,149.0,MIROC6,ssp245,18.393649669294437,0.0,65.0,0.30637263005773985,0.0,0.9849286092014807,0.057114266943935524,0.0,0.20183201366247477,-11.5,-13.8
2059,50.80828732534991,0.0,162.0,MIROC6,ssp245,21.15932156143637,0.0,73.0,0.33585594477359804,0.0,1.0708619777895294,0.0657019765919465,0.0,0.22667287688247165,-3.0,-0.9
2060,37.38012970501277,0.0,122.0,MIROC6,ssp245,16.177953105909964,0.0,59.0,0.2470923433699945,0.0,0.8064516129032258,0.05023429003542917,0.0,0.1832013662474771,-28.6,-24.2
2061,53.45799054922573,0.0,171.0,MIROC6,ssp245,20.969286886927208,0.0,73.0,0.3533711696802335,0.0,1.1303543098889477,0.06511189842237916,0.0,0.22667287688247165,2.1,-1.8
2062,41.622076087745526,0.0,136.0,MIROC6,ssp245,17.191280158207327,0.0,62.0,0.2751327081421571,0.0,0.8989952406134321,0.053380779873334346,0.0,0.19251668995497592,-20.5,-19.5
2063,38.972693125440955,0.0,128.0,MIROC6,ssp245,16.41236521434285,0.0,58.0,0.2576196002474944,0.0,0.8461131676361713,0.05096216492576571,0.0,0.18009625834497747,-25.6,-23.1
2064,50.58990393378124,0.0,161.0,MIROC6,ssp245,20.040070460908208,0.0,70.0,0.3344123739673535,0.0,1.0642517186673717,0.062226581154815115,0.0,0.21735755317497282,-3.4,-6.1
2065,44.59068645067174,0.0,145.0,MIROC6,ssp245,18.205470637966062,0.0,65.0,0.2947559918738217,0.0,0.9584875727128503,0.056529950746673066,0.0,0.20183201366247477,-14.9,-14.7
2066,47.69316653226085,0.0,154.0,MIROC6,ssp245,19.210635925576145,0.0,67.0,0.31526418913445825,0.0,1.0179799048122686,0.05965109742454943,0.0,0.208042229467474,-8.9,-10.0
2067,41.489221648892254,0.0,136.0,MIROC6,ssp245,17.034161284702343,0.0,60.0,0.27425450587580813,0.0,0.8989952406134321,0.052892908817582185,0.0,0.1863064741499767,-20.8,-20.2
2068,67.34456214257027,1.0,213.0,MIROC6,ssp245,25.693216347925656,0.0,87.0,0.4451650062306337,0.006610259122157588,1.4079851930195664,0.07978020912257616,0.0,0.2701443875174662,28.6,20.4
2069,37.433447828828285,0.0,122.0,MIROC6,ssp245,16.215434940974756,0.0,57.0,0.24744478998432234,0.0,0.8064516129032258,0.05035067517768904,0.0,0.17699115044247787,-28.5,-24.0
2070,42.93458866171214,0.0,139.0,MIROC6,ssp245,17.918600419354554,0.0,64.0,0.28380875635716646,0.0,0.9188260179799048,0.05563918776387068,0.0,0.19872690575997515,-18.0,-16.1
2071,43.07342309714503,0.0,139.0,MIROC6,ssp245,18.1599865936313,0.0,64.0,0.2847264879504563,0.0,0.9188260179799048,0.05638871788117155,0.0,0.19872690575997515,-17.8,-14.9
2072,38.2788399252124,0.0,126.0,MIROC6,ssp245,16.486405976535078,0.0,59.0,0.2530330508012454,0.0,0.8328926493918561,0.0511920694815559,0.0,0.1832013662474771,-26.9,-22.8
2073,48.1143916274638,0.0,154.0,MIROC6,ssp245,18.805611288926304,0.0,66.0,0.3180485961625053,0.0,1.0179799048122686,0.05839345222458098,0.0,0.20493712156497437,-8.1,-11.9
2074,46.637165213515146,0.0,150.0,MIROC6,ssp245,18.2709899188285,0.0,65.0,0.30828374678420906,0.0,0.9915388683236382,0.05673339518344512,0.0,0.20183201366247477,-11.0,-14.4
2075,45.952153274101185,0.0,148.0,MIROC6,ssp245,18.315250297313284,0.0,65.0,0.3037556403629111,0.0,0.9783183500793231,0.05687082843444584,0.0,0.20183201366247477,-12.3,-14.2
2076,42.516537902143085,0.0,138.0,MIROC6,ssp245,18.40547259881272,0.0,67.0,0.2810453325102002,0.0,0.9122157588577472,0.05715097841581345,0.0,0.208042229467474,-18.8,-13.8
2077,45.492762388032084,0.0,148.0,MIROC6,ssp245,17.379902709486785,0.0,61.0,0.30071894756763673,0.0,0.9783183500793231,0.05396647324790183,0.0,0.18941158205247632,-13.1,-18.6
2078,41.2583768377652,0.0,136.0,MIROC6,ssp245,17.44503356531556,0.0,61.0,0.27272856185725275,0.0,0.8989952406134321,0.05416871158303232,0.0,0.18941158205247632,-21.2,-18.3
2079,44.434875820272445,0.0,143.0,MIROC6,ssp245,18.341246042250184,0.0,64.0,0.2937260432328956,0.0,0.9452670544685352,0.05695154802748077,0.0,0.19872690575997515,-15.2,-14.1
2080,43.86308610244199,0.0,143.0,MIROC6,ssp245,17.72790366622784,0.0,63.0,0.28994636503465093,0.0,0.9452670544685352,0.055047053768755905,0.0,0.19562179785747555,-16.3,-16.9
2081,46.53950656429792,0.0,151.0,MIROC6,ssp245,19.580281292319683,0.0,68.0,0.30763819780736334,0.0,0.9981491274457959,0.06079888617394716,0.0,0.2111473373699736,-11.1,-8.3
2082,36.84254240513229,0.0,122.0,MIROC6,ssp245,15.860875770248366,0.0,57.0,0.2435387520170035,0.0,0.8064516129032258,0.04924973069476282,0.0,0.17699115044247787,-29.7,-25.7
2083,38.25420290963492,0.0,126.0,MIROC6,ssp245,17.074773548304925,0.0,61.0,0.2528701937442816,0.0,0.8328926493918561,0.05301901427823296,0.0,0.18941158205247632,-27.0,-20.0
2084,35.887301941699796,0.0,119.0,MIROC6,ssp245,16.282593433611495,0.0,59.0,0.2372243650297448,0.0,0.786620835536753,0.05055920954389534,0.0,0.1832013662474771,-31.5,-23.7
2085,41.28795107390433,0.0,135.0,MIROC6,ssp245,17.53047145972162,0.0,62.0,0.2729240552214723,0.0,0.8923849814912744,0.05443400546412551,0.0,0.19251668995497592,-21.2,-17.9
2086,43.341992401098615,0.0,140.0,MIROC6,ssp245,18.04935457346362,0.0,63.0,0.286501800641847,0.0,0.9254362771020624,0.056045193521079395,0.0,0.19562179785747555,-17.3,-15.4
2087,40.4421008952622,0.0,132.0,MIROC6,ssp245,16.740301456685046,0.0,60.0,0.26733276636212455,0.0,0.8725542041248017,0.0519804423433785,0.0,0.1863064741499767,-22.8,-21.6
2088,46.98773454880003,0.0,152.0,MIROC6,ssp245,19.38135565756399,0.0,68.0,0.3106011009307247,0.0,1.0047593865679534,0.060181200613457504,0.0,0.2111473373699736,-10.3,-9.2
2089,45.49352374967165,0.0,147.0,MIROC6,ssp245,17.705350138475552,0.0,63.0,0.30072398036535997,0.0,0.9717080909571655,0.05497702263150303,0.0,0.19562179785747555,-13.1,-17.1
2090,47.78887568662327,0.0,153.0,MIROC6,ssp245,20.11251254127813,0.0,70.0,0.31589685144515645,0.0,1.0113696456901111,0.06245152163104527,0.0,0.21735755317497282,-8.8,-5.8
2091,40.43034789585066,0.0,131.0,MIROC6,ssp245,17.711286568469422,0.0,63.0,0.2672550759905517,0.0,0.865943945002644,0.05499545588718963,0.0,0.19562179785747555,-22.8,-17.0
2092,41.35136908030337,0.0,135.0,MIROC6,ssp245,16.94565031462001,0.0,61.0,0.2733432646767806,0.0,0.8923849814912744,0.05261807270492163,0.0,0.18941158205247632,-21.1,-20.6
2093,37.84058838921116,0.0,125.0,MIROC6,ssp245,16.54266562144864,0.0,60.0,0.2501360945875936,0.0,0.8262823902696985,0.05136676174956883,0.0,0.1863064741499767,-27.8,-22.5
2094,39.40160979106706,0.0,128.0,MIROC6,ssp245,16.598916046314592,0.0,59.0,0.2604548505490948,0.0,0.8461131676361713,0.05154142538833905,0.0,0.1832013662474771,-24.8,-22.2
2095,42.63347349338139,0.0,139.0,MIROC6,ssp245,17.852615604308493,0.0,64.0,0.28181830706888805,0.0,0.9188260179799048,0.05543429779322619,0.0,0.19872690575997515,-18.6,-16.4
2096,36.984293928273544,0.0,122.0,MIROC6,ssp245,16.295120344065715,0.0,58.0,0.2444757663159277,0.0,0.8064516129032258,0.05059810695254065,0.0,0.18009625834497747,-29.4,-23.7
2097,43.33325168444745,0.0,141.0,MIROC6,ssp245,18.345413346234114,0.0,64.0,0.2864440222398694,0.0,0.93204653622422,0.056964487956013395,0.0,0.19872690575997515,-17.3,-14.1
2098,44.6275198398686,0.0,145.0,MIROC6,ssp245,18.57903485038622,0.0,65.0,0.29499947012076017,0.0,0.9584875727128503,0.057689907934749936,0.0,0.20183201366247477,-14.8,-13.0
2099,39.167190100255226,0.0,128.0,MIROC6,ssp245,17.347179366649797,0.0,61.0,0.2589052756494925,0.0,0.8461131676361713,0.05386486373746249,0.0,0.18941158205247632,-25.2,-18.7
2100,39.37067456834906,0.0,129.0,MIROC6,ssp245,16.37581212031733,0.0,59.0,0.26025036071092716,0.0,0.8527234267583289,0.05084866362464627,0.0,0.1832013662474771,-24.8,-23.3
2026,48.44306280593403,0.0,157.0,MIROC6,ssp370,18.33553292716013,0.0,64.0,0.32022119781817837,0.0,1.0378106821787414,0.05693380818866676,0.0,0.19872690575997515,-7.5,-14.1
2027,42.885968653292885,0.0,139.0,MIROC6,ssp370,18.006667114759743,0.0,64.0,0.2834873655029937,0.0,0.9188260179799048,0.05591264435572036,0.0,0.19872690575997515,-18.1,-15.6
2028,43.25343070963332,0.0,140.0,MIROC6,ssp370,17.612935980676287,0.0,62.0,0.28591638491296484,0.0,0.9254362771020624,0.054690066699817685,0.0,0.19251668995497592,-17.4,-17.5
2029,60.15117364515372,1.0,193.0,MIROC6,ssp370,22.56645114908964,0.0,78.0,0.3976148442963625,0.006610259122157588,1.2757800105764145,0.07007126579440968,0.0,0.24219841639496972,14.8,5.7
2030,53.37418913963119,0.0,170.0,MIROC6,ssp370,19.626525444614547,0.0,68.0,0.3528172206480116,0.0,1.12374405076679,0.060942479256682336,0.0,0.2111473373699736,1.9,-8.1
2031,56.54211191455265,0.0,182.0,MIROC6,ssp370,21.1995836572943,0.0,74.0,0.3737580110692269,0.0,1.203067160232681,0.06582699474396615,0.0,0.22977798478497127,7.9,-0.7
2032,43.29498625565769,0.0,142.0,MIROC6,ssp370,17.58824889990324,0.0,63.0,0.2861910778401487,0.0,0.9386567953463776,0.05461341065021965,0.0,0.19562179785747555,-17.3,-17.6
2033,48.80696421126474,0.0,157.0,MIROC6,ssp370,18.737593758322546,0.0,65.0,0.3226266804023317,0.0,1.0378106821787414,0.05818225045279474,0.0,0.20183201366247477,-6.8,-12.2
2034,43.712412974050665,0.0,142.0,MIROC6,ssp370,18.126562952035822,0.0,63.0,0.28895037661323814,0.0,0.9386567953463776,0.056284933867523125,0.0,0.19562179785747555,-16.5,-15.1
2035,59.27599112536373,0.0,189.0,MIROC6,ssp370,22.516549528105433,0.0,77.0,0.39182966106136785,0.0,1.2493389740877843,0.06991631587674409,0.0,0.2390933084924701,13.2,5.5
2036,63.70165042022185,1.0,202.0,MIROC6,ssp370,25.056467575703298,0.0,85.0,0.4210844157867653,0.006610259122157588,1.3352723426758328,0.0778030354780416,0.0,0.263934171712467,21.6,17.4
2037,46.21426303399164,0.0,148.0,MIROC6,ssp370,18.62869455098471,0.0,66.0,0.3054882537942335,0.0,0.9783183500793231,0.05784410666351408,0.0,0.20493712156497437,-11.8,-12.7
2038,39.452363711401965,0.0,130.0,MIROC6,ssp370,16.751449702722496,0.0,60.0,0.26079034711397386,0.0,0.8593336858804865,0.052015058850248395,0.0,0.1863064741499767,-24.7,-21.5
2039,53.98835156362789,0.0,172.0,MIROC6,ssp370,20.091721844091982,0.0,69.0,0.35687699341372214,0.0,1.1369645690111052,0.06238696427291408,0.0,0.21425244527247322,3.1,-5.9
2040,44.79265244822304,0.0,145.0,MIROC6,ssp370,18.33726944157375,0.0,65.0,0.2960910394515008,0.0,0.9584875727128503,0.05693920025329529,0.0,0.20183201366247477,-14.5,-14.1
2041,51.224011406627795,0.0,163.0,MIROC6,ssp370,20.86921508566255,0.0,73.0,0.33860398867416575,0.0,1.077472236911687,0.0648011646814549,0.0,0.22667287688247165,-2.2,-2.2
2042,49.52662958803833,0.0,159.0,MIROC6,ssp370,20.027915786933722,0.0,70.0,0.3273838550240503,0.0,1.0510312004230566,0.06218883958060463,0.0,0.21735755317497282,-5.4,-6.2
2043,53.64479932383629,0.0,173.0,MIROC6,ssp370,20.57911209434178,0.0,72.0,0.35460602408670205,0.0,1.1435748281332627,0.063900363590566,0.0,0.22356776897997205,2.4,-3.6
2044,43.42817193230974,0.0,140.0,MIROC6,ssp370,18.297122803286385,0.0,64.0,0.28707146967417857,0.0,0.9254362771020624,0.0568145406094904,0.0,0.19872690575997515,-17.1,-14.3
2045,42.664061578058494,0.0,140.0,MIROC6,ssp370,17.003830510161162,0.0,62.0,0.28202050223465425,0.0,0.9254362771020624,0.05279872848986543,0.0,0.19251668995497592,-18.5,-20.3
2046,38.99764232294472,0.0,127.0,MIROC6,ssp370,17.035324454685163,0.0,59.0,0.2577845209078842,0.0,0.8395029085140138,0.05289652058588779,0.0,0.1832013662474771,-25.5,-20.2
2047,42.400410513842466,0.0,138.0,MIROC6,ssp370,18.17776584889671,0.0,64.0,0.28027770038235367,0.0,0.9122157588577472,0.05644392438719673,0.0,0.19872690575997515,-19.1,-14.8
2048,40.47052319232921,0.0,132.0,MIROC6,ssp370,16.396247101747427,0.0,59.0,0.26752064511058443,0.0,0.8725542041248017,0.05091211644697229,0.0,0.1832013662474771,-22.7,-23.2
2049,48.803844973064415,0.0,156.0,MIROC6,ssp370,18.73108917202048,0.0,66.0,0.32260606142956383,0.0,1.0312004230565839,0.058162053010465696,0.0,0.20493712156497437,-6.8,-12.2
2050,38.57670073947096,0.0,127.0,MIROC6,ssp370,16.397247598719574,0.0,59.0,0.2550019879658313,0.0,0.8395029085140138,0.05091522309802693,0.0,0.1832013662474771,-26.4,-23.2
2051,41.08525068103431,0.0,136.0,MIROC6,ssp370,16.37246588145258,0.0,60.0,0.2715841531004383,0.0,0.8989952406134321,0.05083827319190368,0.0,0.1863064741499767,-21.6,-23.3
2052,43.97922690574377,0.0,144.0,MIROC6,ssp370,18.205130904277176,0.0,65.0,0.2907140858391312,0.0,0.9518773135906927,0.05652889583691096,0.0,0.20183201366247477,-16.0,-14.7
2053,37.96070797657452,0.0,124.0,MIROC6,ssp370,16.026467107787376,0.0,58.0,0.25093011618571204,0.0,0.819672131147541,0.04976390966554068,0.0,0.18009625834497747,-27.5,-24.9
2054,45.163730560315834,0.0,147.0,MIROC6,ssp370,17.287511007700836,0.0,61.0,0.29854396192699517,0.0,0.9717080909571655,0.05367958704456089,0.0,0.18941158205247632,-13.8,-19.0
2055,37.524899445766586,0.0,123.0,MIROC6,ssp370,16.29931289763623,0.0,59.0,0.2480493088694248,0.0,0.8130618720253834,0.0506111252837641,0.0,0.1832013662474771,-28.4,-23.6
2056,41.83770935127548,0.0,136.0,MIROC6,ssp370,17.19480849779275,0.0,61.0,0.2765580998894466,0.0,0.8989952406134321,0.053391735748463745,0.0,0.18941158205247632,-20.1,-19.4
2057,48.20964553792763,0.0,157.0,MIROC6,ssp370,19.52281359261587,0.0,68.0,0.31867824919307,0.0,1.0378106821787414,0.06062044276545837,0.0,0.2111473373699736,-8.0,-8.5
2058,51.318538684791854,0.0,164.0,MIROC6,ssp370,21.43891672158258,0.0,75.0,0.33922883847694246,0.0,1.0840824960338444,0.06657014973321713,0.0,0.23288309268747087,-2.0,0.4
2059,52.88438520602442,0.0,169.0,MIROC6,ssp370,20.23286893580729,0.0,72.0,0.3495794897278187,0.0,1.1171337916446324,0.06282524122281412,0.0,0.22356776897997205,1.0,-5.2
2060,51.03505147785009,0.0,164.0,MIROC6,ssp370,20.748528909421875,0.0,73.0,0.3373549145812407,0.0,1.0840824960338444,0.06442642108188751,0.0,0.22667287688247165,-2.6,-2.8
2061,43.23920578655758,0.0,140.0,MIROC6,ssp370,17.61659131993269,0.0,63.0,0.2858223544854414,0.0,0.9254362771020624,0.054701416922629066,0.0,0.19562179785747555,-17.4,-17.5
2062,41.3748978465004,0.0,135.0,MIROC6,ssp370,17.64600085833444,0.0,62.0,0.27349879591816767,0.0,0.8923849814912744,0.0547927367127292,0.0,0.19251668995497592,-21.0,-17.3
2063,38.857655838874294,0.0,127.0,MIROC6,ssp370,16.774332255713464,0.0,61.0,0.25685917397457886,0.0,0.8395029085140138,0.05208611164637002,0.0,0.18941158205247632,-25.8,-21.4
2064,45.255993294937724,0.0,147.0,MIROC6,ssp370,18.02331484215231,0.0,64.0,0.29915384251016475,0.0,0.9717080909571655,0.05596433734560568,0.0,0.19872690575997515,-13.6,-15.6
2065,36.622384592216825,0.0,121.0,MIROC6,ssp370,15.569718165171974,0.0,56.0,0.2420834518258648,0.0,0.7998413537810682,0.04834565491436725,0.0,0.17388604253997825,-30.1,-27.1
2066,42.510890919045934,0.0,137.0,MIROC6,ssp370,17.33886247440884,0.0,62.0,0.2810080044886696,0.0,0.9056054997355897,0.05383903888964087,0.0,0.19251668995497592,-18.8,-18.8
2067,42.3668838157179,0.0,139.0,MIROC6,ssp370,17.76728510291562,0.0,62.0,0.2800560802202399,0.0,0.9188260179799048,0.05516933737902691,0.0,0.19251668995497592,-19.1,-16.8
2068,42.683130012549995,0.0,137.0,MIROC6,ssp370,18.60645709243938,0.0,65.0,0.28214654952769697,0.0,0.9056054997355897,0.05777505695525347,0.0,0.20183201366247477,-18.5,-12.8
2069,41.51277054551042,0.0,136.0,MIROC6,ssp370,17.603742321536963,0.0,62.0,0.2744101701844951,0.0,0.8989952406134321,0.05466151939617128,0.0,0.19251668995497592,-20.7,-17.5
2070,40.99385654616135,0.0,134.0,MIROC6,ssp370,16.909499758129268,0.0,61.0,0.27098001418668266,0.0,0.8857747223691169,0.05250582132628246,0.0,0.18941158205247632,-21.7,-20.8
2071,40.70510011830845,0.0,132.0,MIROC6,ssp370,17.29639769340811,0.0,62.0,0.2690712593753864,0.0,0.8725542041248017,0.05370718116257758,0.0,0.19251668995497592,-22.3,-19.0
2072,36.569220798647024,0.0,119.0,MIROC6,ssp370,15.904933318584025,0.0,57.0,0.24173202537445151,0.0,0.786620835536753,0.04938653413626463,0.0,0.17699115044247787,-30.2,-25.5
2073,44.02914462702154,0.0,141.0,MIROC6,ssp370,18.048806504037834,0.0,64.0,0.2910440549115649,0.0,0.93204653622422,0.05604349170637427,0.0,0.19872690575997515,-15.9,-15.4
2074,38.644011024837425,0.0,127.0,MIROC6,ssp370,17.24123106893711,0.0,62.0,0.25544692639369,0.0,0.8395029085140138,0.05353588284097845,0.0,0.19251668995497592,-26.2,-19.2
2075,51.9182338092603,0.0,165.0,MIROC6,ssp370,21.402996948767267,0.0,75.0,0.3431929786439734,0.0,1.0906927551560022,0.06645861496279232,0.0,0.23288309268747087,-0.9,0.3
2076,40.26801958121022,0.0,133.0,MIROC6,ssp370,17.948311569148363,0.0,63.0,0.26618204376791527,0.0,0.8791644632469593,0.05573144408988779,0.0,0.19562179785747555,-23.1,-15.9
2077,37.19318962324233,0.0,121.0,MIROC6,ssp370,16.54836365481924,0.0,58.0,0.2458566209891746,0.0,0.7998413537810682,0.05138445475801658,0.0,0.18009625834497747,-29.0,-22.5
2078,35.56051052589603,0.0,116.0,MIROC6,ssp370,15.701081986118487,0.0,56.0,0.23506418909238516,0.0,0.7667900581702802,0.04875355375289081,0.0,0.17388604253997825,-32.1,-26.4
2079,40.21111721548739,0.0,130.0,MIROC6,ssp370,16.963120745761803,0.0,61.0,0.2658059043858236,0.0,0.8593336858804865,0.05267232027872008,0.0,0.18941158205247632,-23.2,-20.5
2080,36.74510122620131,0.0,122.0,MIROC6,ssp370,16.19871333026658,0.0,58.0,0.24289464057510118,0.0,0.8064516129032258,0.05029875277213656,0.0,0.18009625834497747,-29.8,-24.1
2081,37.63355574396003,0.0,123.0,MIROC6,ssp370,16.238186115097903,0.0,59.0,0.2487675551557379,0.0,0.8130618720253834,0.05042132002824997,0.0,0.1832013662474771,-28.2,-23.9
2082,36.88209067252743,0.0,119.0,MIROC6,ssp370,16.311523489517693,0.0,60.0,0.24380017631231776,0.0,0.786620835536753,0.05064904048910943,0.0,0.1863064741499767,-29.6,-23.6
2083,43.231992990316755,0.0,140.0,MIROC6,ssp370,17.890019423770696,0.0,64.0,0.28577467603329426,0.0,0.9254362771020624,0.05555044068862194,0.0,0.19872690575997515,-17.5,-16.2
2084,41.088425992481326,0.0,134.0,MIROC6,ssp370,17.31265704140192,0.0,61.0,0.2716051427318967,0.0,0.8857747223691169,0.05375766819252265,0.0,0.18941158205247632,-21.6,-18.9
2085,43.01765411863688,0.0,139.0,MIROC6,ssp370,17.507324768898663,0.0,62.0,0.2843578405515394,0.0,0.9188260179799048,0.054362132491534425,0.0,0.19251668995497592,-17.9,-18.0
2086,36.628435654025814,0.0,119.0,MIROC6,ssp370,16.16828876454225,0.0,58.0,0.2421234509123864,0.0,0.786620835536753,0.050204281212675825,0.0,0.18009625834497747,-30.1,-24.3
2087,37.00563223768596,0.0,121.0,MIROC6,ssp370,15.839625892137478,0.0,58.0,0.24461681807037255,0.0,0.7998413537810682,0.04918374753031355,0.0,0.18009625834497747,-29.4,-25.8
2088,38.52596340850313,0.0,126.0,MIROC6,ssp370,17.232925617944357,0.0,61.0,0.2546666010609673,0.0,0.8328926493918561,0.05351009351946703,0.0,0.18941158205247632,-26.4,-19.3
2089,37.61918482792644,0.0,124.0,MIROC6,ssp370,16.47089899002498,0.0,59.0,0.2486725596769331,0.0,0.819672131147541,0.051143918615199443,0.0,0.1832013662474771,-28.2,-22.8
2090,39.72595695058635,0.0,131.0,MIROC6,ssp370,17.00433828484914,0.0,60.0,0.2625988693190531,0.0,0.865943945002644,0.05280030518506176,0.0,0.1863064741499767,-24.2,-20.3
2091,40.45034836747948,0.0,132.0,MIROC6,ssp370,16.747893917888906,0.0,60.0,0.26738728429058356,0.0,0.8725542041248017,0.05200401775466203,0.0,0.1863064741499767,-22.8,-21.5
2092,35.74175859193919,0.0,119.0,MIROC6,ssp370,16.264485417877264,0.0,59.0,0.23626228577432037,0.0,0.786620835536753,0.05050298220114039,0.0,0.1832013662474771,-31.8,-23.8
2093,41.267010729697994,0.0,134.0,MIROC6,ssp370,18.024152616681548,0.0,64.0,0.27278563412016127,0.0,0.8857747223691169,0.05596693872591693,0.0,0.19872690575997515,-21.2,-15.6
2094,37.30703866311312,0.0,123.0,MIROC6,ssp370,16.354887000398477,0.0,57.0,0.24660919264352935,0.0,0.8130618720253834,0.05078368886942548,0.0,0.17699115044247787,-28.8,-23.4
2095,37.11195093249401,0.0,122.0,MIROC6,ssp370,16.55276320615231,0.0,60.0,0.24531961219258336,0.0,0.8064516129032258,0.05139811583962835,0.0,0.1863064741499767,-29.1,-22.5
2096,36.67329320264816,0.0,122.0,MIROC6,ssp370,16.994421852141503,0.0,60.0,0.2424199709323649,0.0,0.8064516129032258,0.05276951359149667,0.0,0.1863064741499767,-30.0,-20.4
2097,40.25916888440557,0.0,131.0,MIROC6,ssp370,18.226032711191493,0.0,64.0,0.26612353836862485,0.0,0.865943945002644,0.056593798202737126,0.0,0.19872690575997515,-23.1,-14.6
2098,36.887849825850964,0.0,120.0,MIROC6,ssp370,17.53160320574676,0.0,62.0,0.24383824580811056,0.0,0.7932310946589106,0.05443751965765179,0.0,0.19251668995497592,-29.6,-17.9
2099,37.382110275046664,0.0,123.0,MIROC6,ssp370,16.943211618183494,0.0,62.0,0.24710543545112812,0.0,0.8130618720253834,0.0526105002893448,0.0,0.19251668995497592,-28.6,-20.6
2100,35.48148813713003,0.0,115.0,MIROC6,ssp370,17.23730987118081,0.0,61.0,0.23454183062619002,0.0,0.7601797990481227,0.053523707098838094,0.0,0.18941158205247632,-32.3,-19.2
2026,52.30268609110793,0.0,167.0,MIROC6,ssp585,20.36500139359366,0.0,70.0,0.345734307847091,0.0,1.1039132734003172,0.06323552676166327,0.0,0.21735755317497282,-0.1,-4.6
2027,50.709838905208436,0.0,162.0,MIROC6,ssp585,19.4448408526446,0.0,68.0,0.33520517520629584,0.0,1.0708619777895294,0.060378328994394034,0.0,0.2111473373699736,-3.2,-8.9
2028,51.19607761760435,0.0,165.0,MIROC6,ssp585,19.737694556366517,0.0,68.0,0.3384193390904571,0.0,1.0906927551560022,0.06128767134409724,0.0,0.2111473373699736,-2.3,-7.5
2029,41.23540475125037,0.0,135.0,MIROC6,ssp585,16.939379305624875,0.0,60.0,0.2725767104128131,0.0,0.8923849814912744,0.05259860054533419,0.0,0.1863064741499767,-21.3,-20.6
2030,44.84942432077877,0.0,145.0,MIROC6,ssp585,18.090033637267528,0.0,64.0,0.2964663162399443,0.0,0.9584875727128503,0.05617150640356319,0.0,0.19872690575997515,-14.4,-15.2
2031,59.849222836912936,1.0,190.0,MIROC6,ssp585,22.869697504844204,0.0,79.0,0.395618871211746,0.006610259122157588,1.2559492332099418,0.07101287845006739,0.0,0.24530352429746932,14.3,7.1
2032,44.927240367979756,0.0,145.0,MIROC6,ssp585,17.67082422956121,0.0,63.0,0.2969807004758048,0.0,0.9584875727128503,0.05486981595889212,0.0,0.19562179785747555,-14.2,-17.2
2033,46.68121251253199,0.0,149.0,MIROC6,ssp585,19.038915727770117,0.0,67.0,0.3085749108443416,0.0,0.9849286092014807,0.05911788768132314,0.0,0.208042229467474,-10.9,-10.8
2034,57.88251843103632,0.0,184.0,MIROC6,ssp585,22.29577381097931,0.0,77.0,0.3826184454722126,0.0,1.2162876784769963,0.06923078345281573,0.0,0.2390933084924701,10.5,4.5
2035,54.66087848205505,0.0,173.0,MIROC6,ssp585,20.849914690635227,0.0,72.0,0.3613225706111518,0.0,1.1435748281332627,0.06474123487233419,0.0,0.22356776897997205,4.4,-2.3
2036,45.880001305609035,0.0,149.0,MIROC6,ssp585,18.88310815163498,0.0,66.0,0.3032786971550042,0.0,0.9849286092014807,0.05863408834539661,0.0,0.20493712156497437,-12.4,-11.5
2037,46.41704849542187,0.0,149.0,MIROC6,ssp585,17.7064307792528,0.0,64.0,0.30682871824049357,0.0,0.9849286092014807,0.05498037813772022,0.0,0.19872690575997515,-11.4,-17.0
2038,50.55740345565276,0.0,161.0,MIROC6,ssp585,20.574309112767,0.0,72.0,0.33419753738533026,0.0,1.0642517186673717,0.06388544981452259,0.0,0.22356776897997205,-3.5,-3.6
2039,53.115719137783785,0.0,170.0,MIROC6,ssp585,19.843979645875162,0.0,67.0,0.35110866696049564,0.0,1.12374405076679,0.06161769801544841,0.0,0.208042229467474,1.4,-7.0
2040,43.39684357827223,0.0,139.0,MIROC6,ssp585,17.72686760175064,0.0,63.0,0.28686438113612,0.0,0.9188260179799048,0.05504383667676026,0.0,0.19562179785747555,-17.1,-17.0
2041,52.52874974866119,0.0,169.0,MIROC6,ssp585,21.2860477753049,0.0,75.0,0.3472286472016208,0.0,1.1171337916446324,0.06609547516008353,0.0,0.23288309268747087,0.3,-0.3
2042,46.462924424200104,0.0,151.0,MIROC6,ssp585,17.796855217665694,0.0,63.0,0.30713197001718734,0.0,0.9981491274457959,0.055261155776015196,0.0,0.19562179785747555,-11.3,-16.6
2043,45.66746499807137,0.0,148.0,MIROC6,ssp585,18.584831465375075,0.0,65.0,0.3018737770893136,0.0,0.9783183500793231,0.05770790704975958,0.0,0.20183201366247477,-12.8,-12.9
2044,45.41120282115074,0.0,147.0,MIROC6,ssp585,18.474973542619423,0.0,66.0,0.3001798176966601,0.0,0.9717080909571655,0.05736678634565882,0.0,0.20493712156497437,-13.3,-13.4
2045,43.08375827321306,0.0,142.0,MIROC6,ssp585,17.80322890646823,0.0,63.0,0.2847948061423391,0.0,0.9386567953463776,0.055280946767484025,0.0,0.19562179785747555,-17.7,-16.6
2046,38.52828739441367,0.0,127.0,MIROC6,ssp585,16.081455758207017,0.0,57.0,0.25468196321003217,0.0,0.8395029085140138,0.0499346553585065,0.0,0.17699115044247787,-26.4,-24.7
2047,48.85091022535736,0.0,157.0,MIROC6,ssp585,19.615450304191576,0.0,69.0,0.3229171749428699,0.0,1.0378106821787414,0.06090808975063368,0.0,0.21425244527247322,-6.7,-8.1
2048,50.66791641527074,0.0,163.0,MIROC6,ssp585,19.66902267584681,0.0,69.0,0.3349280566847616,0.0,1.077472236911687,0.061074437745215995,0.0,0.21425244527247322,-3.3,-7.9
2049,46.37732938835595,0.0,150.0,MIROC6,ssp585,18.99488840159301,0.0,67.0,0.30656616465068715,0.0,0.9915388683236382,0.058981178082884674,0.0,0.208042229467474,-11.5,-11.0
2050,43.43118845283949,0.0,142.0,MIROC6,ssp585,17.316959974330167,0.0,62.0,0.2870914096565276,0.0,0.9386567953463776,0.05377102926356208,0.0,0.19251668995497592,-17.1,-18.9
2051,41.939938289898734,0.0,137.0,MIROC6,ssp585,17.568117841777834,0.0,62.0,0.2772338596635294,0.0,0.9056054997355897,0.054550901542548776,0.0,0.19251668995497592,-19.9,-17.7
2052,39.468324360696215,0.0,129.0,MIROC6,ssp585,16.503379552263983,0.0,59.0,0.2608958511415667,0.0,0.8527234267583289,0.0512447742656854,0.0,0.1832013662474771,-24.6,-22.7
2053,44.695451014285936,0.0,144.0,MIROC6,ssp585,18.915620324538068,0.0,65.0,0.29544851278613127,0.0,0.9518773135906927,0.058735042150405425,0.0,0.20183201366247477,-14.7,-11.4
2054,52.79791443542588,0.0,170.0,MIROC6,ssp585,20.59888447888679,0.0,72.0,0.34900789552766975,0.0,1.12374405076679,0.06396175897806797,0.0,0.22356776897997205,0.8,-3.5
2055,42.93159616500809,0.0,139.0,MIROC6,ssp585,17.96646896742432,0.0,64.0,0.28378897517853047,0.0,0.9188260179799048,0.05578782477076329,0.0,0.19872690575997515,-18.0,-15.8
2056,41.05613937728582,0.0,134.0,MIROC6,ssp585,17.47369745649056,0.0,61.0,0.27139171983927696,0.0,0.8857747223691169,0.0542577160580362,0.0,0.18941158205247632,-21.6,-18.1
2057,36.891082902912515,0.0,122.0,MIROC6,ssp585,16.516870087582785,0.0,60.0,0.2438596172852493,0.0,0.8064516129032258,0.05128666383351276,0.0,0.1863064741499767,-29.6,-22.6
2058,50.02193941141705,0.0,160.0,MIROC6,ssp585,20.691770883404985,0.0,72.0,0.33065798130233376,0.0,1.0576414595452142,0.06425018128677219,0.0,0.22356776897997205,-4.5,-3.1
2059,37.47317956363675,0.0,122.0,MIROC6,ssp585,16.418946785028048,0.0,58.0,0.24770742704677914,0.0,0.8064516129032258,0.05098260141291119,0.0,0.18009625834497747,-28.5,-23.1
2060,43.31724265024876,0.0,142.0,MIROC6,ssp585,17.255754578057207,0.0,61.0,0.2863381983755206,0.0,0.9386567953463776,0.05358097990391929,0.0,0.18941158205247632,-17.3,-19.2
2061,42.636582831811154,0.0,137.0,MIROC6,ssp585,17.6858048711097,0.0,63.0,0.2818388606016073,0.0,0.9056054997355897,0.05491633246734885,0.0,0.19562179785747555,-18.6,-17.1
2062,40.11895238365305,0.0,130.0,MIROC6,ssp585,16.77570641530644,0.0,60.0,0.2651966709654485,0.0,0.8593336858804865,0.05209037856018146,0.0,0.1863064741499767,-23.4,-21.4
2063,49.40917165807956,0.0,157.0,MIROC6,ssp585,20.546631475348757,0.0,73.0,0.3266074276710706,0.0,1.0378106821787414,0.06379950776385268,0.0,0.22667287688247165,-5.7,-3.7
2064,38.852769998264456,0.0,127.0,MIROC6,ssp585,17.383535744850576,0.0,62.0,0.2568268773021183,0.0,0.8395029085140138,0.05397775421472,0.0,0.19251668995497592,-25.8,-18.6
2065,44.156085804447194,0.0,144.0,MIROC6,ssp585,18.60712805183411,0.0,66.0,0.2918831689876203,0.0,0.9518773135906927,0.0577771403565723,0.0,0.20493712156497437,-15.7,-12.8
2066,41.02782695485844,0.0,133.0,MIROC6,ssp585,17.251552344844107,0.0,62.0,0.271204567390656,0.0,0.8791644632469593,0.05356793151636115,0.0,0.19251668995497592,-21.7,-19.2
2067,40.546702600032745,0.0,131.0,MIROC6,ssp585,17.134980585759415,0.0,61.0,0.26802421073527727,0.0,0.865943945002644,0.05320596362601899,0.0,0.18941158205247632,-22.6,-19.7
2068,41.86724791136774,0.0,135.0,MIROC6,ssp585,17.10566937400309,0.0,61.0,0.27675335742575186,0.0,0.8923849814912744,0.05311494915076258,0.0,0.18941158205247632,-20.1,-19.9
2069,40.67046814124302,0.0,133.0,MIROC6,ssp585,18.23483529160177,0.0,65.0,0.26884233303307126,0.0,0.8791644632469593,0.05662113116473146,0.0,0.20183201366247477,-22.4,-14.6
2070,37.54815785215958,0.0,124.0,MIROC6,ssp585,16.441920176712404,0.0,58.0,0.24820305296245093,0.0,0.819672131147541,0.0510539362729775,0.0,0.18009625834497747,-28.3,-23.0
2071,41.532011616193785,0.0,134.0,MIROC6,ssp585,18.366394775064744,0.0,65.0,0.2745373586474999,0.0,0.8857747223691169,0.05702963755648112,0.0,0.20183201366247477,-20.7,-14.0
2072,43.74708730543336,0.0,142.0,MIROC6,ssp585,18.796837469972896,0.0,66.0,0.2891795829285653,0.0,0.9386567953463776,0.05836620857001365,0.0,0.20493712156497437,-16.5,-11.9
2073,38.3972393303544,0.0,126.0,MIROC6,ssp585,17.10517422882593,0.0,61.0,0.25381570154914335,0.0,0.8328926493918561,0.0531134116715601,0.0,0.18941158205247632,-26.7,-19.9
2074,38.836877386826245,0.0,128.0,MIROC6,ssp585,17.152382130484824,0.0,62.0,0.25672182302238394,0.0,0.8461131676361713,0.053259997300061555,0.0,0.19251668995497592,-25.9,-19.6
2075,34.86530089955112,0.0,116.0,MIROC6,ssp585,16.25540263198151,0.0,59.0,0.23046867331802698,0.0,0.7667900581702802,0.05047477917087878,0.0,0.1832013662474771,-33.4,-23.8
2076,34.87011665898857,0.0,116.0,MIROC6,ssp585,16.634942940725715,0.0,59.0,0.2305005067357785,0.0,0.7667900581702802,0.05165329278287755,0.0,0.1832013662474771,-33.4,-22.1
2077,36.484099130522694,0.0,119.0,MIROC6,ssp585,16.59100563056631,0.0,59.0,0.24116934909123938,0.0,0.786620835536753,0.05151686269388701,0.0,0.1832013662474771,-30.3,-22.3
2078,37.92886280770627,0.0,124.0,MIROC6,ssp585,16.507515110183828,0.0,58.0,0.25071961136770404,0.0,0.819672131147541,0.051257615619263557,0.0,0.18009625834497747,-27.6,-22.7
2079,39.35977211995775,0.0,129.0,MIROC6,ssp585,17.22923821784221,0.0,62.0,0.26017829270199466,0.0,0.8527234267583289,0.05349864374427017,0.0,0.19251668995497592,-24.9,-19.3
2080,38.29137022685183,0.0,127.0,MIROC6,ssp585,16.624509764752535,0.0,59.0,0.25311587934196084,0.0,0.8395029085140138,0.05162089664571506,0.0,0.1832013662474771,-26.9,-22.1
2081,37.971589152075,0.0,124.0,MIROC6,ssp585,16.975809041855488,0.0,60.0,0.2510020435753239,0.0,0.819672131147541,0.05271171880718984,0.0,0.1863064741499767,-27.5,-20.5
2082,33.559337184713655,0.0,112.0,MIROC6,ssp585,16.170972806122254,0.0,58.0,0.2218359147588158,0.0,0.74034902168165,0.05021261545139653,0.0,0.18009625834497747,-35.9,-24.2
2083,34.97331504122323,0.0,116.0,MIROC6,ssp585,16.835252994229432,0.0,60.0,0.23118267478333707,0.0,0.7667900581702802,0.05227527711296206,0.0,0.1863064741499767,-33.2,-21.1
2084,38.29814304035853,0.0,125.0,MIROC6,ssp585,17.4042233376215,0.0,62.0,0.25316064939422617,0.0,0.8262823902696985,0.054041991422516686,0.0,0.19251668995497592,-26.9,-18.5
2085,34.68417477427075,0.0,114.0,MIROC6,ssp585,16.448954882422722,0.0,59.0,0.22927138269613134,0.0,0.7535695399259651,0.05107577979327037,0.0,0.1832013662474771,-33.8,-22.9
2086,36.41238915468431,0.0,121.0,MIROC6,ssp585,17.203682045082676,0.0,60.0,0.240695327569304,0.0,0.7998413537810682,0.0534192890702769,0.0,0.1863064741499767,-30.5,-19.4
2087,37.22064461402942,0.0,123.0,MIROC6,ssp585,16.721417374505624,0.0,59.0,0.24603810559247366,0.0,0.8130618720253834,0.05192180523057172,0.0,0.1832013662474771,-28.9,-21.7
2088,36.21740077906949,0.0,118.0,MIROC6,ssp585,16.81275301987435,0.0,60.0,0.23940640388068146,0.0,0.7800105764145955,0.052205412264786054,0.0,0.1863064741499767,-30.9,-21.2
2089,34.19249056912244,0.0,114.0,MIROC6,ssp585,16.346601287284287,0.0,59.0,0.22602122269382893,0.0,0.7535695399259651,0.05075796083615677,0.0,0.1832013662474771,-34.7,-23.4
2090,34.976035055836235,0.0,116.0,MIROC6,ssp585,16.24139652028056,0.0,58.0,0.23120065478474508,0.0,0.7667900581702802,0.050431288682752866,0.0,0.18009625834497747,-33.2,-23.9
2091,35.98090391849828,0.0,120.0,MIROC6,ssp585,16.744062325627024,0.0,61.0,0.23784309835072898,0.0,0.7932310946589106,0.0519921202472505,0.0,0.18941158205247632,-31.3,-21.6
2092,36.033317588101895,0.0,118.0,MIROC6,ssp585,16.99340032590614,0.0,61.0,0.23818956628835203,0.0,0.7800105764145955,0.05276634164231064,0.0,0.18941158205247632,-31.2,-20.4
2093,36.12440239017977,0.0,118.0,MIROC6,ssp585,16.7265648994897,0.0,59.0,0.2387916604321772,0.0,0.7800105764145955,0.05193778885107809,0.0,0.1832013662474771,-31.0,-21.6
2094,33.767596913816114,0.0,112.0,MIROC6,ssp585,16.04834925146141,0.0,58.0,0.2232125655328934,0.0,0.74034902168165,0.049831856082786556,0.0,0.18009625834497747,-35.5,-24.8
2095,35.291750752478876,0.0,116.0,MIROC6,ssp585,16.818533680105592,0.0,60.0,0.23328761734848544,0.0,0.7667900581702802,0.05222336183855175,0.0,0.1863064741499767,-32.6,-21.2
2096,35.30564873276821,0.0,117.0,MIROC6,ssp585,16.167952710849107,0.0,58.0,0.23337948659947258,0.0,0.7734003172924379,0.050203237729697585,0.0,0.18009625834497747,-32.6,-24.3
2097,40.990477468839245,0.0,133.0,MIROC6,ssp585,18.36996499292734,0.0,65.0,0.27095767760998973,0.0,0.8791644632469593,0.057040723468179906,0.0,0.20183201366247477,-21.7,-13.9
2098,36.69601178852305,0.0,121.0,MIROC6,ssp585,16.753829446985,0.0,60.0,0.24257014667188692,0.0,0.7998413537810682,0.052022448212963826,0.0,0.1863064741499767,-29.9,-21.5
2099,34.31105515235327,0.0,114.0,MIROC6,ssp585,16.73945806905974,0.0,59.0,0.22680496531169533,0.0,0.7535695399259651,0.05197782353379829,0.0,0.1832013662474771,-34.5,-21.6
2100,28.144681226685307,0.0,93.0,MIROC6,ssp585,15.126559802857946,0.0,54.0,0.18604363581891398,0.0,0.6147540983606558,0.046969600381487175,0.0,0.16767582673497902,-46.3,-29.1
